# PlantSim plant model
mtllib plant_cherry_lod2.mtl
g branches
v 1.014027 4.493210 -0.391823
v 1.009786 4.400154 -0.372741
v -0.147109 0.319451 -0.145948
v 1.131757 4.402267 -0.373261
v 1.152016 4.484127 -0.398132
v 1.271507 4.498464 -0.388543
v 1.328929 4.512109 -0.375421
v -0.082430 3.769492 -0.047777
v 1.022926 4.619841 -0.397044
v 1.140236 4.629556 -0.405480
v 1.246418 4.615934 -0.385866
v 1.041886 4.748394 -0.387430
v 1.142389 4.747067 -0.382470
v 1.022166 4.338540 -0.341527
v 0.896141 4.373361 -0.311947
v 1.031796 4.269583 -0.279982
v 1.157084 4.340941 -0.310942
v 1.254741 4.373378 -0.299328
v 0.885950 4.500376 -0.314465
v 0.959409 4.432591 -0.369381
v -0.667073 4.241907 -0.188503
v 1.230318 4.421581 -0.368881
v 1.313816 4.447273 -0.355758
v 1.341574 4.414834 -0.285167
v 1.372980 4.486090 -0.303028
v 0.945087 4.514599 -0.367649
v 0.899992 4.608853 -0.295123
v 0.957711 4.611552 -0.366904
v 1.355938 4.615566 -0.299450
v 1.293142 4.660460 -0.336328
v 0.974507 4.754065 -0.340754
v 0.941722 4.727253 -0.285609
v 1.227676 4.684298 -0.370198
v 1.266207 4.736718 -0.291625
v 1.181238 4.784152 -0.333947
v 1.035919 4.824008 -0.288367
v 1.133748 4.832562 -0.285189
v 0.903338 4.264796 -0.277778
v 1.120510 4.291825 -0.267271
v 1.207250 4.807683 -0.269228
v -0.051452 0.425765 -0.222598
v -0.059720 0.525446 -0.222304
v -0.056296 1.372237 -0.225728
v -0.057019 1.264301 -0.218560
v 0.065416 1.262945 -0.215211
v 0.054161 1.378810 -0.227833
v -0.043526 3.162914 -0.227707
v 0.812804 4.251564 -0.248407
v 0.766242 4.136528 -0.220338
v 0.893485 4.130738 -0.217478
v 0.921288 4.198414 -0.251025
v 0.963159 4.198393 -0.245139
v 1.011400 4.145421 -0.185159
v -0.877556 4.507336 0.306230
v 1.041348 4.218492 -0.227437
v 0.809969 4.358948 -0.251438
v 1.213629 4.318164 -0.242439
v -1.096849 4.420322 -0.242461
v -1.144921 4.373487 -0.222088
v -1.068874 4.410326 -0.241861
v -1.023619 4.380102 -0.228838
v 1.294747 4.351299 -0.224067
v -1.013592 4.497437 -0.214212
v 0.831074 4.482658 -0.248623
v 0.756747 4.389393 -0.212593
v 1.379623 4.381303 -0.168761
v -0.215539 3.910796 -0.134631
v -1.151765 4.502506 -0.201261
v 0.774513 4.500815 -0.210249
v 0.442328 3.876671 -0.143668
v 1.422282 4.514058 -0.174712
v 1.400829 4.621754 -0.176204
v 0.862842 4.623989 -0.232966
v 0.892444 4.745224 -0.196083
v 1.352846 4.705546 -0.172969
v 1.292585 4.769230 -0.184355
v 1.023668 4.821178 -0.176501
v 1.141884 4.836794 -0.179649
v -0.054979 -0.063858 -0.197436
v 0.067053 -0.061876 -0.195563
v -0.067257 0.055849 -0.203315
v 0.067421 0.065573 -0.203036
v -0.065623 0.181386 -0.185404
v 0.067511 0.184885 -0.186742
v -0.068158 0.295642 -0.186647
v 0.077174 0.293922 -0.183415
v -0.165107 0.410036 -0.157099
v 0.071826 0.413402 -0.214405
v 0.163241 0.419335 -0.160361
v 0.161580 0.544003 -0.164871
v -0.161053 0.539938 -0.166294
v 0.070548 0.549433 -0.219159
v -0.065615 0.658830 -0.193742
v 0.067601 0.661705 -0.193934
v -0.067689 0.771791 -0.191914
v 0.075665 0.779416 -0.190441
v -0.065852 0.893186 -0.218475
v -0.164743 0.903603 -0.160030
v 0.069697 0.885753 -0.216250
v 0.159308 0.898301 -0.163984
v -0.065395 1.017192 -0.212969
v 0.071386 1.020989 -0.211325
v 0.163723 1.024292 -0.152040
v -0.153695 1.030381 -0.160307
v -0.063081 1.145721 -0.196972
v 0.067126 1.139879 -0.195627
v -0.161506 1.253392 -0.156620
v 0.161574 1.263669 -0.159094
v -0.168166 4.626901 -0.056218
v 0.161780 1.383413 -0.169032
v -0.168597 1.375621 -0.164700
v -0.073201 1.493394 -0.200744
v -0.155592 1.495612 -0.147200
v 0.073218 1.497494 -0.201204
v -0.056580 1.619530 -0.205701
v 0.071533 1.618918 -0.200192
v -0.146892 1.628706 -0.156126
v -0.066389 1.736256 -0.216059
v -0.162588 1.728995 -0.158903
v 0.078569 1.741739 -0.212037
v 0.162936 1.735759 -0.157611
v -0.066028 1.855579 -0.201085
v -0.155526 1.843770 -0.148106
v 0.069798 1.863292 -0.198668
v 0.069477 1.975784 -0.192745
v -0.072941 1.973462 -0.188867
v -0.058921 2.102316 -0.213142
v -0.159312 2.098035 -0.154351
v -0.143954 2.006065 -0.152302
v 0.071379 2.099607 -0.209370
v -0.075916 2.226215 -0.193546
v 0.075223 2.225382 -0.195604
v -0.068765 2.339541 -0.184235
v 0.071208 2.344440 -0.184819
v -0.059346 2.467870 -0.195274
v 0.065812 2.460718 -0.195035
v -0.060115 2.572395 -0.179343
v 0.065148 2.572598 -0.178807
v -0.067680 2.696964 -0.171539
v 0.062647 2.705738 -0.175817
v -0.055749 2.810582 -0.192151
v 0.071081 2.812815 -0.188646
v -0.067798 2.930774 -0.190309
v 0.066737 2.938924 -0.193565
v -0.060116 3.061978 -0.215758
v 0.081164 3.062290 -0.209262
v -0.161372 3.052906 -0.155613
v 0.166039 3.065306 -0.155752
v -0.176947 3.189763 -0.161840
v 0.069569 3.195703 -0.217126
v -0.877765 4.725655 0.416978
v 0.175947 3.177693 -0.169680
v -0.068448 3.297177 -0.202732
v 0.060495 3.303747 -0.193074
v 0.183478 3.305741 -0.180424
v -0.183189 3.310364 -0.172265
v 0.180014 3.415889 -0.186708
v 0.281819 3.415891 -0.178691
v -0.175145 3.424723 -0.187088
v 0.186507 1.974633 -0.082877
v -0.047024 3.423666 -0.179637
v -0.175678 3.527949 -0.187423
v -0.305439 3.660377 -0.189174
v -0.313408 3.548909 -0.160424
v -0.171821 3.657136 -0.186835
v 0.415143 3.663960 -0.187249
v -0.289459 3.773308 -0.182758
v -0.181217 3.775525 -0.157869
v 0.553928 3.900532 -0.180137
v 0.540187 3.784704 -0.176558
v 0.655007 3.899219 -0.176934
v -0.423012 3.899564 -0.180794
v -1.215122 4.490978 -0.159659
v -0.314681 3.909683 -0.183628
v -0.406292 4.024097 -0.204128
v -1.252756 4.258576 0.065756
v -0.544866 4.015936 -0.176064
v -0.558620 3.900520 0.057276
v -0.292100 4.013458 -0.164458
v 0.395712 3.905715 0.068013
v 0.663904 4.022301 -0.185156
v 0.057113 3.879905 0.101874
v 0.788481 4.014267 -0.181762
v 0.124160 3.845575 0.118900
v 0.890587 4.032837 -0.158998
v -0.533561 4.146828 -0.212856
v -0.423873 4.140542 -0.216262
v -0.314313 4.138844 -0.170558
v 0.651047 4.154993 -0.173957
v -0.660282 4.125299 -0.174088
v -0.521373 4.957306 -0.060681
v 1.125559 4.168669 -0.145382
v -0.540528 4.273370 -0.188806
v -0.424506 4.263590 -0.194223
v 0.657399 4.248443 -0.162333
v 1.010955 4.045024 0.047848
v 0.741691 4.267667 -0.218210
v 0.921317 3.992384 0.079987
v 1.148874 4.241664 -0.195931
v -1.146009 4.260018 -0.169506
v -0.751371 4.059611 0.025994
v -1.015483 4.241547 -0.176503
v -0.898681 4.263452 -0.192063
v 0.189260 2.454499 0.073825
v -0.791165 4.271732 -0.184552
v 0.502130 4.049460 0.065561
v 1.259432 4.262039 -0.174893
v -1.244550 4.379681 -0.149148
v -0.899565 4.379397 -0.205606
v -0.788379 4.383435 -0.169402
v 0.677533 4.373545 -0.164294
v -0.898524 4.505017 -0.162084
v -0.424786 4.518353 -0.187909
v -0.291327 4.507076 -0.159045
v 0.666688 4.503842 -0.159082
v -1.135644 4.585133 -0.152492
v -1.019159 4.594571 -0.152649
v -0.412543 4.618482 -0.205179
v -0.296343 4.612100 -0.190788
v 0.780615 4.624687 -0.213179
v 0.656074 4.611632 -0.175091
v -0.517730 4.627867 -0.162410
v -0.425771 4.733545 -0.188547
v -0.296622 4.746131 -0.179227
v 0.670829 4.735114 -0.180826
v 0.766365 4.747930 -0.195485
v 1.241345 4.809484 -0.164499
v -0.051859 -0.148357 -0.148974
v 0.058001 -0.146830 -0.146861
v -0.148793 -0.056237 -0.145703
v 0.141677 -0.062434 -0.151257
v 0.151003 1.853885 0.149303
v -0.156605 0.060503 -0.148203
v 0.152273 0.054529 -0.152207
v 0.140526 0.184726 -0.140062
v -0.150756 0.168063 -0.133569
v 0.162400 0.318700 -0.129311
v -0.153062 0.644062 -0.143619
v 0.149464 0.650871 -0.144737
v 0.148648 0.785532 -0.145214
v -0.151191 0.795294 -0.145034
v -0.149391 1.143683 -0.144473
v 0.141213 1.139814 -0.150224
v 0.156253 1.487148 -0.150027
v 0.155440 1.628947 -0.147812
v 0.153513 1.842802 -0.150819
v 0.141409 1.968201 -0.145892
v 0.164172 2.095034 -0.149048
v -0.155149 2.205296 -0.147498
v 0.149188 2.221262 -0.148143
v -0.144318 2.341472 -0.139215
v 0.134312 2.337925 -0.146169
v -0.142894 2.455736 -0.149997
v -0.184407 3.283299 0.185488
v 0.144878 2.466931 -0.145770
v -0.133932 2.591209 -0.132098
v 0.133078 2.586013 -0.134615
v -0.134479 2.693378 -0.128475
v 0.136122 2.714800 -0.133535
v -0.137697 2.829830 -0.150922
v 0.144332 2.840317 -0.143313
v -0.135857 2.952342 -0.155084
v 0.142344 2.949526 -0.147330
v 0.294129 3.307692 -0.144815
v -0.252436 3.325838 -0.130622
v 0.051064 3.429538 -0.158984
v -0.272521 3.420327 -0.141978
v 0.374000 3.431132 -0.140703
v -0.065352 3.538875 -0.150928
v 0.046592 3.499660 -0.129371
v 0.185732 3.544380 -0.146209
v 0.294151 3.536758 -0.175956
v 0.425327 3.538219 -0.156931
v 0.511840 3.569738 -0.135741
v -0.376900 3.566797 -0.124975
v -0.089053 3.653302 -0.141625
v 0.553840 3.666747 -0.143655
v -0.396019 3.687511 -0.141924
v 0.232335 3.612596 -0.135373
v 0.287930 3.675526 -0.150378
v -0.419017 3.778610 -0.144400
v 0.188962 1.139614 0.077342
v -0.112296 3.721741 -0.140929
v 0.330496 3.761581 -0.140049
v 0.412656 3.777354 -0.162876
v 0.645510 3.783850 -0.147167
v -0.511585 3.902824 -0.135700
v 0.756575 3.898560 -0.138104
v 0.479474 3.966912 -0.135631
v 0.337998 3.850106 0.031661
v 0.548903 4.022306 -0.145508
v -0.635620 4.038412 -0.134003
v 0.919128 3.985082 -0.068574
v 0.584528 4.107362 -0.133635
v 0.972530 4.060260 -0.132097
v -0.770793 4.162511 -0.152319
v 0.960135 4.931296 0.129490
v -1.005023 4.184266 -0.125923
v -0.892272 4.182259 -0.141347
v -0.319024 4.264024 -0.149444
v 1.209527 4.187854 -0.137790
v 1.354213 4.274213 -0.135280
v -1.217362 4.282183 -0.150634
v -0.673284 4.356055 -0.147910
v -0.543964 4.379906 -0.147701
v -0.411275 4.387819 -0.175144
v -0.311478 4.381736 -0.141548
v -0.517326 4.498466 -0.145272
v -0.823838 4.475083 -0.139369
v -1.240077 4.497015 -0.079074
v -0.951100 4.576192 -0.140784
v -0.217499 4.615388 -0.139064
v 0.598476 4.646460 -0.133421
v -0.522396 4.736938 -0.153747
v -0.207500 4.733232 -0.145147
v 0.585305 4.763501 -0.136003
v -0.510985 4.855431 -0.141379
v -0.202326 4.849562 -0.140044
v 0.658377 4.870969 -0.146411
v -0.420269 4.866701 -0.149034
v -0.298046 4.875236 -0.144162
v 0.597529 4.822082 -0.141583
v 0.786291 4.870103 -0.158951
v 0.902683 4.868634 -0.147712
v -0.060711 -0.193798 -0.072266
v 0.077064 -0.188304 -0.071916
v -0.144048 -0.147901 -0.065420
v 0.146094 -0.148729 -0.052389
v 0.187086 -0.071474 -0.076656
v -0.196454 -0.060501 -0.052356
v -0.206312 0.057391 -0.054410
v 0.198730 0.061761 -0.081044
v 0.186089 0.177729 -0.072498
v -0.182940 0.187521 -0.073741
v -0.194601 0.308393 -0.058848
v 0.185586 0.295254 -0.076150
v -0.218702 0.416689 -0.068041
v -0.420371 4.864249 0.527566
v 0.788263 4.020032 0.185713
v 0.224746 0.431616 -0.046867
v -0.219603 0.536328 -0.076746
v 0.225718 0.548261 -0.045614
v -0.197278 0.657170 -0.057620
v 0.191732 0.667382 -0.071267
v -0.198356 0.788640 -0.056271
v 0.187284 0.777718 -0.083258
v -0.220306 0.891303 -0.061847
v 0.226099 0.914565 -0.046531
v -0.213391 1.028179 -0.062612
v 0.216694 1.014925 -0.057370
v -0.189796 1.135136 -0.078729
v 0.191388 1.136391 -0.078279
v -0.217011 1.251157 -0.056776
v 0.217030 1.263610 -0.061892
v -0.310613 4.977874 0.195078
v -0.221317 1.382563 -0.080623
v 0.271270 4.977949 0.186879
v -0.195281 0.786270 0.064701
v 0.229046 1.387737 -0.044817
v -0.207054 1.492329 -0.056755
v 0.197064 1.499417 -0.081767
v -0.205523 1.624472 -0.056880
v 0.199332 1.610615 -0.072351
v -0.217841 1.742098 -0.062900
v 0.218183 1.733569 -0.065408
v -0.204393 1.854899 -0.057274
v 0.198134 1.862055 -0.074309
v -0.190804 1.977621 -0.069943
v -0.214896 2.095474 -0.052471
v 0.211788 2.108023 -0.066382
v -0.200357 2.216689 -0.060875
v 0.192212 2.233279 -0.079998
v -0.182138 2.339799 -0.079918
v 0.182447 2.343240 -0.079889
v 0.584629 4.526410 -0.044049
v -0.189319 2.462240 -0.077809
v 0.192806 2.457504 -0.073088
v -0.174675 2.578130 -0.075777
v 0.179295 2.580821 -0.059446
v -0.172297 2.695593 -0.071952
v 0.178263 2.699040 -0.054541
v 1.485473 4.500228 -0.064388
v -0.182916 2.815858 -0.084458
v 0.186402 2.806849 -0.078560
v -0.189416 2.941478 -0.075767
v 0.187817 2.940693 -0.079520
v 0.222425 3.074105 -0.067654
v -0.219159 3.065890 -0.063001
v -0.225782 3.171190 -0.097678
v 0.233593 3.169062 -0.111998
v 0.279511 3.196925 -0.054102
v -0.252778 3.207874 -0.043277
v 0.330100 3.272697 -0.071359
v -0.284132 3.307019 -0.057646
v 0.379481 3.331283 -0.058076
v -0.322165 3.413037 -0.070661
v 0.432278 3.421728 -0.057634
v -0.345322 3.480412 -0.090929
v 0.060882 3.559690 -0.069849
v 0.467491 3.498094 -0.113043
v 0.542803 3.541545 -0.055260
v -0.399832 3.547624 -0.060895
v -0.009539 3.569347 -0.093552
v 0.150168 3.573344 -0.094630
v -0.037769 3.667898 -0.062894
v -0.438769 3.662936 -0.068307
v 0.196580 3.653492 -0.054877
v -0.439501 4.730598 0.822646
v 0.587204 3.625910 -0.082344
v 0.240548 3.692691 -0.099477
v 0.639228 3.682719 -0.054800
v -0.464750 3.750886 -0.085441
v 0.292630 3.785917 -0.066451
v 0.691395 3.747919 -0.071183
v -0.504845 3.795543 -0.046686
v -0.136363 3.808551 -0.103949
v 0.746705 3.804899 -0.052554
v -0.549271 3.898018 -0.075394
v -0.163710 3.903102 -0.055490
v 0.380418 3.839026 -0.113276
v 1.405564 4.244683 -0.088114
v 0.395597 3.906769 -0.067284
v 0.800962 3.886085 -0.064015
v 0.874937 3.942724 -0.055053
v -0.661914 4.015922 -0.069701
v -0.597154 3.973682 -0.100856
v -1.136485 4.627715 -0.063238
v -0.212812 4.024836 -0.061345
v 1.415092 4.642601 -0.075953
v 0.450002 3.998094 -0.055550
v -1.209160 4.565179 -0.049800
v -0.245228 4.037006 -0.118516
v 1.463464 4.588866 -0.041857
v 0.504982 4.053278 -0.069069
v 1.011648 4.047202 -0.060817
v -0.785416 4.099452 -0.079787
v -0.252861 4.133932 -0.098564
v 0.554424 4.135654 -0.071520
v 1.055466 4.082351 -0.086928
v -0.893171 4.132304 -0.063654
v 1.134340 4.119313 -0.069631
v -1.141645 4.174767 -0.072236
v -1.015474 4.156978 -0.068648
v 1.257417 4.160172 -0.063696
v -1.250030 4.247496 -0.074324
v -0.262326 4.256780 -0.077368
v 0.607906 4.269291 -0.103127
v 1.355153 4.184705 -0.047759
v 1.491124 4.270534 -0.047776
v -1.278323 4.378004 -0.063214
v 0.160721 4.958884 0.073311
v -0.259765 4.377577 -0.080146
v 0.611176 4.374812 -0.094936
v 0.540912 4.745728 -0.064960
v 1.496320 4.382376 -0.069860
v -0.660922 4.421336 -0.065364
v 0.334341 4.490229 0.382486
v -0.582013 4.423592 -0.099111
v -0.784016 4.493652 -0.057563
v -0.058785 2.095575 0.211990
v 0.615567 4.475559 -0.106180
v -0.573552 4.508455 -0.066315
v -0.211094 4.503839 -0.052900
v -0.862942 4.537627 -0.105118
v -0.911058 4.600738 -0.053685
v 0.303530 4.743037 0.405100
v -0.579862 4.618339 -0.078254
v 0.567065 4.621202 -0.067872
v -1.009006 4.647192 -0.067800
v -0.580764 4.734815 -0.085439
v -0.149368 4.725239 -0.085977
v 1.351958 4.707693 -0.044399
v 1.039880 4.753508 -0.058040
v 1.263090 4.765553 -0.054480
v -0.578035 4.886065 -0.070877
v -0.149221 4.879935 -0.103172
v -0.106802 4.862706 -0.048742
v 0.549611 4.873208 -0.062424
v 1.008759 4.864757 -0.047176
v -0.064018 2.936618 0.189993
v 1.145201 4.808421 -0.091391
v 1.219122 4.808182 -0.095792
v -0.417236 4.972066 -0.071199
v -0.298942 4.964468 -0.076212
v -0.188563 4.958577 -0.050396
v 0.667588 4.958149 -0.067227
v 0.777958 4.980704 -0.067582
v 0.533525 4.860074 0.051013
v 0.813115 4.947336 -0.121199
v 0.883608 4.937338 -0.127530
v 0.907599 4.977836 -0.068958
v -0.064243 4.743846 0.048760
v 0.978983 4.948863 -0.042332
v -0.366285 3.472451 -0.026475
v 0.482682 3.463501 -0.031071
v 0.017989 3.621125 -0.023743
v 0.224127 3.722421 -0.026858
v 0.342842 3.858034 -0.019459
v -0.740895 4.055223 -0.033470
v -0.232514 4.138882 -0.038851
v -1.215873 4.188600 -0.049705
v 0.578039 4.239339 -0.039514
v 0.590468 4.384748 -0.039657
v -0.651486 4.448914 -0.027145
v 1.128753 4.746780 -0.031831
v -0.608683 4.780375 -0.021717
v -0.109245 4.757445 -0.033441
v -0.612692 4.844862 -0.025122
v 0.588099 4.940676 -0.050231
v -0.145347 -0.150616 0.059839
v -0.074817 -0.189230 0.060378
v 0.070999 -0.194442 0.053118
v 0.151135 -0.145012 0.051007
v -0.195461 -0.064319 0.052862
v 0.193997 -0.066350 0.059113
v -0.208272 0.040681 0.051804
v 0.204257 0.056729 0.061615
v -0.184615 0.179915 0.064903
v 0.185392 0.173170 0.066394
v -0.192412 0.301614 0.058077
v 0.187245 0.298484 0.068900
v -0.217442 0.417064 0.063563
v 0.219330 0.416322 0.058251
v -0.221593 0.542936 0.062443
v 0.224841 0.532011 0.055852
v -0.196274 0.655102 0.057636
v 0.191542 0.664777 0.064871
v 0.193065 0.781675 0.067711
v -0.219239 0.898255 0.062773
v 0.222376 0.904906 0.050445
v -0.215351 1.024827 0.051875
v 0.213568 1.021212 0.059603
v -0.197210 1.141340 0.055181
v -0.215810 1.256592 0.059475
v 0.219591 1.261035 0.051617
v -0.224189 1.381035 0.064338
v 0.226982 1.380666 0.057816
v -0.208728 1.486392 0.056624
v 0.201007 1.502019 0.062088
v -0.205380 1.628294 0.057751
v 0.200778 1.613489 0.065478
v -0.217570 1.741266 0.059192
v 0.218191 1.732951 0.056805
v -0.204592 1.854839 0.054382
v 0.200150 1.858543 0.061202
v -0.195711 1.984221 0.057967
v 0.190675 1.973503 0.068805
v -0.214004 2.099220 0.054808
v 0.212874 2.105080 0.055867
v -0.196907 2.222180 0.067845
v -0.048959 3.874390 0.089802
v 0.194055 2.233756 0.067082
v -0.183114 2.330161 0.067704
v 0.184421 2.328939 0.064179
v -0.196195 2.456330 0.055019
v -0.174493 2.586647 0.065288
v 0.178747 2.579146 0.057067
v -0.172362 2.695348 0.059180
v 0.175476 2.696422 0.056531
v -0.192227 2.813416 0.056058
v 0.188750 2.819038 0.067606
v -0.196192 2.937832 0.049222
v 0.192910 2.943386 0.062264
v -0.215449 3.065058 0.068089
v 0.219939 3.060187 0.060793
v 0.244303 3.105145 -0.009416
v -0.251121 3.186653 0.036055
v 0.279959 3.198020 0.044973
v -0.280438 3.301080 0.062572
v -0.323704 3.407167 0.057134
v 0.389537 3.340708 0.045671
v 0.421206 3.414299 0.072600
v -0.398866 3.541153 0.054087
v 0.481185 3.463912 0.038031
v 0.534479 3.541380 0.074883
v -0.437555 3.648310 0.057188
v 0.059170 3.670580 0.021023
v 0.175717 3.671590 0.057691
v 0.636194 3.682480 0.058037
v -0.507076 3.801438 0.049540
v 0.164633 3.767626 0.072825
v -0.053634 3.804174 0.030911
v 0.742322 3.803128 0.060638
v -1.174791 4.206645 0.108995
v -0.158681 3.901829 0.059861
v 0.295720 3.790139 0.065670
v 0.796823 3.883048 0.065242
v 0.867275 3.942307 0.062803
v -0.663759 4.012303 0.063689
v -0.618600 3.959741 -0.002854
v -0.212984 4.014241 0.068449
v 0.447567 3.999098 0.046881
v -0.793662 4.099730 0.074580
v -1.178046 4.520930 0.092898
v -0.230417 4.129550 0.026626
v -1.020037 4.157346 0.059672
v -0.906597 4.135182 0.060114
v 1.524678 4.518512 0.060047
v 0.557695 4.150587 0.058564
v 1.146509 4.122351 0.060539
v -1.216946 4.187654 0.047866
v -0.215307 4.508585 0.070414
v -1.143192 4.172248 0.054306
v 1.266079 4.157373 0.061671
v 1.398717 4.184453 0.053799
v -0.260951 4.257987 0.068882
v 0.580532 4.250250 0.040137
v 1.510913 4.251912 0.063792
v -1.262023 4.381216 0.052867
v -0.261937 4.373785 0.077529
v 0.590773 4.388660 0.031334
v 0.537304 4.740243 0.056674
v 1.551687 4.387852 0.056590
v -0.235490 4.419549 0.025913
v -0.253031 4.158723 0.091786
v -1.223626 4.493473 0.042793
v -0.781991 4.498441 0.063979
v -0.660324 4.502748 0.070308
v 1.453997 4.199770 0.067741
v 0.586198 4.509095 0.041149
v -1.135142 4.609770 0.062001
v -0.916105 4.598991 0.064820
v -0.597088 4.619756 0.043313
v -0.167318 4.615569 0.070697
v 0.567684 4.610224 0.057686
v -0.148721 -0.059664 0.147141
v 1.479257 4.591828 0.069154
v 1.049588 4.650856 -0.000827
v 1.012482 4.616062 0.043575
v 1.147570 4.612931 0.051950
v 1.391616 4.649914 0.063849
v -1.020808 4.645287 0.062535
v -0.589782 4.723670 0.070809
v -1.195915 4.431684 0.117460
v -0.129566 4.688167 0.021252
v 1.165910 4.704275 0.011297
v 1.344713 4.691690 0.008564
v 0.670972 4.952425 0.170845
v -0.605645 4.768140 0.030946
v 0.999211 4.739607 0.061463
v 1.267546 4.706483 0.024367
v -0.611879 4.840477 0.024301
v -0.065899 4.866083 0.045187
v 1.011309 4.854811 0.052689
v -0.168936 4.980958 0.063539
v 0.982309 4.934289 0.069214
v -0.532899 4.961472 0.064715
v 0.581721 4.933064 0.065715
v 0.659223 4.977072 0.056565
v 0.909727 4.994146 0.056195
v -0.412156 5.010013 0.056812
v -0.290192 5.008937 0.054774
v 0.774388 5.001446 0.061257
v 0.241972 3.106999 0.037728
v 0.332109 3.278023 0.076381
v -0.366109 3.473833 0.040357
v 0.584066 3.619472 0.081143
v -0.464878 3.747607 0.081334
v 0.061014 3.787968 0.053744
v 0.685231 3.756843 0.094392
v 1.019502 4.497567 0.069699
v 1.112136 4.521753 0.092836
v -0.861074 4.539386 0.089129
v -0.423138 4.487919 0.295704
v 1.243817 4.646224 0.080824
v -0.579568 4.887906 0.084799
v -0.152418 0.308912 0.137193
v -0.148917 0.769643 0.141891
v 0.149924 1.503306 0.151140
v -0.147225 2.341890 0.134896
v 0.139217 2.951730 0.149689
v -0.226241 3.169843 0.102063
v 0.227601 3.152441 0.109919
v -0.351842 3.497711 0.100783
v 0.459708 3.491199 0.111675
v 0.243815 3.702113 0.102762
v 1.066556 4.097254 0.093628
v 0.604611 4.276803 0.095690
v -0.284698 4.504008 0.427921
v 1.345804 4.195012 0.121859
v 0.609988 4.375213 0.093874
v 0.607861 4.498427 0.100676
v 0.954832 4.433115 0.112143
v 0.056076 4.733632 0.064934
v 1.010481 4.427822 0.109698
v 0.946962 4.501745 0.107561
v -0.618845 4.582035 0.098689
v 0.956825 4.581039 0.110819
v -0.053422 4.627579 0.092168
v 0.066569 4.625793 0.098984
v 1.497325 4.500212 0.173163
v 0.579476 4.661461 0.120763
v 1.262935 4.590830 0.145424
v 0.127016 4.663099 0.107135
v 0.159608 4.753540 0.097742
v 0.053353 4.856552 0.060463
v 0.188796 4.865080 0.081016
v 0.250038 4.890721 0.107409
v -0.060886 4.968096 0.090673
v 0.060782 4.978720 0.086608
v 0.248081 4.967207 0.115515
v 0.888715 4.963562 0.173655
v -0.051735 -0.145325 0.148462
v 0.061847 -0.155125 0.141025
v -0.062628 -0.061071 0.195160
v 0.125373 -0.124179 0.129127
v 0.141694 -0.055563 0.152880
v 0.071806 4.757336 0.466134
v -0.155834 0.049814 0.150397
v 0.152563 0.059680 0.151616
v -0.145080 0.176685 0.138934
v 0.134145 0.179577 0.148343
v 0.065918 0.176303 0.185772
v 0.138304 0.312823 0.151708
v 0.062596 0.302226 0.191972
v -0.154481 0.416995 0.169952
v 0.167698 0.427906 0.158298
v -0.158220 0.535004 0.169382
v 0.163452 0.532948 0.164886
v -0.150554 0.636628 0.148514
v 0.154426 0.647756 0.141442
v 0.141143 0.779620 0.150042
v 0.074436 0.656366 0.191243
v -0.153400 0.892795 0.169300
v 0.164019 0.903262 0.161985
v -0.156040 1.021417 0.160892
v 0.162006 1.019801 0.154705
v -0.156092 1.150544 0.138965
v -0.455820 4.815588 0.461425
v 0.138997 1.150345 0.153832
v -0.152739 1.261309 0.168590
v 0.166871 1.271095 0.156746
v -0.161114 1.380460 0.170023
v 0.165273 1.382171 0.166929
v -0.154546 1.491537 0.150437
v 0.301787 3.415183 0.171708
v -0.155422 1.620788 0.147955
v 0.154062 1.635707 0.150267
v -0.153900 1.740038 0.166218
v 0.161183 1.745714 0.160532
v -0.161792 1.846253 0.142917
v -0.149115 1.969365 0.141926
v 0.139744 1.977249 0.148940
v -0.154418 2.100459 0.159962
v 0.157803 2.092424 0.156547
v -0.156714 2.217081 0.143541
v -0.058765 4.251387 0.645362
v 0.152192 2.201083 0.150237
v 0.134528 2.337596 0.147778
v 0.059882 2.349398 0.187997
v -0.151626 2.463701 0.142380
v -0.044709 4.484136 0.689751
v 0.136684 2.451596 0.155073
v -0.134674 2.581646 0.134702
v 0.133686 2.572593 0.139266
v 0.076048 2.575291 0.173062
v -0.062866 2.570956 0.177203
v -0.062001 2.701326 0.176039
v 0.135374 2.710090 0.134770
v 0.073703 2.697680 0.170641
v -0.136039 2.722198 0.136782
v -0.147939 2.813546 0.141216
v 0.135777 2.801875 0.151408
v -0.153486 2.937057 0.136678
v -0.150229 3.060828 0.168564
v 0.162134 3.072603 0.161304
v -0.181841 3.189817 0.164398
v 0.177362 3.183590 0.175539
v 0.242677 3.214469 0.126763
v 0.287101 3.302788 0.146786
v 0.185134 3.305025 0.203219
v -0.258155 3.346453 0.135827
v -0.272623 3.429056 0.147453
v 0.376585 3.443834 0.141035
v -0.309250 3.542118 0.161510
v 0.416958 3.538499 0.161854
v 0.505851 3.573104 0.140655
v -0.378008 3.588181 0.135017
v 0.204092 3.658042 0.158282
v 0.204405 3.549419 0.194842
v 0.287746 3.659064 0.157825
v -0.391510 3.658605 0.142494
v 0.539022 3.663589 0.151743
v -0.420635 3.779149 0.148654
v 0.185541 3.779708 0.177473
v 0.320519 3.740289 0.145332
v 0.651388 3.786578 0.147654
v 0.560420 3.762971 0.169032
v 0.423008 3.787767 0.163163
v -0.414217 3.891732 0.176960
v 0.146993 3.888435 0.178625
v 0.376838 3.831155 0.119241
v 0.451059 3.895834 0.142807
v 0.753614 3.920901 0.149228
v -0.505351 3.919385 0.150109
v -0.178018 3.902307 0.173372
v -0.078078 3.934961 0.144239
v 0.083187 3.924935 0.139185
v 0.658478 3.890771 0.175545
v 0.529949 3.901543 0.173631
v -0.631098 4.040759 0.141899
v -0.539186 4.013561 0.179572
v -0.288947 4.022104 0.161502
v -1.002261 4.191060 0.130925
v -0.058140 4.015757 0.159783
v 1.019279 4.141475 0.156386
v 0.057393 4.017864 0.161171
v 0.552469 4.019404 0.149472
v 0.892791 4.024923 0.148331
v -0.667224 4.131265 0.187763
v -0.310438 4.133245 0.168194
v 0.653224 4.144175 0.174713
v -0.783913 4.161250 0.151423
v 0.583016 4.137452 0.121284
v 0.133529 4.011068 0.205025
v 1.136877 4.174721 0.142424
v 0.202172 4.137986 0.420786
v -1.141877 4.260150 0.143109
v -0.897341 4.177642 0.137799
v 0.658492 4.253087 0.156311
v 1.255364 4.187391 0.130904
v -0.067090 4.383636 0.211826
v -1.019050 4.250170 0.166871
v -0.894162 4.258623 0.183541
v -1.202022 4.357231 0.131275
v -0.319732 4.258496 0.165558
v 1.257317 4.260016 0.186706
v 1.374972 4.267141 0.184894
v 1.477363 4.275896 0.158568
v -1.138447 4.378386 0.157613
v -0.331528 4.373001 0.168516
v 0.657062 4.378592 0.146340
v -0.297600 4.743662 0.893556
v 1.494459 4.376462 0.187066
v 0.907563 4.378457 0.159757
v 0.067353 4.249357 0.221180
v 1.039854 4.382265 0.157443
v -0.179079 4.620620 0.176206
v -1.118228 4.484949 0.147902
v -0.303420 4.493432 0.161288
v 0.660611 4.504661 0.155527
v 0.903007 4.507247 0.150052
v 0.159846 4.627810 0.172015
v 1.150979 4.485250 0.155731
v -0.893699 4.500633 0.152857
v -0.800938 4.494645 0.170923
v -0.097923 4.583870 0.139839
v -1.018228 4.524711 0.161397
v -1.040013 4.581387 0.136835
v -0.060060 4.504276 0.167531
v 0.967471 4.655395 0.121111
v 0.067046 4.509988 0.165870
v 1.257006 4.510692 0.198225
v -0.139083 4.517829 0.219461
v -1.117582 4.570530 0.122957
v -0.900066 4.579448 0.179671
v -0.763731 4.618560 0.189450
v -0.658630 4.634859 0.151084
v -0.294371 4.611098 0.191104
v 0.092273 4.583652 0.135666
v 0.661268 4.619305 0.187674
v 0.892573 4.614259 0.188328
v 1.460216 4.580904 0.160591
v 1.378097 4.594151 0.175250
v -0.548854 4.675434 0.176375
v -0.526023 4.727115 0.178916
v 0.210762 4.737047 0.170069
v 0.582177 4.743640 0.150614
v -0.121694 3.326493 0.248049
v 0.974960 4.748049 0.135541
v 0.930968 4.724066 0.193129
v -0.524346 4.864246 0.157969
v 0.271644 4.861960 0.171304
v 0.576437 4.846248 0.141292
v 0.971832 4.854961 0.150815
v 0.623570 4.886884 0.190355
v -0.504414 4.935541 0.144475
v 0.932384 4.866714 0.207606
v -0.421465 4.963842 0.171722
v -0.198889 5.030013 0.166046
v -0.057101 5.035852 0.125310
v 0.059453 5.074329 0.179021
v 0.170955 5.053169 0.187102
v 0.212061 5.029106 0.142077
v 0.773898 4.981988 0.188460
v -0.168931 5.067506 0.195532
v -0.058260 5.088164 0.180199
v 0.058479 -0.065976 0.196219
v -0.061177 0.070261 0.204322
v 0.066403 0.053612 0.205281
v 0.399836 4.960124 0.540288
v -0.061957 0.176266 0.186673
v -0.060418 0.302797 0.191734
v -0.066460 0.414962 0.216721
v 0.072352 0.417523 0.215914
v 0.073963 0.542114 0.219683
v -0.070978 0.545659 0.218279
v -0.056070 0.664994 0.195925
v -0.307911 4.882825 0.513667
v 0.050646 0.784337 0.200769
v -0.059533 0.790527 0.197922
v -0.063075 0.893192 0.220145
v 0.078152 0.897357 0.214693
v -0.059878 1.017248 0.215061
v 0.069231 1.024699 0.211697
v -0.062650 1.138452 0.195583
v 0.061382 1.138484 0.198709
v -0.064559 1.259016 0.215421
v 0.071519 1.261888 0.214243
v 0.075897 1.384663 0.221953
v -0.071599 1.392132 0.221018
v -0.064219 1.497445 0.202647
v 0.059185 1.500043 0.206288
v -0.065514 1.615723 0.200480
v 0.073532 1.619945 0.199616
v -0.061041 1.737627 0.217966
v 0.076638 1.740641 0.213440
v -0.060683 1.862269 0.200993
v 0.062536 1.865005 0.200660
v -0.062658 1.986744 0.194458
v 0.056520 1.991972 0.199155
v 0.067406 2.096556 0.210958
v -0.062674 2.225118 0.198439
v 0.061469 2.223640 0.199446
v -0.060785 2.341737 0.186926
v -0.057563 2.459042 0.195007
v 0.055204 2.470315 0.196773
v -0.048194 2.827125 0.195096
v 0.049542 2.830524 0.195687
v 0.055660 2.934994 0.192803
v -0.053065 3.055601 0.218091
v 0.070700 3.048964 0.212002
v -0.197751 3.410963 0.209879
v 0.193818 3.415929 0.218954
v -0.207716 3.527842 0.212487
v 0.300781 3.541985 0.176835
v -0.287662 3.661258 0.195001
v 0.427102 3.668752 0.185564
v -0.299721 3.782953 0.183718
v -0.224477 3.779696 0.203669
v -0.301885 3.897897 0.178813
v -0.417429 4.021565 0.202868
v -0.144067 4.031711 0.222617
v 0.669656 4.031166 0.190104
v -0.547958 4.104226 0.224322
v -0.060490 4.134749 0.200110
v 0.060502 4.136913 0.197907
v 0.895320 4.134270 0.191281
v 0.781671 4.140522 0.208690
v -0.773555 4.254558 0.198555
v 0.893471 4.255085 0.188837
v 1.145133 4.269894 0.189164
v -0.713803 4.224952 0.217114
v 0.790121 4.250174 0.195325
v 0.065393 4.390703 0.208037
v 1.019892 4.262505 0.186070
v -0.070236 4.259466 0.222234
v -1.008476 4.387456 0.188523
v -0.901183 4.365674 0.202045
v -0.809440 4.389482 0.207531
v 0.773074 4.387480 0.183589
v 1.156691 4.390094 0.197546
v -0.374321 4.381250 0.215108
v -0.391214 4.518479 0.216171
v 0.779746 4.511945 0.193775
v 0.137374 4.526855 0.214250
v 0.784160 4.608016 0.223289
v -0.644528 4.699724 0.213739
v -0.287806 4.717447 0.218604
v 0.633711 4.738894 0.209265
v -0.420172 4.736527 0.217694
v -0.230851 4.702148 0.218499
v 0.249707 4.790258 0.209456
v -0.430796 4.872058 0.216467
v -0.074719 3.176587 0.230289
v 0.085531 3.167810 0.225728
v -0.025754 3.220004 0.246510
v 0.021599 3.224007 0.247514
v -0.052013 3.304765 0.265647
v 0.068928 3.300887 0.258727
v -0.113735 3.286765 0.237430
v -0.136890 3.427368 0.261667
v 0.132818 3.406703 0.258779
v -0.146869 3.556555 0.282825
v 0.147587 3.551655 0.280937
v -0.170302 3.658516 0.312195
v -0.222973 3.658156 0.230300
v 0.175618 3.657850 0.298343
v -0.187533 3.781027 0.288159
v 0.182156 3.785727 0.305305
v -0.178181 3.899004 0.304070
v 0.178319 3.905527 0.299193
v -0.180220 4.020553 0.300231
v 0.179737 4.017238 0.296232
v -0.402699 4.132267 0.222883
v 0.126120 4.130352 0.232595
v 0.174752 4.134809 0.302532
v -0.523419 4.164347 0.261593
v -0.451632 4.159060 0.246818
v -0.173898 4.140440 0.301117
v -0.622843 4.184916 0.255529
v -0.670107 4.259974 0.300677
v -0.432216 4.252417 0.276724
v -0.371419 4.275225 0.221557
v -0.169524 4.252330 0.295634
v 0.178777 4.258493 0.302126
v -0.734144 4.299201 0.266353
v 0.118908 4.305294 0.245653
v -0.791204 4.372617 0.297635
v -0.426257 4.372260 0.298959
v -0.170240 4.378019 0.298824
v 0.119448 4.344491 0.243885
v 1.262968 4.393297 0.224178
v 1.389194 4.372638 0.227550
v 0.184619 4.369848 0.299382
v 0.188073 4.502854 0.300319
v 1.367108 4.437953 0.240416
v -0.177323 4.500572 0.292280
v 1.383541 4.506772 0.231153
v -0.398737 4.626302 0.220849
v -0.450540 4.620090 0.290558
v -0.198808 4.626598 0.299739
v 0.199128 4.611486 0.295693
v -0.807974 4.659832 0.253745
v -0.536892 4.741710 0.295288
v 0.218358 4.732649 0.304917
v 0.777834 4.747402 0.289346
v 0.783138 4.669694 0.251749
v 0.840261 4.678355 0.247379
v -0.774909 4.731154 0.310074
v -0.675868 4.756334 0.285396
v -0.258037 4.769777 0.258110
v 0.683203 4.752061 0.259266
v 0.867828 4.756514 0.269499
v -0.286994 4.864380 0.280914
v 0.267451 4.857050 0.273465
v 0.686146 4.867289 0.272178
v 0.877846 4.861824 0.275016
v -0.358391 4.872457 0.239577
v -0.265033 4.972119 0.288820
v 0.266932 4.962930 0.266025
v 0.690740 4.924352 0.248821
v 0.846174 4.934820 0.263138
v 0.782874 4.943178 0.258889
v -0.188172 5.077390 0.308050
v 0.064063 5.082239 0.301523
v 0.149125 5.056558 0.279466
v -0.068587 5.112945 0.295758
v -0.060858 3.415244 0.298645
v 0.057040 3.414546 0.301382
v -0.069878 3.532291 0.335902
v 0.075311 3.529981 0.331328
v -0.535852 4.250052 0.325226
v -0.845679 4.435216 0.328706
v -0.890821 4.623588 0.313159
v -0.219244 4.743578 0.318986
v 0.244056 4.790184 0.278243
v 0.774583 4.870531 0.306708
v -0.233831 5.026175 0.323563
v 0.189459 5.000218 0.322262
v -0.774047 4.380513 0.423146
v 0.251013 4.391454 0.356320
v 0.262107 4.505117 0.352924
v -0.938937 4.628459 0.412935
v -0.422819 4.628130 0.431451
v -0.863793 4.701522 0.334441
v -0.467295 4.702623 0.343601
v -0.769743 4.779352 0.410792
v -0.494708 4.780928 0.370688
v -0.651392 4.816462 0.348749
v -0.566987 4.814646 0.346460
v -0.212958 4.855012 0.421540
v 0.220267 4.869029 0.342015
v 0.113136 5.023915 0.352044
v 0.005358 5.087294 0.361246
v -0.028677 3.575259 0.375044
v 0.051188 3.578471 0.372779
v -0.062300 3.653973 0.406641
v 0.066804 3.655765 0.406682
v 0.135773 3.679847 0.374386
v -0.131170 3.700526 0.385100
v -0.149680 3.779680 0.374875
v 0.141322 3.798739 0.388666
v 0.070749 3.780209 0.433364
v -0.156104 3.910815 0.407782
v 0.148216 3.913329 0.419851
v -0.172966 4.025554 0.435018
v 0.173271 4.016686 0.426958
v -0.201686 4.142679 0.422935
v -0.221558 4.257391 0.416075
v 0.231595 4.243268 0.409755
v -0.647063 4.302368 0.381947
v -0.573184 4.300992 0.380056
v 0.260586 4.287651 0.429748
v -0.674097 4.338719 0.429286
v -0.523980 4.374333 0.429602
v -0.225096 4.375052 0.382171
v 0.307335 4.384662 0.415253
v -0.461912 4.410028 0.397566
v -0.840810 4.425465 0.400605
v -0.451392 4.502498 0.425611
v -0.222793 4.501171 0.366498
v -0.259379 4.393657 0.442357
v -0.902212 4.496123 0.416137
v 0.408026 4.502103 0.430405
v -0.224054 4.623924 0.365575
v -0.298715 4.614817 0.412879
v 0.262211 4.587727 0.356536
v 0.306079 4.640349 0.371794
v 0.411935 4.617810 0.402773
v -0.423894 4.739587 0.427718
v -0.293689 4.735181 0.421591
v -0.221739 4.750595 0.385970
v 0.234336 4.679649 0.370236
v 0.429827 4.735477 0.436971
v 0.187587 4.771231 0.421336
v -0.663703 4.837084 0.423590
v -0.537196 4.835318 0.411035
v 0.182476 4.854775 0.408454
v -0.179955 4.983255 0.417676
v 0.140547 4.960721 0.372422
v 0.058509 4.980234 0.404819
v -0.151814 5.068479 0.383882
v -0.056225 5.076738 0.390499
v -0.064254 3.778866 0.434204
v -0.080407 3.869716 0.459683
v 0.073821 3.867199 0.463336
v -0.072187 4.858196 0.769549
v 0.365005 4.433406 0.439000
v 0.393696 4.855729 0.456208
v -0.283206 4.820076 0.461006
v 0.069877 4.859627 0.440793
v 0.299354 4.867657 0.449714
v -0.055447 4.977888 0.447352
v -0.044524 3.922708 0.501055
v 0.054063 3.914510 0.495903
v 0.471413 4.908403 0.682872
v -0.132154 4.001553 0.490304
v 0.065660 4.026420 0.542440
v 0.137635 4.043112 0.505514
v -0.159060 4.135714 0.538437
v 0.167915 4.148314 0.537672
v -0.198650 4.257669 0.548513
v 0.214878 4.235453 0.552301
v 0.266196 4.285799 0.524231
v -0.272990 4.390320 0.541785
v 0.323741 4.352181 0.548907
v -0.752806 4.417510 0.530085
v -0.650476 4.393725 0.529738
v -0.561595 4.405176 0.508020
v -0.805113 4.471554 0.560843
v 0.403440 4.420288 0.545764
v 0.452677 4.469613 0.533720
v -0.885517 4.515781 0.519198
v -0.525866 4.486301 0.555531
v -0.328052 4.484416 0.521945
v -0.391434 4.529042 0.535929
v 0.504919 4.528862 0.554021
v -0.899258 4.627810 0.535309
v -0.432313 4.580746 0.531187
v 0.484880 4.622612 0.460766
v 0.550819 4.621860 0.541059
v -0.873774 4.709725 0.503134
v 0.069255 4.700926 0.529568
v 0.048500 4.648747 0.547860
v 0.548689 4.743923 0.530519
v 0.142504 4.759663 0.526071
v -0.780547 4.737257 0.540434
v -0.020746 4.770364 0.536366
v -0.722292 4.808175 0.479408
v -0.085211 4.863366 0.527201
v -0.052261 4.875648 0.471410
v 0.192869 4.857499 0.532823
v 0.456041 4.891247 0.518865
v 0.516643 4.839350 0.554918
v -0.636482 4.828946 0.521842
v -0.550570 4.846640 0.543329
v -0.169195 4.893144 0.507669
v 0.280236 4.927864 0.479956
v 0.290927 4.973955 0.549419
v -0.068091 4.030210 0.543346
v -0.682287 4.766118 0.570731
v -0.287236 4.946827 0.570136
v -0.190647 4.947148 0.551399
v 0.227203 4.936172 0.548449
v -0.075320 4.109007 0.592991
v 0.080134 4.102382 0.587735
v -0.187263 4.377531 0.655218
v 0.381096 4.422414 0.645426
v -0.318905 4.492731 0.666208
v -0.381714 4.539966 0.645823
v -0.824485 4.636844 0.595254
v -0.526687 4.612587 0.654254
v -0.488371 4.573273 0.573514
v -0.432955 4.591464 0.670836
v 0.619903 4.702608 0.642375
v -0.015803 4.737345 0.650526
v -0.636898 4.717491 0.630043
v -0.562797 4.761477 0.652391
v 0.137803 4.739598 0.656620
v 0.595384 4.775343 0.654677
v -0.519653 4.845950 0.663943
v -0.042975 4.870328 0.653513
v -0.390246 4.860803 0.858259
v 0.536576 4.852841 0.652657
v 0.188165 4.857094 0.663861
v -0.454749 4.904074 0.648462
v -0.380768 4.920170 0.585051
v -0.108123 4.945393 0.580457
v 0.410292 4.953926 0.657158
v -0.301033 4.981491 0.662512
v -0.168209 4.995995 0.649023
v -0.048596 4.159207 0.623919
v 0.050854 4.157049 0.622959
v 0.134522 4.198460 0.607686
v 0.061694 4.244735 0.648335
v 0.167374 4.280472 0.632110
v -0.141963 4.288483 0.627619
v 0.292897 4.382044 0.655662
v -0.264112 4.417370 0.634687
v -0.659382 4.490584 0.649777
v -0.649695 4.437086 0.615645
v 0.431904 4.468217 0.665999
v -0.765951 4.516438 0.636882
v -0.568612 4.503484 0.632647
v 0.513586 4.529693 0.662652
v -0.772420 4.620639 0.632252
v 0.065531 4.604541 0.639336
v 0.575492 4.592824 0.672780
v 0.616855 4.663110 0.656146
v -0.721612 4.690490 0.620747
v -0.669895 4.623840 0.663655
v 0.110934 4.684885 0.633205
v -0.398012 4.937114 0.655813
v -0.086303 4.959224 0.660541
v 0.219573 4.927361 0.652953
v 0.292580 4.967614 0.658853
v -0.064889 4.377401 0.672634
v 0.053868 4.380482 0.669579
v 0.172173 4.387465 0.681750
v 0.075625 4.503223 0.674847
v -0.198524 4.456112 0.707106
v -0.024088 4.614276 0.692250
v 0.168750 4.471984 0.708858
v -0.176755 4.513367 0.748017
v -0.093859 4.531920 0.733297
v 0.202664 4.514464 0.745269
v 0.304437 4.513350 0.770463
v 0.412156 4.517217 0.752452
v -0.293780 4.529145 0.739449
v -0.410625 4.639243 0.775267
v 0.130964 4.621189 0.708919
v 0.189975 4.621516 0.773161
v 0.536188 4.621356 0.777654
v -0.084664 4.626838 0.761393
v -0.493886 4.676163 0.730882
v -0.071987 4.742527 0.772523
v 0.190032 4.747397 0.770726
v 0.600865 4.686190 0.726000
v -0.509842 4.747707 0.747372
v 0.559062 4.748760 0.783198
v -0.497736 4.825474 0.756956
v 0.223771 4.846458 0.774747
v 0.516336 4.833608 0.771655
v -0.443672 4.877894 0.787046
v -0.407787 4.931491 0.749367
v -0.101830 4.941037 0.760724
v 0.277701 4.880118 0.793859
v 0.316982 4.934264 0.739736
v 0.397414 4.928601 0.742179
v 0.434881 4.883986 0.784458
v -0.303501 4.968434 0.782783
v -0.181718 4.970747 0.781815
v -0.293572 4.602626 0.804112
v -0.173252 4.609317 0.800930
v 0.441114 4.592209 0.814452
v 0.278457 4.605875 0.821635
v 0.406704 4.644848 0.862209
v -0.291579 4.664264 0.853573
v -0.230431 4.657847 0.843298
v -0.141664 4.697021 0.823378
v 0.291044 4.657821 0.859181
v -0.395644 4.733818 0.863866
v -0.191492 4.745927 0.869084
v 0.507490 4.723730 0.842537
v -0.175648 4.858520 0.865963
v -0.123956 4.903867 0.817166
v 0.314371 4.834165 0.868885
v 0.400340 4.836522 0.866650
v 0.293675 4.747308 0.883934
v 0.434608 4.731295 0.880637
v -0.312225 4.871720 0.888572
v -0.277964 4.931360 0.857016
v -0.230708 4.936143 0.851142
vn -0.113397 -0.110453 -0.987391
vn -0.150058 -0.359152 -0.921136
vn -0.661759 -0.105018 -0.742324
vn 0.096082 -0.480063 -0.871956
vn 0.050860 -0.123767 -0.991007
vn 0.405701 0.035621 -0.913312
vn 0.647069 0.047451 -0.760954
vn 0.758835 0.514099 -0.399840
vn -0.285692 0.072801 -0.955552
vn 0.031385 0.042706 -0.998595
vn 0.339334 0.128843 -0.931800
vn -0.146124 0.475991 -0.867226
vn 0.249664 0.464209 -0.849810
vn -0.043341 -0.550186 -0.833917
vn -0.519700 -0.201634 -0.830214
vn 0.192966 -0.640653 -0.743187
vn 0.254173 -0.694155 -0.673457
vn 0.351093 -0.724506 -0.593148
vn -0.724194 0.046903 -0.687999
vn -0.489064 -0.156134 -0.858160
vn -0.116432 0.061294 -0.991306
vn 0.193929 -0.520098 -0.831799
vn 0.486397 -0.552933 -0.676522
vn 0.602278 -0.657208 -0.453143
vn 0.870730 -0.102064 -0.481054
vn -0.492593 0.003178 -0.870254
vn -0.702854 0.240149 -0.669571
vn -0.687916 0.198113 -0.698228
vn 0.788698 0.296139 -0.538755
vn 0.601437 0.427882 -0.674678
vn -0.640762 0.400451 -0.655029
vn -0.740077 0.559856 -0.372622
vn 0.497480 0.481504 -0.721573
vn 0.650847 0.579757 -0.490184
vn 0.446114 0.657328 -0.607373
vn -0.363961 0.901745 -0.233213
vn 0.082938 0.892063 -0.444236
vn -0.219640 -0.370884 -0.902332
vn 0.304075 -0.710151 -0.635000
vn 0.482824 0.834454 -0.265645
vn -0.264896 -0.149230 -0.952660
vn -0.194507 0.077222 -0.977857
vn -0.258076 0.056795 -0.964454
vn -0.243801 -0.114948 -0.962989
vn 0.221207 -0.114750 -0.968452
vn 0.248932 0.049483 -0.967256
vn -0.166399 0.081042 -0.982723
vn -0.238600 -0.181557 -0.953995
vn -0.179215 -0.162485 -0.970299
vn 0.083488 -0.415681 -0.905670
vn 0.038984 -0.412287 -0.910220
vn 0.169604 -0.531404 -0.829966
vn 0.370521 -0.627619 -0.684696
vn -0.871960 -0.419857 -0.251806
vn 0.365899 -0.602077 -0.709662
vn -0.495532 -0.011261 -0.868517
vn 0.286148 -0.719652 -0.632629
vn -0.182759 0.253985 -0.949785
vn -0.395988 -0.206507 -0.894734
vn 0.137835 -0.083334 -0.986943
vn 0.071525 -0.255326 -0.964206
vn 0.561907 -0.661006 -0.497325
vn 0.175769 0.357786 -0.917112
vn -0.639275 0.075680 -0.765245
vn -0.511642 0.079317 -0.855530
vn 0.671130 -0.398961 -0.624831
vn 0.586648 0.258273 -0.767554
vn -0.383262 0.398314 -0.833340
vn -0.463624 -0.003356 -0.886026
vn -0.476780 0.291944 -0.829126
vn 0.877597 -0.019862 -0.478988
vn 0.866978 0.398844 -0.298786
vn -0.438944 0.511962 -0.738392
vn -0.256782 0.416830 -0.871961
vn 0.753497 0.634232 -0.173183
vn 0.685285 0.718856 -0.116748
vn -0.080729 0.981338 -0.174522
vn 0.056055 0.996145 0.067474
vn -0.137483 -0.256241 -0.956786
vn 0.285116 -0.218056 -0.933360
vn -0.284618 0.021430 -0.958401
vn 0.145964 0.041675 -0.988412
vn -0.230139 0.064494 -0.971018
vn 0.281013 0.086254 -0.955820
vn -0.133145 -0.162235 -0.977728
vn 0.279924 -0.108961 -0.953819
vn -0.703475 -0.107825 -0.702493
vn 0.226822 -0.125754 -0.965783
vn 0.708614 -0.118844 -0.695516
vn 0.731026 0.077555 -0.677927
vn -0.636773 0.094846 -0.765196
vn 0.243731 0.083807 -0.966215
vn -0.269797 0.132457 -0.953763
vn 0.181494 0.130329 -0.974718
vn -0.227067 -0.099140 -0.968820
vn 0.319325 -0.097266 -0.942640
vn -0.180366 -0.053406 -0.982149
vn -0.712857 -0.058941 -0.698828
vn 0.185596 -0.112560 -0.976158
vn 0.703725 -0.066155 -0.707386
vn -0.226529 0.087326 -0.970082
vn 0.276101 0.077001 -0.958039
vn 0.768433 0.078804 -0.635060
vn -0.694479 0.098189 -0.712782
vn -0.263736 -0.038112 -0.963842
vn 0.227161 -0.004025 -0.973849
vn -0.690362 -0.111638 -0.714799
vn 0.677506 -0.116392 -0.726249
vn 0.896554 -0.311031 -0.315358
vn 0.714632 0.035501 -0.698600
vn -0.658059 0.045299 -0.751603
vn -0.224176 0.050040 -0.973263
vn -0.730516 0.095823 -0.676139
vn 0.217352 0.127867 -0.967682
vn -0.194166 -0.072238 -0.978305
vn 0.286573 -0.045599 -0.956973
vn -0.676682 -0.037498 -0.735319
vn -0.216650 0.044083 -0.975254
vn -0.709944 -0.043715 -0.702900
vn 0.205674 -0.011332 -0.978555
vn 0.715231 0.000656 -0.698888
vn -0.182464 0.093352 -0.978771
vn -0.712296 0.078005 -0.697531
vn 0.268100 0.098302 -0.958363
vn 0.222266 -0.029156 -0.974550
vn -0.215957 -0.049358 -0.975154
vn -0.206319 0.001623 -0.978484
vn -0.742557 -0.007123 -0.669745
vn -0.660294 -0.048977 -0.749408
vn 0.204971 -0.058177 -0.977038
vn -0.255116 0.101145 -0.961606
vn 0.254911 0.104949 -0.961252
vn -0.207030 -0.022248 -0.978082
vn 0.133294 0.028934 -0.990654
vn -0.220925 0.069390 -0.972819
vn 0.218324 -0.005304 -0.975862
vn -0.169789 0.073750 -0.982717
vn 0.230175 0.101179 -0.967875
vn -0.316786 -0.058473 -0.946693
vn 0.174064 -0.044568 -0.983725
vn -0.122364 -0.077412 -0.989462
vn 0.295877 -0.082316 -0.951673
vn -0.283170 -0.091031 -0.954740
vn 0.181626 -0.086811 -0.979528
vn -0.183419 -0.114875 -0.976300
vn 0.311903 -0.110108 -0.943712
vn -0.685313 -0.139643 -0.714735
vn 0.726870 -0.169373 -0.665563
vn -0.607672 -0.059875 -0.791928
vn 0.189451 0.018147 -0.981722
vn -0.649311 0.758645 -0.053403
vn 0.527555 -0.176072 -0.831074
vn -0.131177 0.082727 -0.987901
vn 0.045050 0.184405 -0.981817
vn 0.224426 -0.056584 -0.972847
vn -0.551630 -0.196914 -0.810512
vn -0.073961 0.151928 -0.985621
vn 0.232138 -0.132648 -0.963596
vn -0.180171 0.002581 -0.983632
vn 0.974185 -0.040420 -0.222102
vn 0.150049 0.209459 -0.966236
vn -0.024498 -0.036496 -0.999034
vn -0.201971 -0.053168 -0.977947
vn -0.476660 -0.287876 -0.830616
vn 0.235887 0.109282 -0.965616
vn 0.002326 -0.074563 -0.997214
vn -0.006531 0.034825 -0.999372
vn 0.434980 0.301861 -0.848335
vn -0.209779 0.102273 -0.972385
vn 0.054439 -0.052127 -0.997156
vn 0.172030 -0.190124 -0.966570
vn -0.225797 -0.217918 -0.949488
vn -0.766429 0.350629 -0.538188
vn 0.235531 0.008935 -0.971826
vn 0.092089 -0.075001 -0.992922
vn -0.889993 -0.228695 0.394475
vn -0.345426 -0.345396 -0.872572
vn -0.753380 -0.560784 0.343423
vn 0.556985 0.126681 -0.820804
vn -0.741075 0.586629 0.326609
vn -0.171620 -0.015689 -0.985038
vn 0.179637 0.558410 -0.809882
vn 0.278679 -0.449382 -0.848760
vn 0.513772 0.545380 -0.662268
vn 0.330210 -0.630744 -0.702227
vn -0.117934 -0.023179 -0.992751
vn 0.096608 -0.025989 -0.994983
vn 0.496722 0.092886 -0.862925
vn -0.536460 0.113853 -0.836211
vn -0.363107 -0.401982 -0.840574
vn -0.367071 0.759300 -0.537329
vn 0.296326 -0.705968 -0.643272
vn -0.079219 0.261034 -0.962074
vn 0.183438 0.161790 -0.969626
vn -0.647261 0.111782 -0.754028
vn 0.509639 -0.842660 0.173760
vn -0.483669 0.034297 -0.874579
vn 0.596907 -0.744143 0.299920
vn 0.308005 -0.649496 -0.695189
vn -0.245139 -0.570324 -0.783988
vn -0.606198 -0.794698 0.031302
vn -0.067198 -0.478333 -0.875604
vn 0.074172 -0.220506 -0.972561
vn 0.970618 0.032587 0.238411
vn 0.028358 -0.072163 -0.996990
vn -0.771925 0.560824 0.299348
vn 0.372786 -0.621207 -0.689298
vn -0.762449 -0.032560 -0.646228
vn 0.216950 0.022126 -0.975932
vn 0.327875 0.316408 -0.890160
vn -0.642131 0.041891 -0.765449
vn 0.409498 0.486011 -0.772078
vn -0.092215 -0.154543 -0.983673
vn 0.515394 -0.227168 -0.826296
vn -0.618147 -0.037206 -0.785182
vn -0.483621 0.674254 -0.558115
vn 0.100118 0.709427 -0.697632
vn -0.127388 -0.003523 -0.991847
vn 0.248475 -0.051150 -0.967287
vn -0.292404 0.154888 -0.943668
vn -0.512225 -0.102920 -0.852662
vn -0.600867 -0.039872 -0.798354
vn -0.109473 0.164686 -0.980252
vn 0.190280 0.149616 -0.970262
vn -0.294562 0.131239 -0.946578
vn -0.125473 0.168109 -0.977751
vn 0.458708 0.888468 0.014529
vn -0.314518 -0.648864 -0.692859
vn 0.239847 -0.680536 -0.692347
vn -0.650178 -0.286183 -0.703824
vn 0.647949 -0.371611 -0.664882
vn 0.703132 0.099241 0.704099
vn -0.732193 0.028451 -0.680503
vn 0.670070 0.015072 -0.742145
vn 0.694059 0.040929 -0.718753
vn -0.743476 0.046303 -0.667158
vn 0.774668 -0.119081 -0.621055
vn -0.741488 0.086255 -0.665399
vn 0.695083 0.062365 -0.716219
vn 0.689554 -0.083399 -0.719416
vn -0.722812 -0.075959 -0.686858
vn -0.681669 -0.011781 -0.731566
vn 0.704430 -0.007516 -0.709734
vn 0.657996 0.065708 -0.750149
vn 0.732998 -0.029816 -0.679577
vn 0.692888 0.100174 -0.714052
vn 0.688897 0.000897 -0.724858
vn 0.705421 -0.021505 -0.708463
vn -0.729708 0.087112 -0.678188
vn 0.717783 0.090195 -0.690400
vn -0.724921 0.033370 -0.688023
vn 0.634866 0.019804 -0.772369
vn -0.640710 0.031605 -0.767132
vn -0.671186 -0.226584 0.705811
vn 0.717730 0.055823 -0.694080
vn -0.673501 0.084670 -0.734321
vn 0.717178 0.049238 -0.695148
vn -0.715983 -0.082035 -0.693281
vn 0.706647 -0.087647 -0.702117
vn -0.606035 -0.076803 -0.791722
vn 0.688642 -0.043755 -0.723780
vn -0.720259 -0.070210 -0.690144
vn 0.646814 -0.121759 -0.752865
vn 0.563550 -0.347288 -0.749535
vn -0.686080 -0.387822 -0.615539
vn -0.037040 0.311918 -0.949387
vn -0.551968 -0.208102 -0.807481
vn 0.590248 -0.373534 -0.715597
vn 0.436999 0.259028 -0.861357
vn 0.075429 0.537295 -0.840015
vn -0.311812 0.396333 -0.863535
vn -0.020743 0.143521 -0.989430
vn 0.230907 -0.204271 -0.951292
vn 0.598030 -0.429061 -0.676954
vn -0.708081 -0.339386 -0.619225
vn 0.654995 0.207871 -0.726479
vn 0.472755 -0.331483 -0.816469
vn -0.607520 -0.152302 -0.779566
vn -0.677072 0.510778 -0.529791
vn -0.342995 0.206986 -0.916249
vn -0.541596 -0.297188 -0.786354
vn 0.964528 -0.047541 0.259666
vn 0.647156 0.380896 -0.660384
vn -0.534831 0.462943 -0.706852
vn -0.243362 0.259396 -0.934606
vn 0.466416 -0.412275 -0.782615
vn -0.617699 -0.419188 -0.665379
vn 0.563882 -0.451782 -0.691325
vn -0.538249 0.384411 -0.750011
vn -0.753384 0.649750 0.101185
vn -0.513021 0.328361 -0.793088
vn -0.551864 -0.571432 -0.607381
vn 0.511283 -0.813147 -0.278176
vn -0.699902 0.414000 -0.582015
vn 0.509749 -0.678222 -0.529311
vn -0.203985 -0.429365 -0.879793
vn 0.738296 0.461630 0.491748
vn -0.198579 -0.771271 -0.604738
vn -0.117887 -0.664109 -0.738283
vn 0.572408 0.106997 -0.812958
vn 0.345760 -0.694997 -0.630420
vn 0.390723 -0.517272 -0.761423
vn -0.600918 -0.374734 -0.706026
vn 0.083238 0.513490 -0.854049
vn -0.305130 0.323783 -0.895578
vn 0.044496 0.046228 -0.997939
vn 0.582545 -0.081428 -0.808710
vn -0.526542 -0.016712 -0.849985
vn 0.585859 0.565672 -0.580332
vn -0.879929 0.435787 -0.189249
vn 0.467873 0.688623 -0.553980
vn 0.682172 -0.188780 -0.706402
vn -0.708946 -0.131687 -0.692860
vn -0.550952 0.092975 -0.829342
vn 0.606772 -0.091792 -0.789558
vn -0.649999 0.033240 -0.759208
vn -0.451387 0.295253 -0.842066
vn 0.370924 0.260565 -0.891359
vn -0.252884 0.485266 -0.836998
vn -0.044241 0.459301 -0.887178
vn 0.070719 0.426253 -0.901835
vn -0.575301 0.318195 -0.753512
vn -0.061390 0.393200 -0.917401
vn 0.261515 0.538587 -0.800958
vn -0.123359 -0.970508 -0.207117
vn 0.228657 -0.943583 -0.239513
vn -0.690274 -0.681217 -0.243853
vn 0.699818 -0.673089 -0.239177
vn 0.926659 -0.236002 -0.292585
vn -0.946039 -0.211513 -0.245504
vn -0.974646 0.074606 -0.210949
vn 0.970445 0.004929 -0.241272
vn 0.978464 0.064137 -0.196201
vn -0.969516 0.029336 -0.243264
vn -0.972303 -0.152330 -0.177263
vn 0.989209 -0.105567 -0.101596
vn -0.966414 -0.123692 -0.225265
vn -0.193229 0.845659 -0.497517
vn 0.184658 -0.266691 0.945927
vn 0.965398 -0.122330 -0.230307
vn -0.966845 0.087386 -0.239945
vn 0.969373 0.142602 -0.199954
vn -0.971763 0.099205 -0.214091
vn 0.953284 0.143250 -0.265948
vn -0.963630 -0.076651 -0.256011
vn 0.963089 -0.092989 -0.252613
vn -0.984558 -0.074620 -0.158358
vn 0.959707 -0.105912 -0.260280
vn -0.955998 0.107467 -0.272980
vn 0.978280 0.110634 -0.175297
vn -0.942685 -0.013620 -0.333407
vn 0.975836 0.057117 -0.210905
vn -0.971162 -0.132159 -0.198439
vn 0.949796 -0.131843 -0.283734
vn -0.361405 0.817999 0.447509
vn -0.962108 0.023045 -0.271692
vn 0.887975 0.457890 -0.042865
vn -0.958172 -0.126450 0.256742
vn 0.979611 0.071473 -0.187758
vn -0.983761 0.085979 -0.157547
vn 0.944814 0.095426 -0.313401
vn -0.940753 -0.050103 -0.335372
vn 0.973131 -0.063329 -0.221373
vn -0.977995 0.016390 -0.207985
vn 0.980272 -0.031527 -0.195122
vn -0.965328 0.103650 -0.239582
vn 0.957219 0.117090 -0.264616
vn -0.968760 -0.035837 -0.245398
vn -0.967103 -0.029060 -0.252720
vn 0.982440 -0.059957 -0.176681
vn -0.963258 0.107240 -0.246240
vn 0.969192 0.117132 -0.216671
vn -0.988841 0.052153 -0.139547
vn 0.959732 0.024229 -0.279871
vn -0.946226 -0.123160 -0.299146
vn -0.963770 0.008441 -0.266600
vn 0.988389 0.012887 -0.151397
vn -0.982346 0.101408 -0.157205
vn 0.980776 0.079345 -0.178276
vn -0.980365 -0.021698 -0.195993
vn 0.960425 -0.041906 -0.275367
vn 0.899866 0.191661 -0.391801
vn -0.953503 -0.084985 -0.289152
vn 0.974431 -0.075087 -0.211771
vn -0.955773 -0.111550 -0.272131
vn 0.959579 -0.107160 -0.260240
vn 0.915219 -0.280945 -0.288868
vn -0.950942 -0.193541 -0.241352
vn -0.844278 -0.127600 -0.520493
vn 0.698989 -0.430872 -0.570757
vn 0.875887 -0.449449 -0.175550
vn -0.937306 -0.223114 -0.267727
vn 0.799911 -0.558638 -0.219240
vn -0.883222 -0.374604 -0.282119
vn 0.792487 -0.566374 -0.226239
vn -0.846691 -0.407717 -0.341878
vn 0.747510 -0.563903 -0.351058
vn -0.753599 -0.396861 -0.524014
vn -0.090530 0.649450 -0.754996
vn 0.532766 -0.600862 -0.595924
vn 0.798471 -0.580459 -0.159721
vn -0.888697 -0.373989 -0.265235
vn 0.474119 0.549188 -0.688189
vn -0.334467 0.654478 -0.678079
vn 0.699640 0.379707 -0.605249
vn -0.906511 -0.375087 -0.193771
vn -0.569524 0.589479 -0.572850
vn -0.718304 -0.086469 0.690335
vn 0.679435 -0.462219 -0.569843
vn -0.693771 0.454361 -0.558782
vn 0.762779 -0.569581 -0.306179
vn -0.745813 -0.272520 -0.607862
vn -0.655238 0.656015 -0.374577
vn 0.730705 -0.643887 -0.226893
vn -0.856424 -0.440833 -0.268708
vn 0.744415 0.352786 -0.566912
vn 0.768043 -0.597048 -0.231612
vn -0.764178 -0.571266 -0.299479
vn 0.877284 0.439189 -0.193614
vn -0.565593 0.504287 -0.652533
vn 0.549561 -0.594950 -0.586530
vn -0.776778 0.578034 -0.249987
vn 0.729396 -0.636256 -0.251316
vn 0.609793 -0.728091 -0.313107
vn -0.591761 -0.708031 -0.385373
vn -0.574930 -0.518724 -0.632756
vn -0.383947 0.903203 -0.191855
vn 0.927011 0.262419 -0.267930
vn 0.728775 0.682766 -0.052126
vn -0.748476 0.590776 -0.301277
vn -0.792131 0.600493 0.109255
vn 0.785987 0.079360 -0.613129
vn 0.814889 0.547662 -0.189795
vn -0.785415 0.567524 -0.247061
vn 0.528051 -0.810857 -0.252337
vn -0.406089 -0.803980 -0.434405
vn 0.814224 0.156136 -0.559161
vn -0.873293 0.367750 -0.319561
vn 0.384409 -0.724048 -0.572699
vn -0.261809 -0.948686 -0.177343
vn 0.428711 -0.869558 -0.245105
vn -0.219895 -0.917327 -0.331901
vn -0.169597 -0.927986 -0.331780
vn 0.320159 -0.895395 -0.309461
vn -0.832019 -0.451181 -0.322770
vn 0.952403 0.106590 -0.285598
vn -0.792854 0.135683 -0.594115
vn 0.338560 -0.847013 -0.409813
vn 0.751685 -0.429048 -0.500886
vn -0.997657 0.008756 -0.067851
vn 0.107472 0.473077 -0.874442
vn 0.948623 -0.161109 -0.272321
vn -0.845853 0.035669 -0.532223
vn -0.957295 -0.068805 -0.280806
vn 0.827950 -0.107888 -0.550326
vn 0.116464 0.778546 -0.616687
vn 0.409085 -0.167854 -0.896925
vn -0.368262 0.620548 -0.692317
vn 0.448976 0.788371 -0.420585
vn -0.229189 -0.015786 0.973254
vn -0.817910 0.007438 -0.575298
vn -0.827371 0.191230 -0.528099
vn 0.907273 -0.328016 -0.263175
vn 0.540870 0.660529 -0.520731
vn 0.557232 0.812528 -0.171145
vn 0.156461 0.312925 -0.936802
vn -0.930499 -0.060173 -0.361317
vn -0.939195 -0.249202 -0.236243
vn 0.186759 0.966862 -0.174065
vn -0.909823 -0.004615 -0.414970
vn 0.782105 -0.182196 -0.595917
vn 0.644015 0.758580 0.099003
vn 0.592492 0.543928 0.594219
vn 0.364913 0.822708 0.435878
vn -0.835766 0.408307 -0.367125
vn 0.530574 0.362451 -0.766238
vn 0.844878 0.301188 -0.442116
vn -0.863279 0.333193 -0.379119
vn 0.882755 0.429141 -0.191266
vn -0.335657 -0.102000 0.936446
vn -0.109711 0.833943 0.540834
vn 0.224500 0.924292 0.308680
vn -0.112916 0.889461 -0.442843
vn 0.103245 0.745607 -0.658340
vn 0.405834 0.825145 -0.392982
vn -0.274701 0.853872 -0.442088
vn -0.087544 0.892219 -0.443036
vn -0.964211 0.214822 0.155397
vn -0.055943 0.616969 -0.784996
vn 0.256418 0.557752 -0.789407
vn 0.363795 0.785907 -0.500004
vn 0.476148 -0.179864 -0.860774
vn 0.712082 0.681115 -0.170359
vn -0.866345 -0.489925 -0.097056
vn 0.733599 -0.675170 -0.077317
vn 0.485960 0.489570 -0.723992
vn -0.686778 0.448106 -0.572309
vn -0.758522 0.651002 -0.028989
vn -0.510552 -0.855464 -0.086707
vn 0.966603 0.194844 -0.166475
vn -0.422822 -0.890206 -0.169571
vn -0.975013 0.166090 -0.147526
vn -0.985993 0.027294 -0.164541
vn -0.152028 0.790269 -0.593601
vn -0.158909 0.593871 0.788711
vn -0.951996 -0.082221 -0.294861
vn 0.824657 -0.299880 -0.479596
vn -0.951980 0.152598 -0.265422
vn -0.549315 0.810884 -0.201793
vn -0.693668 -0.651485 0.307233
vn -0.247396 -0.953273 0.173397
vn 0.182165 -0.966931 0.178493
vn 0.736024 -0.634018 0.237255
vn -0.879943 -0.365724 0.303228
vn 0.962061 -0.246047 0.117898
vn -0.980576 0.009069 0.195932
vn 0.978261 0.029127 0.205324
vn -0.977609 0.049024 0.204638
vn 0.973158 0.063161 0.221301
vn -0.968875 -0.132932 0.208830
vn 0.952321 -0.158443 0.260731
vn -0.964063 -0.107474 0.242965
vn 0.954740 -0.139012 0.262960
vn -0.966058 0.091917 0.241421
vn 0.957784 0.069017 0.279080
vn -0.967884 0.101815 0.229858
vn 0.967699 0.123900 0.219562
vn 0.976561 -0.146166 0.158000
vn -0.958382 -0.065695 0.277829
vn 0.956651 -0.068436 0.283081
vn -0.957532 0.073705 0.278749
vn 0.964929 0.121247 0.232835
vn -0.994459 -0.011483 0.104496
vn -0.956427 -0.093823 0.276487
vn 0.974234 -0.127533 0.186019
vn -0.980096 0.050332 0.192036
vn 0.945834 0.043754 0.321688
vn -0.948891 0.093037 0.301580
vn 0.973962 0.118724 0.193138
vn -0.968286 -0.038343 0.246884
vn 0.972678 -0.077132 0.218971
vn -0.963152 0.007346 0.268857
vn 0.973672 0.023790 0.226707
vn -0.971229 0.092349 0.219513
vn 0.973423 0.106561 0.202715
vn -0.963182 -0.053553 0.263464
vn 0.977771 -0.055187 0.202281
vn -0.984502 -0.023630 0.173772
vn 0.968098 0.011172 0.250324
vn -0.964020 0.113345 0.240456
vn 0.215413 0.616758 -0.757104
vn 0.983575 0.110860 0.142441
vn -0.994052 -0.005054 0.108792
vn 0.976522 0.009896 0.215192
vn -0.977075 0.054561 0.205783
vn -0.986790 0.077535 0.142243
vn 0.954121 0.076086 0.289592
vn -0.982397 -0.068214 0.173908
vn 0.974379 -0.044655 0.220435
vn -0.979916 -0.079538 0.182862
vn 0.986522 -0.058630 0.152765
vn -0.982563 -0.131022 0.131919
vn 0.953588 -0.141928 0.265568
vn -0.934085 -0.205442 0.292026
vn 0.907267 -0.303253 0.291384
vn 0.911104 -0.411485 -0.023865
vn -0.959252 -0.261636 0.106684
vn 0.848480 -0.473931 0.235523
vn -0.903484 -0.294369 0.311551
vn -0.866533 -0.424043 0.263264
vn 0.846278 -0.528683 0.065643
vn 0.714446 -0.552344 0.429514
vn -0.874080 -0.407042 0.265145
vn 0.738712 -0.669793 0.075372
vn 0.762044 -0.548520 0.344115
vn -0.923447 -0.304945 0.232925
vn 0.202203 0.538739 -0.817847
vn 0.282829 0.957857 -0.050172
vn 0.749543 -0.570693 0.335401
vn -0.853953 -0.460511 0.242268
vn 0.145565 0.699630 -0.699521
vn 0.461188 0.531768 -0.710301
vn 0.763421 -0.612267 0.205712
vn -0.374191 -0.571748 0.730127
vn 0.660326 0.706410 -0.254861
vn -0.555443 0.657886 0.508595
vn 0.715572 -0.646548 0.264446
vn 0.598637 -0.746304 0.290972
vn -0.590436 -0.742326 0.316761
vn -0.726137 -0.686736 -0.033437
vn 0.900448 0.365387 0.235979
vn -0.825014 0.562150 0.057792
vn -0.413638 -0.843914 0.341633
vn -0.677791 0.383166 0.627522
vn 0.977839 0.199913 0.062169
vn -0.187827 -0.922773 0.336468
vn -0.236725 -0.943818 0.230585
vn 0.949301 0.283469 -0.135912
vn -0.882732 0.313808 0.349726
vn 0.374172 -0.899331 0.226273
vn -0.684869 -0.706439 0.178603
vn 0.792749 -0.416901 0.444683
vn -0.119012 -0.950859 0.285840
vn 0.221831 -0.958874 0.177064
vn 0.453308 -0.888113 0.075938
vn 0.969412 0.082877 0.231025
vn -0.983837 0.137369 0.114865
vn 0.781604 -0.622075 0.046023
vn -0.924374 0.189273 0.331224
vn 0.897118 -0.132848 0.421344
vn -0.985875 0.005215 0.167400
vn -0.985972 -0.098253 0.134929
vn 0.998075 -0.042164 0.045488
vn 0.938569 -0.344358 0.022497
vn 0.841088 0.154860 0.518256
vn -0.852396 0.411851 0.322180
vn 0.349864 0.935862 0.041930
vn -0.429962 0.764478 -0.480319
vn 0.330205 -0.424296 -0.843171
vn -0.983728 -0.118568 0.134985
vn -0.550572 0.756267 0.353456
vn 0.588485 0.803022 0.094025
vn -0.953895 0.235415 -0.186184
vn 0.789596 -0.606833 -0.091061
vn -0.941059 -0.215262 0.260902
vn -0.675839 -0.366869 0.639257
vn 0.745454 0.660214 0.091739
vn -0.101798 0.563473 0.819838
vn 0.635917 0.184865 0.749290
vn -0.324679 0.503882 0.800429
vn 0.349168 0.862008 0.367456
vn -0.012078 0.967949 0.250857
vn -0.935609 0.023594 0.352250
vn -0.648018 0.258055 0.716575
vn 0.726200 -0.477493 -0.494605
vn -0.188283 0.651982 0.734485
vn 0.286557 0.884853 0.367315
vn -0.400789 0.867971 0.293247
vn -0.955178 -0.295706 0.013896
vn 0.951007 0.015868 0.308761
vn 0.112135 0.781365 0.613917
vn -0.954421 0.218911 0.202877
vn 0.393313 0.321176 -0.861482
vn 0.979385 0.077602 0.186501
vn 0.365000 0.787627 -0.496406
vn 0.819098 0.541856 0.188337
vn -0.560828 0.820041 0.114037
vn -0.722151 0.653657 0.226339
vn -0.378894 0.919938 0.100763
vn 0.249345 0.967879 0.032207
vn -0.185044 0.980592 0.064794
vn 0.030717 0.986290 -0.162137
vn -0.081267 0.995891 0.039968
vn 0.917564 -0.391813 0.067518
vn 0.740561 -0.535974 0.405340
vn -0.871015 -0.487174 0.063198
vn 0.785114 -0.527147 0.325133
vn -0.879352 -0.385254 0.279856
vn 0.206054 0.402364 -0.891989
vn 0.709465 -0.604048 0.363024
vn 0.043699 0.343385 0.938177
vn -0.427578 0.533439 0.729808
vn 0.473317 0.839030 0.268329
vn 0.953886 0.103023 0.281937
vn -0.140072 0.666719 0.732029
vn -0.871483 0.327544 0.365011
vn -0.730736 -0.138901 0.668380
vn -0.700929 -0.051054 0.711402
vn 0.713778 0.050653 0.698538
vn -0.730803 0.008390 0.682536
vn 0.633264 -0.100239 0.767417
vn -0.837741 -0.204580 0.506298
vn 0.786384 -0.296430 0.541969
vn -0.707509 -0.383389 0.593669
vn 0.504343 -0.553020 0.663179
vn -0.515059 0.646036 0.563339
vn 0.350103 -0.713363 0.607076
vn -0.841096 0.092512 0.532916
vn -0.825833 -0.286192 -0.485895
vn 0.206688 -0.781411 0.588792
vn -0.866325 0.001468 0.499478
vn -0.834765 -0.086962 0.543696
vn 0.469025 0.258712 0.844443
vn 0.177628 -0.191397 -0.965306
vn -0.040172 0.626363 0.778495
vn 0.621707 -0.054426 0.781356
vn -0.803410 0.318070 -0.503353
vn 0.688361 0.011430 0.725278
vn 0.071849 -0.551836 -0.830852
vn 0.183862 -0.422196 -0.887663
vn 0.718708 0.233180 0.655047
vn -0.811643 -0.271938 0.516997
vn -0.283683 0.676252 0.679858
vn 0.565422 -0.418714 -0.710617
vn 0.551324 -0.287037 -0.783359
vn 0.137704 0.063426 -0.988441
vn 0.374879 -0.125551 -0.918533
vn 0.719713 -0.192462 -0.667062
vn 0.094695 0.420867 -0.902166
vn 0.065243 0.459478 -0.885790
vn 0.694903 0.238310 -0.678468
vn 0.394715 0.831695 0.390492
vn -0.288405 -0.696354 0.657202
vn 0.214051 -0.681205 0.700101
vn -0.230675 -0.187917 0.954713
vn 0.574891 -0.649820 0.497227
vn 0.698390 -0.217815 0.681769
vn 0.284768 0.612093 0.737732
vn -0.720454 0.027031 0.692976
vn 0.747985 0.052038 0.661673
vn -0.662339 0.028503 0.748662
vn 0.677884 0.036212 0.734277
vn 0.153069 0.079192 0.985037
vn 0.695449 -0.122350 0.708083
vn 0.249903 -0.110243 0.961975
vn -0.708034 -0.117317 0.696365
vn 0.746365 -0.128533 0.653007
vn -0.738384 0.065197 0.671222
vn 0.704074 0.103047 0.702610
vn -0.663347 0.133721 0.736267
vn 0.725765 0.106537 0.679643
vn 0.712036 -0.091945 0.696097
vn 0.281415 0.116431 0.952496
vn -0.711979 -0.060557 0.699585
vn 0.779238 -0.057545 0.624081
vn -0.683949 0.083841 0.724696
vn 0.710609 0.089621 0.697856
vn -0.748318 -0.033907 0.662473
vn 0.536119 0.518432 -0.666187
vn 0.656417 0.014198 0.754264
vn -0.712689 -0.109170 0.692933
vn 0.748567 -0.114740 0.653057
vn -0.737519 0.025826 0.674832
vn 0.699296 0.079367 0.710412
vn -0.694545 0.074325 0.715600
vn 0.408574 -0.160379 0.898524
vn -0.715457 -0.042424 0.697368
vn 0.727874 -0.075746 0.681515
vn -0.710260 0.003653 0.703930
vn 0.772840 0.033957 0.633692
vn -0.713087 0.088545 0.695461
vn -0.687915 -0.018092 0.725565
vn 0.708768 -0.041176 0.704239
vn -0.731289 -0.011257 0.681975
vn 0.692383 -0.063461 0.718734
vn -0.660598 0.094654 0.744749
vn -0.194272 -0.273550 0.942034
vn 0.728880 0.094535 0.678084
vn 0.697728 0.022492 0.716009
vn 0.196562 -0.011412 0.980425
vn -0.678514 0.050484 0.732851
vn 0.147481 -0.230181 0.961908
vn 0.688956 0.037598 0.723827
vn -0.743005 0.059543 0.666632
vn 0.709950 0.056048 0.702018
vn 0.187840 0.097055 0.977393
vn -0.164343 0.092265 0.982079
vn -0.224163 -0.078706 0.971368
vn 0.745408 -0.042028 0.665282
vn 0.224521 -0.051366 0.973114
vn -0.766090 -0.078899 0.637873
vn -0.629157 -0.056203 0.775244
vn 0.719883 -0.061555 0.691360
vn -0.778829 -0.095343 0.619948
vn -0.626682 -0.159665 0.762743
vn 0.692024 -0.207631 0.691370
vn -0.681262 -0.178609 0.709916
vn 0.568538 -0.252474 0.782956
vn 0.735174 -0.421191 0.531148
vn 0.612252 -0.359036 0.704443
vn 0.456334 -0.207323 0.865318
vn -0.732023 -0.281097 0.620586
vn -0.709497 -0.240704 0.662326
vn 0.578256 -0.418232 0.700501
vn -0.568494 -0.287633 0.770767
vn 0.303620 -0.270940 0.913459
vn 0.546525 -0.419857 0.724590
vn -0.750526 -0.366770 0.549718
vn 0.845250 0.387226 0.368252
vn 0.590003 0.061841 0.805029
vn -0.148255 0.266906 0.952251
vn -0.614851 -0.192376 0.764820
vn 0.512920 -0.285838 0.809450
vn -0.579657 -0.258527 0.772762
vn 0.985701 0.147903 -0.080740
vn -0.485873 0.522282 0.700820
vn 0.411662 -0.462129 0.785475
vn 0.199083 -0.168963 0.965307
vn -0.253734 0.229549 0.939641
vn -0.097456 -0.141916 0.985070
vn 0.815246 0.332675 -0.474027
vn -0.612727 0.405445 0.678366
vn -0.569795 0.422363 0.704942
vn 0.521505 -0.508696 0.685026
vn -0.600299 -0.395298 0.695256
vn -0.534637 0.734878 0.417274
vn -0.131114 0.559560 -0.818353
vn 0.257178 0.423978 -0.868391
vn 0.121101 -0.173703 0.977324
vn -0.161693 0.063788 0.984777
vn -0.545642 -0.592151 0.592986
vn -0.322007 -0.419269 0.848837
vn 0.445089 0.156978 0.881620
vn -0.281147 -0.724200 0.629676
vn -0.262224 0.281236 -0.923117
vn 0.326560 -0.513593 0.793461
vn 0.218247 0.270743 -0.937586
vn -0.554020 0.324178 0.766793
vn 0.425375 -0.535511 0.729578
vn -0.420946 -0.566161 0.708707
vn 0.626917 0.032662 0.778401
vn -0.426023 0.188871 0.884778
vn -0.265859 -0.606300 0.749479
vn -0.684021 0.433703 0.586529
vn 0.803037 0.159096 -0.574300
vn 0.176885 -0.679565 0.711972
vn 0.976699 -0.205394 -0.062230
vn -0.266761 -0.394069 0.879516
vn -0.150909 -0.703203 0.694789
vn -0.507633 0.098337 0.855943
vn 0.136341 -0.760997 0.634267
vn -0.454259 -0.204181 -0.867156
vn -0.188999 -0.383073 0.904176
vn -0.111390 -0.298793 0.947795
vn -0.619708 -0.040217 0.783801
vn 0.757586 0.014943 0.652564
vn -0.009758 -0.393186 0.919407
vn 0.257108 -0.663892 0.702242
vn 0.459541 -0.516629 0.722438
vn -0.285998 0.065397 0.955996
vn 0.768394 -0.025382 0.639473
vn -0.507629 -0.008802 0.861531
vn -0.016755 -0.115402 0.993177
vn 0.770347 -0.140363 0.621984
vn 0.135309 0.235165 0.962491
vn 0.318344 0.067442 -0.945573
vn -0.237730 0.368208 0.898836
vn -0.434689 -0.897773 0.071064
vn -0.362689 0.233490 0.902186
vn 0.671320 -0.156633 0.724428
vn -0.462755 -0.142169 0.875012
vn 0.397183 -0.067749 0.915236
vn 0.749102 -0.404397 -0.524699
vn -0.423046 0.465255 0.777541
vn 0.128169 0.341311 0.931171
vn -0.733400 0.346122 -0.585085
vn -0.483007 -0.437565 -0.758446
vn -0.122808 0.133244 0.983445
vn -0.232531 0.594623 0.769644
vn -0.184501 -0.439828 -0.878926
vn 0.823800 -0.177265 0.538453
vn 0.293729 -0.423954 -0.856730
vn -0.273951 0.391374 0.878509
vn -0.659589 -0.406701 -0.632089
vn -0.446974 0.465241 0.764045
vn -0.625585 0.776741 -0.072909
vn -0.266456 0.556827 -0.786730
vn -0.439090 0.554828 -0.706658
vn 0.351228 -0.333692 0.874807
vn 0.567763 -0.409958 -0.713849
vn -0.531177 -0.300670 0.792117
vn 0.560179 -0.288142 0.776643
vn 0.515877 0.712059 0.476280
vn 0.028240 0.676449 0.735948
vn -0.178687 0.960959 0.211255
vn -0.646216 0.328401 0.688881
vn 0.852228 -0.350045 -0.388814
vn -0.807638 -0.131633 0.574799
vn -0.477677 -0.225055 0.849220
vn 0.888641 -0.086460 0.450379
vn 0.762562 -0.154710 0.628143
vn -0.698990 0.213941 0.682380
vn 0.939400 -0.197655 -0.280107
vn -0.842391 0.136417 0.521314
vn 0.893097 0.048733 0.447216
vn -0.749878 0.359777 0.555196
vn -0.593475 0.529328 0.606299
vn 0.765014 0.146485 0.627133
vn -0.344020 0.691204 0.635521
vn -0.272320 0.943750 -0.187557
vn -0.032411 0.699340 -0.714054
vn 0.177651 0.908549 -0.378126
vn 0.366691 0.900056 -0.235452
vn 0.387803 0.769944 -0.506749
vn -0.052636 0.957235 0.284484
vn -0.457159 0.833681 -0.309810
vn -0.057108 0.908202 -0.414618
vn 0.166713 -0.330711 0.928890
vn -0.185545 0.063311 0.980594
vn 0.250825 0.014486 0.967924
vn 0.289870 0.806962 -0.514575
vn -0.229202 0.045763 0.972302
vn -0.239083 -0.126028 0.962786
vn -0.239719 -0.106495 0.964984
vn 0.243188 -0.128526 0.961426
vn 0.174439 0.072284 0.982011
vn -0.204514 0.134291 0.969608
vn -0.227507 0.055864 0.972173
vn -0.214567 0.709310 -0.671446
vn 0.179513 -0.077663 0.980685
vn -0.246626 -0.133068 0.959931
vn -0.140522 -0.051118 0.988757
vn 0.288561 -0.081207 0.954011
vn -0.232422 0.092854 0.968172
vn 0.249110 0.075384 0.965537
vn -0.250736 -0.004479 0.968045
vn 0.223875 0.000453 0.974618
vn -0.244805 -0.104018 0.963977
vn 0.241186 -0.112355 0.963953
vn 0.173737 0.023786 0.984505
vn -0.225979 0.084446 0.970465
vn -0.255224 0.095326 0.962171
vn 0.196800 0.106427 0.974650
vn -0.225267 -0.051923 0.972912
vn 0.289564 -0.038500 0.956384
vn -0.159068 0.023094 0.986997
vn 0.273781 -0.018201 0.961620
vn -0.285912 0.081925 0.954748
vn 0.238841 0.084271 0.967395
vn -0.207441 -0.058370 0.976505
vn 0.223567 -0.042441 0.973764
vn 0.238655 -0.020784 0.970882
vn -0.292020 0.099828 0.951188
vn 0.187834 0.096113 0.977487
vn -0.248971 0.047751 0.967333
vn -0.252421 -0.000560 0.967617
vn 0.200253 0.084547 0.976089
vn -0.212875 -0.041409 0.976201
vn 0.224814 -0.079443 0.971158
vn 0.134568 -0.102244 0.985615
vn -0.123761 -0.158707 0.979538
vn 0.303317 -0.169794 0.937640
vn -0.642467 -0.154737 0.750528
vn 0.562230 -0.046680 0.825663
vn -0.617169 -0.180636 0.765815
vn 0.068852 0.005599 0.997611
vn -0.407125 -0.062191 0.911253
vn 0.025781 -0.002344 0.999665
vn -0.216016 -0.012814 0.976306
vn -0.563799 0.171071 0.808001
vn -0.026003 0.126909 0.991573
vn 0.150198 -0.154615 0.976491
vn -0.654274 0.312014 -0.688893
vn -0.145535 -0.000234 0.989353
vn -0.104470 -0.467776 0.877651
vn -0.293687 0.249135 -0.922865
vn 0.171970 0.240254 -0.955355
vn 0.200994 -0.181432 0.962644
vn -0.030296 -0.001647 0.999540
vn -0.463637 -0.413440 0.783650
vn 0.055911 0.123029 0.990827
vn -0.032704 -0.154888 0.987391
vn -0.573124 -0.547635 0.609610
vn -0.094642 0.130474 0.986924
vn 0.316191 -0.192560 -0.928948
vn 0.046982 0.042761 0.997980
vn -0.370457 0.005589 -0.928833
vn -0.130470 0.058312 0.989736
vn -0.103057 0.054639 0.993174
vn -0.459581 0.047415 0.886869
vn -0.027572 0.029597 0.999182
vn -0.180385 -0.010422 0.983541
vn 0.745805 0.042292 0.664821
vn 0.706892 0.016721 0.707123
vn -0.039423 -0.191663 0.980669
vn 0.758895 -0.313937 -0.570545
vn 0.009024 -0.377345 0.926029
vn -0.206768 0.770398 -0.603103
vn -0.007707 -0.288149 0.957554
vn -0.725510 -0.088606 0.682484
vn -0.241689 -0.093060 0.965881
vn -0.824318 -0.475937 0.306567
vn 0.910725 -0.410798 -0.042715
vn -0.430686 0.153789 0.889302
vn -0.322309 -0.190724 0.927222
vn 0.276130 -0.180115 0.944093
vn -0.045488 -0.258149 0.965034
vn 0.049442 -0.254144 0.965902
vn -0.138243 -0.262637 0.954940
vn 0.278617 -0.245843 0.928404
vn -0.471972 -0.248129 0.845976
vn -0.565266 -0.200675 0.800127
vn 0.505579 -0.225885 0.832686
vn -0.641154 -0.251189 0.725139
vn 0.700867 -0.172851 0.692031
vn -0.757298 -0.229540 0.611401
vn -0.706689 -0.022272 0.707174
vn 0.924073 -0.120575 0.362699
vn -0.949405 0.088556 0.301312
vn 0.967519 -0.025355 0.251523
vn -0.988874 -0.005174 0.148666
vn 0.999629 0.026758 -0.005149
vn -0.998005 0.036465 -0.051545
vn 0.968376 0.045618 -0.245288
vn 0.361334 -0.231246 0.903307
vn 0.687965 0.203711 -0.696567
vn 0.914509 0.004844 -0.404536
vn -0.010497 -0.548436 0.836126
vn 0.165571 -0.441205 0.882000
vn -0.872640 0.052664 -0.485516
vn -0.211797 -0.630194 0.746992
vn -0.445304 -0.726107 0.523901
vn 0.478607 -0.280129 0.832144
vn 0.742486 -0.060365 0.667136
vn -0.837633 -0.031383 -0.545331
vn 0.804201 -0.117396 -0.582648
vn -0.555886 -0.581564 0.593948
vn 0.589463 -0.091656 -0.802579
vn -0.823600 -0.564898 0.050723
vn 0.809557 -0.202201 0.551119
vn -0.762403 -0.054813 -0.644777
vn 0.611663 0.035168 -0.790337
vn -0.220682 0.010217 0.975292
vn 0.217916 -0.199799 0.955298
vn 0.682974 -0.105338 -0.722808
vn 0.687305 -0.108729 -0.718185
vn -0.031298 -0.028153 0.999114
vn -0.834910 -0.209872 -0.508801
vn 0.106816 0.282698 0.953243
vn 0.187140 0.153023 0.970341
vn 0.942849 0.329177 -0.051760
vn -0.967032 -0.171189 -0.188532
vn 0.879558 -0.158034 -0.448780
vn -0.432708 0.765843 -0.475656
vn 0.458408 0.692874 -0.556585
vn 0.983507 -0.142329 0.111610
vn -0.084656 -0.258851 0.962200
vn -0.155384 -0.428803 0.889935
vn 0.270707 -0.422475 0.865004
vn -0.398063 0.717565 -0.571530
vn -0.218005 0.758559 -0.614054
vn -0.674828 -0.456587 0.579772
vn -0.560173 -0.178387 0.808940
vn 0.578592 -0.198052 0.791206
vn -0.647259 -0.091775 0.756725
vn 0.944612 -0.130750 0.301020
vn -0.493124 0.101437 0.864025
vn 0.527389 0.131978 0.839311
vn -0.293676 0.498426 0.815676
vn -0.845093 0.439157 0.304891
vn 0.850258 0.396538 0.346150
vn -0.483712 0.633091 0.604333
vn 0.373000 0.579136 0.724895
vn -0.115277 0.779778 0.615351
vn -0.592049 0.800541 0.092795
vn 0.347117 0.867598 0.356066
vn 0.383275 0.915057 0.125580
vn -0.036078 0.999324 0.007071
vn -0.147554 -0.292137 0.944925
vn 0.149375 -0.297869 0.942847
vn -0.352021 -0.342284 0.871162
vn 0.361881 -0.383636 0.849627
vn 0.267213 -0.574088 0.773964
vn -0.809093 -0.561833 -0.172370
vn -0.895505 0.277585 -0.347877
vn -0.928265 -0.268162 0.257708
vn 0.933905 -0.343411 0.099452
vn -0.014151 0.152544 0.988195
vn -0.755573 0.467916 0.458436
vn 0.595868 0.582948 0.552371
vn -0.530743 -0.781754 0.327372
vn 0.689340 -0.111553 -0.715797
vn 0.530386 -0.073322 -0.844580
vn -0.996045 0.088027 0.012075
vn 0.668341 -0.296131 -0.682369
vn -0.528049 0.706142 -0.471727
vn 0.665256 0.494109 -0.559724
vn -0.469426 0.862538 -0.188861
vn 0.600095 0.622752 -0.502062
vn -0.162984 0.833839 -0.527398
vn 0.209599 0.760544 -0.614524
vn -0.845774 0.416889 0.332971
vn 0.809618 0.113047 0.575968
vn 0.345516 0.625577 0.699480
vn 0.199613 0.923713 0.326968
vn -0.243083 -0.482230 0.841644
vn 0.140314 -0.501828 0.853511
vn -0.220658 -0.338515 0.914723
vn 0.218968 -0.326791 0.919381
vn 0.705329 -0.250365 0.663195
vn -0.609266 -0.231890 0.758302
vn -0.837382 -0.097389 0.537872
vn 0.828982 -0.111607 0.548026
vn 0.264149 -0.238298 0.934580
vn -0.868167 -0.211219 0.449080
vn 0.761946 -0.255447 0.595135
vn -0.970551 -0.178519 0.161745
vn 0.944315 -0.214918 0.249159
vn -0.981533 -0.191281 0.001982
vn -0.963070 -0.172794 -0.206489
vn 0.898804 -0.433839 -0.062728
vn 0.028960 -0.763860 0.644733
vn -0.008483 -0.743285 0.668921
vn 0.828386 -0.378918 -0.412551
vn -0.106873 -0.844298 0.525108
vn 0.508098 -0.644080 0.571837
vn -0.849716 -0.109205 -0.515807
vn 0.693104 -0.481704 -0.536254
vn 0.731836 -0.397243 0.553728
vn -0.687376 -0.718658 0.105097
vn 0.950877 -0.263640 0.162256
vn -0.795456 -0.094217 -0.598643
vn -0.930587 -0.288802 -0.224946
vn -0.897288 -0.440412 -0.030200
vn 0.686344 -0.431161 -0.585689
vn -0.751281 0.054525 -0.657726
vn -0.525107 -0.250597 -0.813304
vn 0.587140 -0.085471 -0.804960
vn 0.347102 0.152312 -0.925376
vn 0.430125 0.055429 -0.901066
vn 0.426661 0.461378 -0.777875
vn -0.252805 0.194207 -0.947825
vn -0.787155 0.111341 -0.606621
vn 0.592656 0.429358 -0.681476
vn 0.494538 0.244945 -0.833927
vn 0.453229 0.876601 -0.161723
vn -0.245285 0.969438 -0.005103
vn 0.217891 0.912482 -0.346265
vn 0.339104 0.643364 0.686362
vn -0.532578 0.341040 0.774630
vn 0.541605 0.404967 0.736659
vn 0.345062 0.469560 0.812678
vn -0.328083 0.781126 0.531229
vn 0.134329 0.634175 0.761431
vn -0.276271 -0.245524 0.929189
vn -0.322334 -0.426419 0.845143
vn 0.171871 -0.358107 0.917725
vn 0.867017 0.172345 0.467523
vn 0.648916 -0.480222 -0.590165
vn 0.370237 0.380767 -0.847314
vn -0.261345 0.528860 -0.807469
vn 0.338178 0.302043 0.891295
vn -0.093769 0.586649 -0.804394
vn 0.007207 0.304567 0.952464
vn -0.160246 -0.422075 0.892286
vn 0.260285 -0.456074 0.851028
vn 0.604187 0.741854 0.290879
vn -0.626432 -0.368745 0.686738
vn 0.288629 -0.457300 0.841172
vn 0.615671 -0.492407 0.615211
vn -0.738181 -0.312533 0.597839
vn 0.778779 -0.394079 0.488062
vn -0.813786 -0.371134 0.447228
vn 0.770695 -0.522044 0.365375
vn 0.675190 -0.676650 0.293707
vn -0.847831 -0.522739 0.089036
vn 0.700642 -0.712823 0.031379
vn -0.292228 -0.793790 0.533386
vn 0.033379 -0.826711 0.561636
vn 0.383030 -0.687467 0.616990
vn -0.578014 -0.495361 0.648472
vn 0.686752 -0.706862 -0.169466
vn 0.726408 -0.666054 -0.169424
vn -0.790480 -0.482042 0.377857
vn 0.550518 -0.619911 0.559142
vn -0.750598 -0.541668 -0.378417
vn -0.197373 -0.956565 0.214540
vn 0.783005 -0.545661 -0.298591
vn -0.750538 0.109258 0.651733
vn -0.096738 -0.977171 -0.189150
vn 0.707361 -0.128329 -0.695106
vn 0.836499 -0.340784 -0.429111
vn -0.709294 0.601103 0.368208
vn 0.218865 0.792557 0.569167
vn -0.479373 0.469415 0.741519
vn 0.754209 0.192991 -0.627634
vn -0.694466 0.717689 0.051377
vn -0.480453 0.710066 0.514753
vn 0.720646 0.537689 0.437676
vn -0.425376 0.852731 0.303159
vn 0.725360 0.630477 -0.276319
vn 0.156417 0.648773 0.744733
vn -0.811115 0.545231 -0.211697
vn 0.667866 0.670434 -0.323224
vn 0.702479 0.415845 -0.577578
vn -0.436037 0.830893 0.345671
vn -0.290730 0.938620 0.185657
vn 0.045767 0.893072 -0.447579
vn -0.778560 -0.461067 0.425748
vn -0.267853 0.900323 -0.343035
vn -0.238814 -0.461349 0.854473
vn -0.375411 0.727209 0.574660
vn -0.217473 0.852899 -0.474624
vn 0.068640 0.751947 -0.655640
vn -0.810444 0.566477 -0.149280
vn -0.505910 -0.400672 0.763883
vn 0.518351 -0.405378 0.752982
vn -0.381166 -0.486259 0.786298
vn 0.547897 -0.789584 0.276344
vn -0.609992 -0.694063 0.382343
vn -0.661191 -0.709763 0.243029
vn -0.598980 0.116235 0.792283
vn 0.004389 -0.381655 0.924294
vn 0.635959 -0.472724 0.609990
vn -0.488213 -0.793582 0.363146
vn 0.969096 0.147051 -0.198062
vn 0.853007 0.331455 0.403135
vn -0.202309 0.312976 0.927964
vn -0.703570 0.278464 0.653795
vn -0.873049 0.418398 0.250456
vn 0.883224 0.468155 -0.027327
vn -0.716477 0.680921 0.151679
vn 0.951316 0.300494 0.068570
vn -0.518949 0.333819 0.786929
vn 0.692009 0.721764 0.013394
vn -0.826528 0.502814 0.253039
vn -0.636616 0.765733 -0.091502
vn -0.328799 0.793828 -0.511594
vn 0.442590 0.740927 -0.505116
vn 0.407953 0.909031 0.085074
vn -0.195455 0.979749 -0.043461
vn 0.114244 0.987518 -0.108424
vn -0.273594 -0.382294 0.882608
vn 0.180013 -0.397823 0.899629
vn 0.531890 -0.490899 0.690008
vn 0.051515 -0.251306 0.966536
vn 0.420639 -0.509103 0.750918
vn -0.367911 -0.438833 0.819797
vn 0.296355 -0.664003 0.686494
vn -0.541979 -0.667981 0.509961
vn -0.016285 -0.573698 0.818905
vn -0.954360 -0.263043 0.141439
vn 0.514494 -0.759368 0.398315
vn -0.406901 -0.234707 0.882804
vn 0.473524 -0.540549 0.695401
vn 0.673894 -0.711332 0.199685
vn -0.541324 0.181580 0.820973
vn 0.121739 0.484993 0.866003
vn 0.795729 -0.598230 0.094535
vn 0.910857 -0.398365 -0.107914
vn -0.359124 0.516797 0.777143
vn -0.097293 0.099835 0.990236
vn -0.841423 0.419888 0.340148
vn -0.416534 0.894600 -0.161834
vn 0.801733 0.597322 -0.020737
vn -0.649110 0.740656 0.173449
vn -0.258091 0.905358 0.337217
vn -0.091500 -0.214015 0.972536
vn -0.008136 -0.132057 0.991209
vn 0.018700 -0.268719 0.963037
vn -0.102535 -0.006428 0.994709
vn -0.094541 -0.565590 0.819250
vn 0.618759 0.035448 0.784781
vn -0.249224 -0.393012 0.885115
vn 0.024035 -0.556468 0.830522
vn 0.421029 -0.373702 0.826487
vn -0.474982 -0.289885 0.830878
vn -0.010650 -0.615000 0.788455
vn 0.376824 -0.733057 0.566243
vn -0.336637 -0.697816 0.632240
vn -0.513818 -0.610300 0.602930
vn -0.721662 0.052052 0.690286
vn -0.581329 -0.215616 0.784580
vn 0.592006 -0.488772 0.640804
vn 0.553037 -0.282896 0.783658
vn -0.663114 -0.460540 0.590071
vn 0.803517 0.001305 0.595280
vn -0.808744 0.144085 0.570240
vn 0.867107 -0.189481 0.460676
vn -0.819318 -0.108975 0.562887
vn 0.791712 0.247420 0.558548
vn -0.791390 0.229587 0.566561
vn -0.738081 0.391789 0.549307
vn 0.664934 0.532150 0.524098
vn -0.668036 0.555243 0.495412
vn -0.523831 0.829851 0.192219
vn 0.599587 0.725955 0.336876
vn -0.396053 0.720932 0.568682
vn -0.268523 0.828198 0.491918
vn 0.205628 0.873924 0.440425
vn 0.314732 0.802404 0.507042
vn -0.308705 0.881451 0.357414
vn 0.163378 0.910752 0.379260
vn -0.194802 -0.631707 0.750332
vn 0.205832 -0.500137 0.841128
vn 0.166653 -0.600953 0.781717
vn -0.182477 -0.555799 0.811042
vn 0.141632 -0.414065 0.899161
vn -0.141272 -0.533070 0.834194
vn 0.167152 -0.477376 0.862654
vn 0.542628 -0.240906 0.804686
vn -0.491874 -0.230293 0.839658
vn -0.407127 -0.369983 0.835081
vn 0.428757 -0.186766 0.883904
vn 0.622483 -0.145227 0.769041
vn 0.443680 0.138175 0.885469
vn 0.534310 0.441409 0.720882
vn -0.172209 0.689761 0.703259
vn 0.303567 0.422099 0.854212
vn -0.393064 0.067242 0.917049
vn 0.389676 0.049446 0.919624
vn -0.115309 0.324914 0.938688
vn -0.277416 0.720367 0.635698
vn 0.205584 0.643917 0.736957
usemtl bark
f 2//2 1//1 4//4
f 1//1 5//5 4//4
f 5//5 1//1 10//10
f 1//1 9//9 10//10
f 6//6 5//5 11//11
f 5//5 10//10 11//11
f 9//9 12//12 10//10
f 11//11 10//10 13//13
f 10//10 12//12 13//13
f 15//15 2//2 14//14
f 17//17 14//14 4//4
f 14//14 2//2 4//4
f 4//4 18//18 17//17
f 2//2 15//15 20//20
f 15//15 19//19 20//20
f 4//4 5//5 22//22
f 4//4 22//22 18//18
f 18//18 23//23 24//24
f 22//22 23//23 18//18
f 23//23 25//25 24//24
f 1//1 20//20 26//26
f 26//26 20//20 19//19
f 2//2 20//20 1//1
f 5//5 6//6 22//22
f 23//23 22//22 6//6
f 23//23 7//7 25//25
f 23//23 6//6 7//7
f 26//26 19//19 28//28
f 19//19 27//27 28//28
f 9//9 1//1 26//26
f 28//28 9//9 26//26
f 6//6 11//11 29//29
f 25//25 6//6 29//29
f 25//25 7//7 6//6
f 29//29 11//11 30//30
f 28//28 32//32 31//31
f 27//27 32//32 28//28
f 31//31 9//9 28//28
f 11//11 13//13 33//33
f 11//11 33//33 30//30
f 12//12 9//9 31//31
f 33//33 13//13 34//34
f 30//30 33//33 34//34
f 34//34 13//13 35//35
f 12//12 31//31 36//36
f 13//13 12//12 37//37
f 12//12 36//36 37//37
f 37//37 35//35 13//13
f 15//15 14//14 38//38
f 16//16 38//38 14//14
f 16//16 17//17 39//39
f 16//16 14//14 17//17
f 34//34 29//29 30//30
f 31//31 32//32 36//36
f 35//35 40//40 34//34
f 35//35 37//37 40//40
f 43//43 45//45 44//44
f 45//45 43//43 46//46
f 50//50 49//49 48//48
f 48//48 38//38 50//50
f 38//38 51//51 50//50
f 50//50 52//52 53//53
f 51//51 52//52 50//50
f 52//52 51//51 38//38
f 53//53 16//16 55//55
f 53//53 52//52 16//16
f 52//52 38//38 16//16
f 15//15 38//38 56//56
f 56//56 38//38 48//48
f 18//18 57//57 17//17
f 57//57 39//39 17//17
f 59//59 60//60 61//61
f 58//58 60//60 59//59
f 18//18 24//24 62//62
f 63//63 61//61 60//60
f 56//56 65//65 64//64
f 64//64 15//15 56//56
f 66//66 24//24 25//25
f 58//58 59//59 68//68
f 58//58 63//63 60//60
f 68//68 63//63 58//58
f 64//64 65//65 69//69
f 15//15 64//64 19//19
f 19//19 64//64 27//27
f 25//25 29//29 71//71
f 29//29 72//72 71//71
f 27//27 74//74 32//32
f 29//29 34//34 75//75
f 36//36 32//32 77//77
f 37//37 78//78 40//40
f 34//34 40//40 76//76
f 37//37 36//36 78//78
f 78//78 36//36 77//77
f 80//80 79//79 82//82
f 79//79 81//81 82//82
f 81//81 83//83 82//82
f 82//82 83//83 84//84
f 84//84 83//83 86//86
f 83//83 85//85 86//86
f 3//3 87//87 41//41
f 3//3 41//41 85//85
f 86//86 85//85 88//88
f 85//85 41//41 88//88
f 41//41 87//87 42//42
f 41//41 42//42 88//88
f 87//87 91//91 42//42
f 88//88 42//42 92//92
f 89//89 88//88 90//90
f 88//88 92//92 90//90
f 93//93 42//42 91//91
f 92//92 42//42 94//94
f 42//42 93//93 94//94
f 90//90 92//92 94//94
f 93//93 95//95 94//94
f 94//94 95//95 96//96
f 95//95 98//98 97//97
f 96//96 95//95 99//99
f 95//95 97//97 99//99
f 96//96 99//99 100//100
f 97//97 98//98 101//101
f 99//99 97//97 102//102
f 97//97 101//101 102//102
f 99//99 102//102 100//100
f 98//98 104//104 101//101
f 102//102 103//103 100//100
f 102//102 101//101 106//106
f 101//101 105//105 106//106
f 106//106 105//105 45//45
f 105//105 44//44 45//45
f 44//44 107//107 43//43
f 107//107 111//111 43//43
f 108//108 45//45 110//110
f 45//45 46//46 110//110
f 43//43 113//113 112//112
f 111//111 113//113 43//43
f 46//46 43//43 114//114
f 43//43 112//112 114//114
f 110//110 46//46 114//114
f 114//114 112//112 116//116
f 112//112 115//115 116//116
f 115//115 119//119 118//118
f 117//117 119//119 115//115
f 116//116 115//115 120//120
f 115//115 118//118 120//120
f 116//116 120//120 121//121
f 118//118 123//123 122//122
f 119//119 123//123 118//118
f 120//120 118//118 124//124
f 118//118 122//122 124//124
f 121//121 120//120 124//124
f 124//124 122//122 125//125
f 122//122 126//126 125//125
f 129//129 128//128 127//127
f 129//129 127//127 126//126
f 125//125 126//126 130//130
f 126//126 127//127 130//130
f 127//127 128//128 131//131
f 130//130 127//127 132//132
f 127//127 131//131 132//132
f 132//132 131//131 134//134
f 131//131 133//133 134//134
f 134//134 133//133 136//136
f 133//133 135//135 136//136
f 136//136 135//135 138//138
f 135//135 137//137 138//138
f 139//139 141//141 140//140
f 140//140 141//141 142//142
f 142//142 141//141 144//144
f 141//141 143//143 144//144
f 143//143 145//145 144//144
f 147//147 145//145 143//143
f 144//144 145//145 146//146
f 145//145 149//149 47//47
f 147//147 149//149 145//145
f 47//47 150//150 145//145
f 145//145 150//150 146//146
f 146//146 150//150 152//152
f 152//152 148//148 146//146
f 47//47 149//149 153//153
f 150//150 47//47 154//154
f 47//47 153//153 154//154
f 155//155 152//152 150//150
f 149//149 156//156 153//153
f 150//150 154//154 155//155
f 153//153 156//156 159//159
f 153//153 159//159 161//161
f 153//153 161//161 154//154
f 157//157 158//158 155//155
f 159//159 162//162 161//161
f 164//164 163//163 162//162
f 163//163 165//165 162//162
f 168//168 165//165 167//167
f 165//165 163//163 167//167
f 169//169 171//171 170//170
f 172//172 177//177 175//175
f 174//174 172//172 175//175
f 179//179 174//174 175//175
f 175//175 177//177 187//187
f 177//177 186//186 187//187
f 188//188 179//179 175//175
f 183//183 181//181 49//49
f 181//181 189//189 49//49
f 185//185 183//183 50//50
f 183//183 49//49 50//50
f 190//190 186//186 177//177
f 187//187 188//188 175//175
f 190//190 21//21 186//186
f 186//186 21//21 193//193
f 187//187 186//186 194//194
f 186//186 193//193 194//194
f 187//187 194//194 188//188
f 195//195 197//197 189//189
f 197//197 49//49 189//189
f 197//197 48//48 49//49
f 192//192 53//53 199//199
f 53//53 55//55 199//199
f 199//199 55//55 16//16
f 39//39 199//199 16//16
f 200//200 208//208 59//59
f 202//202 200//200 61//61
f 200//200 59//59 61//61
f 203//203 202//202 209//209
f 202//202 61//61 209//209
f 205//205 203//203 210//210
f 203//203 209//209 210//210
f 197//197 211//211 65//65
f 195//195 211//211 197//197
f 56//56 48//48 197//197
f 65//65 56//56 197//197
f 207//207 199//199 39//39
f 57//57 207//207 39//39
f 57//57 18//18 207//207
f 18//18 62//62 207//207
f 66//66 62//62 24//24
f 59//59 208//208 68//68
f 68//68 208//208 173//173
f 212//212 209//209 63//63
f 209//209 61//61 63//63
f 25//25 71//71 66//66
f 68//68 217//217 63//63
f 216//216 217//217 68//68
f 214//214 213//213 219//219
f 213//213 218//218 219//219
f 69//69 221//221 220//220
f 215//215 221//221 69//69
f 27//27 64//64 69//69
f 220//220 27//27 69//69
f 73//73 27//27 220//220
f 218//218 222//222 223//223
f 220//220 221//221 226//226
f 221//221 225//225 226//226
f 73//73 220//220 74//74
f 74//74 27//27 73//73
f 72//72 29//29 75//75
f 224//224 219//219 223//223
f 219//219 218//218 223//223
f 74//74 220//220 226//226
f 76//76 75//75 34//34
f 32//32 74//74 77//77
f 227//227 40//40 78//78
f 76//76 40//40 227//227
f 79//79 228//228 230//230
f 229//229 228//228 79//79
f 80//80 229//229 79//79
f 229//229 80//80 231//231
f 81//81 79//79 230//230
f 233//233 81//81 230//230
f 80//80 82//82 234//234
f 231//231 80//80 234//234
f 83//83 81//81 233//233
f 82//82 84//84 234//234
f 233//233 236//236 83//83
f 234//234 84//84 235//235
f 83//83 3//3 85//85
f 236//236 3//3 83//83
f 235//235 84//84 86//86
f 237//237 235//235 86//86
f 86//86 88//88 89//89
f 89//89 237//237 86//86
f 93//93 91//91 238//238
f 90//90 94//94 239//239
f 93//93 238//238 95//95
f 238//238 241//241 95//95
f 239//239 94//94 96//96
f 96//96 240//240 239//239
f 98//98 95//95 241//241
f 96//96 100//100 240//240
f 105//105 101//101 104//104
f 242//242 105//105 104//104
f 102//102 106//106 243//243
f 103//103 102//102 243//243
f 107//107 105//105 242//242
f 106//106 45//45 108//108
f 243//243 106//106 108//108
f 105//105 107//107 44//44
f 110//110 114//114 244//244
f 117//117 112//112 113//113
f 114//114 116//116 244//244
f 115//115 112//112 117//117
f 244//244 116//116 245//245
f 116//116 121//121 245//245
f 121//121 124//124 246//246
f 126//126 122//122 123//123
f 123//123 129//129 126//126
f 246//246 124//124 247//247
f 124//124 125//125 247//247
f 125//125 130//130 248//248
f 247//247 125//125 248//248
f 130//130 132//132 248//248
f 128//128 249//249 131//131
f 248//248 132//132 250//250
f 131//131 251//251 133//133
f 249//249 251//251 131//131
f 250//250 132//132 252//252
f 132//132 134//134 252//252
f 133//133 251//251 253//253
f 134//134 136//136 252//252
f 135//135 133//133 253//253
f 252//252 136//136 255//255
f 135//135 256//256 137//137
f 253//253 256//256 135//135
f 136//136 138//138 255//255
f 255//255 138//138 257//257
f 139//139 137//137 256//256
f 138//138 137//137 140//140
f 137//137 139//139 140//140
f 139//139 260//260 141//141
f 258//258 260//260 139//139
f 142//142 259//259 140//140
f 261//261 259//259 142//142
f 260//260 262//262 143//143
f 143//143 141//141 260//260
f 142//142 144//144 261//261
f 261//261 144//144 263//263
f 144//144 146//146 263//263
f 143//143 262//262 147//147
f 263//263 146//146 148//148
f 155//155 264//264 152//152
f 155//155 158//158 264//264
f 267//267 156//156 265//265
f 267//267 159//159 156//156
f 154//154 161//161 266//266
f 155//155 154//154 157//157
f 154//154 266//266 157//157
f 268//268 264//264 158//158
f 159//159 267//267 162//162
f 267//267 164//164 162//162
f 161//161 162//162 269//269
f 266//266 161//161 270//270
f 270//270 271//271 266//266
f 271//271 157//157 266//266
f 272//272 157//157 271//271
f 158//158 157//157 272//272
f 268//268 158//158 273//273
f 158//158 272//272 273//273
f 161//161 269//269 270//270
f 162//162 165//165 269//269
f 164//164 278//278 163//163
f 275//275 278//278 164//164
f 165//165 276//276 269//269
f 280//280 271//271 279//279
f 280//280 272//272 271//271
f 166//166 273//273 280//280
f 280//280 273//273 272//272
f 274//274 273//273 277//277
f 273//273 166//166 277//277
f 281//281 167//167 278//278
f 163//163 278//278 167//167
f 283//283 165//165 168//168
f 165//165 283//283 276//276
f 166//166 280//280 285//285
f 280//280 284//284 285//285
f 166//166 285//285 170//170
f 277//277 166//166 170//170
f 170//170 286//286 277//277
f 281//281 287//287 172//172
f 281//281 172//172 167//167
f 285//285 70//70 170//170
f 170//170 171//171 286//286
f 167//167 172//172 174//174
f 168//168 167//167 67//67
f 167//167 174//174 67//67
f 170//170 70//70 169//169
f 177//177 172//172 287//287
f 179//179 67//67 174//174
f 169//169 70//70 289//289
f 291//291 169//169 289//289
f 171//171 169//169 181//181
f 169//169 291//291 181//181
f 288//288 171//171 183//183
f 171//171 181//181 183//183
f 190//190 177//177 292//292
f 294//294 189//189 291//291
f 189//189 181//181 291//291
f 185//185 53//53 295//295
f 53//53 185//185 50//50
f 299//299 298//298 202//202
f 299//299 202//202 203//203
f 296//296 299//299 205//205
f 299//299 203//203 205//205
f 21//21 296//296 205//205
f 190//190 296//296 21//21
f 188//188 194//194 300//300
f 301//301 192//192 207//207
f 192//192 199//199 207//207
f 303//303 208//208 200//200
f 21//21 205//205 304//304
f 205//205 210//210 304//304
f 193//193 21//21 304//304
f 193//193 304//304 305//305
f 194//194 193//193 306//306
f 306//306 193//193 305//305
f 300//300 194//194 306//306
f 207//207 62//62 66//66
f 302//302 207//207 66//66
f 300//300 306//306 307//307
f 305//305 308//308 306//306
f 65//65 211//211 215//215
f 309//309 210//210 212//212
f 210//210 209//209 212//212
f 306//306 308//308 213//213
f 307//307 306//306 214//214
f 306//306 213//213 214//214
f 69//69 65//65 215//215
f 68//68 173//173 310//310
f 68//68 310//310 216//216
f 212//212 217//217 311//311
f 212//212 63//63 217//217
f 218//218 213//213 222//222
f 222//222 213//213 308//308
f 312//312 214//214 219//219
f 219//219 224//224 312//312
f 221//221 313//313 225//225
f 223//223 222//222 314//314
f 312//312 224//224 315//315
f 313//313 316//316 225//225
f 314//314 317//317 223//223
f 225//225 316//316 319//319
f 223//223 317//317 320//320
f 224//224 223//223 320//320
f 224//224 320//320 321//321
f 315//315 224//224 318//318
f 224//224 321//321 318//318
f 316//316 322//322 319//319
f 226//226 225//225 323//323
f 225//225 319//319 323//323
f 226//226 323//323 74//74
f 74//74 323//323 324//324
f 74//74 324//324 77//77
f 325//325 229//229 326//326
f 228//228 229//229 325//325
f 228//228 325//325 327//327
f 326//326 229//229 328//328
f 230//230 327//327 330//330
f 228//228 327//327 230//230
f 229//229 231//231 328//328
f 328//328 231//231 329//329
f 230//230 330//330 233//233
f 233//233 330//330 331//331
f 329//329 231//231 234//234
f 332//332 329//329 234//234
f 233//233 331//331 236//236
f 234//234 235//235 332//332
f 331//331 334//334 236//236
f 332//332 235//235 333//333
f 3//3 236//236 334//334
f 335//335 3//3 334//334
f 235//235 237//237 333//333
f 237//237 336//336 333//333
f 3//3 335//335 87//87
f 335//335 337//337 87//87
f 340//340 336//336 237//237
f 89//89 340//340 237//237
f 337//337 341//341 87//87
f 91//91 87//87 341//341
f 89//89 90//90 340//340
f 90//90 342//342 340//340
f 91//91 341//341 238//238
f 238//238 341//341 343//343
f 239//239 344//344 90//90
f 344//344 342//342 90//90
f 345//345 238//238 343//343
f 344//344 239//239 346//346
f 346//346 239//239 240//240
f 241//241 238//238 345//345
f 241//241 345//345 98//98
f 98//98 345//345 347//347
f 240//240 100//100 346//346
f 100//100 348//348 346//346
f 98//98 347//347 349//349
f 100//100 103//103 348//348
f 103//103 350//350 348//348
f 98//98 349//349 104//104
f 242//242 104//104 351//351
f 104//104 349//349 351//351
f 103//103 243//243 352//352
f 352//352 350//350 103//103
f 242//242 351//351 107//107
f 351//351 353//353 107//107
f 243//243 108//108 354//354
f 352//352 243//243 354//354
f 353//353 356//356 107//107
f 111//111 107//107 356//356
f 108//108 110//110 354//354
f 110//110 359//359 354//354
f 111//111 356//356 113//113
f 113//113 356//356 360//360
f 244//244 361//361 110//110
f 361//361 359//359 110//110
f 113//113 360//360 362//362
f 244//244 245//245 361//361
f 117//117 113//113 362//362
f 361//361 245//245 363//363
f 117//117 362//362 119//119
f 119//119 362//362 364//364
f 121//121 363//363 245//245
f 121//121 365//365 363//363
f 119//119 364//364 123//123
f 123//123 364//364 366//366
f 246//246 367//367 121//121
f 367//367 365//365 121//121
f 123//123 366//366 368//368
f 246//246 247//247 367//367
f 129//129 123//123 368//368
f 160//160 367//367 247//247
f 129//129 368//368 128//128
f 368//368 369//369 128//128
f 160//160 247//247 248//248
f 370//370 160//160 248//248
f 249//249 128//128 371//371
f 128//128 369//369 371//371
f 248//248 250//250 372//372
f 372//372 370//370 248//248
f 251//251 249//249 371//371
f 373//373 251//251 371//371
f 372//372 250//250 374//374
f 374//374 250//250 252//252
f 376//376 251//251 373//373
f 255//255 374//374 252//252
f 253//253 251//251 376//376
f 374//374 255//255 377//377
f 256//256 253//253 376//376
f 378//378 256//256 376//376
f 379//379 377//377 255//255
f 379//379 255//255 257//257
f 256//256 380//380 258//258
f 256//256 378//378 380//380
f 139//139 256//256 258//258
f 138//138 140//140 257//257
f 381//381 379//379 257//257
f 257//257 140//140 259//259
f 259//259 381//381 257//257
f 380//380 383//383 258//258
f 259//259 384//384 381//381
f 260//260 258//258 383//383
f 261//261 384//384 259//259
f 262//262 260//260 383//383
f 385//385 262//262 383//383
f 261//261 263//263 386//386
f 384//384 261//261 386//386
f 147//147 262//262 385//385
f 385//385 388//388 147//147
f 263//263 148//148 386//386
f 148//148 387//387 386//386
f 149//149 147//147 388//388
f 389//389 149//149 388//388
f 390//390 387//387 152//152
f 152//152 387//387 148//148
f 390//390 391//391 387//387
f 389//389 392//392 149//149
f 390//390 393//393 391//391
f 390//390 264//264 393//393
f 390//390 152//152 264//264
f 156//156 394//394 265//265
f 156//156 392//392 394//394
f 156//156 149//149 392//392
f 393//393 264//264 395//395
f 265//265 394//394 267//267
f 394//394 396//396 267//267
f 264//264 268//268 397//397
f 395//395 264//264 397//397
f 396//396 398//398 164//164
f 164//164 267//267 396//396
f 399//399 266//266 270//270
f 397//397 268//268 273//273
f 397//397 273//273 400//400
f 400//400 401//401 397//397
f 164//164 402//402 275//275
f 164//164 398//398 402//402
f 270//270 403//403 399//399
f 270//270 269//269 403//403
f 270//270 399//399 404//404
f 270//270 404//404 271//271
f 400//400 274//274 401//401
f 400//400 273//273 274//274
f 403//403 269//269 405//405
f 274//274 277//277 401//401
f 406//406 278//278 402//402
f 402//402 278//278 275//275
f 269//269 276//276 405//405
f 271//271 404//404 407//407
f 271//271 407//407 279//279
f 280//280 279//279 407//407
f 409//409 401//401 277//277
f 407//407 410//410 280//280
f 409//409 277//277 411//411
f 278//278 406//406 281//281
f 406//406 412//412 281//281
f 283//283 168//168 8//8
f 405//405 283//283 8//8
f 405//405 276//276 283//283
f 280//280 410//410 413//413
f 284//284 280//280 413//413
f 277//277 286//286 411//411
f 411//411 286//286 414//414
f 8//8 168//168 416//416
f 287//287 415//415 418//418
f 281//281 415//415 287//287
f 281//281 412//412 415//415
f 168//168 67//67 416//416
f 284//284 413//413 420//420
f 284//284 420//420 285//285
f 70//70 285//285 420//420
f 286//286 171//171 288//288
f 414//414 286//286 288//288
f 288//288 417//417 414//414
f 419//419 416//416 67//67
f 420//420 413//413 422//422
f 70//70 420//420 422//422
f 288//288 423//423 417//417
f 177//177 426//426 425//425
f 177//177 418//418 426//426
f 287//287 418//418 177//177
f 67//67 179//179 428//428
f 428//428 419//419 67//67
f 70//70 422//422 430//430
f 70//70 430//430 289//289
f 291//291 289//289 430//430
f 288//288 183//183 423//423
f 424//424 423//423 183//183
f 424//424 183//183 293//293
f 293//293 183//183 185//185
f 177//177 425//425 292//292
f 428//428 179//179 432//432
f 291//291 430//430 434//434
f 295//295 293//293 185//185
f 295//295 435//435 293//293
f 190//190 425//425 436//436
f 292//292 425//425 190//190
f 179//179 188//188 437//437
f 432//432 179//179 437//437
f 437//437 428//428 432//432
f 291//291 434//434 438//438
f 291//291 438//438 294//294
f 295//295 53//53 435//435
f 190//190 436//436 296//296
f 439//439 435//435 53//53
f 439//439 53//53 441//441
f 441//441 53//53 192//192
f 298//298 299//299 443//443
f 299//299 440//440 443//443
f 436//436 440//440 299//299
f 296//296 436//436 299//299
f 188//188 300//300 437//437
f 294//294 438//438 189//189
f 301//301 444//444 192//192
f 444//444 441//441 192//192
f 200//200 442//442 445//445
f 443//443 442//442 200//200
f 202//202 443//443 200//200
f 298//298 443//443 202//202
f 446//446 437//437 300//300
f 195//195 189//189 447//447
f 189//189 438//438 447//447
f 444//444 301//301 207//207
f 444//444 207//207 448//448
f 448//448 207//207 302//302
f 421//421 448//448 302//302
f 200//200 445//445 303//303
f 445//445 450//450 208//208
f 208//208 303//303 445//445
f 300//300 307//307 446//446
f 307//307 452//452 446//446
f 211//211 195//195 447//447
f 453//453 211//211 447//447
f 302//302 66//66 421//421
f 449//449 421//421 455//455
f 421//421 66//66 455//455
f 458//458 304//304 456//456
f 305//305 304//304 458//458
f 208//208 450//450 310//310
f 304//304 459//459 456//456
f 304//304 210//210 459//459
f 307//307 214//214 452//452
f 461//461 211//211 453//453
f 66//66 71//71 455//455
f 208//208 310//310 173//173
f 459//459 210//210 309//309
f 458//458 462//462 305//305
f 305//305 462//462 308//308
f 463//463 452//452 214//214
f 215//215 211//211 461//461
f 455//455 71//71 382//382
f 459//459 212//212 464//464
f 459//459 309//309 212//212
f 461//461 375//375 215//215
f 427//427 216//216 310//310
f 431//431 427//427 310//310
f 217//217 465//465 311//311
f 311//311 465//465 212//212
f 212//212 465//465 464//464
f 222//222 308//308 462//462
f 467//467 222//222 462//462
f 463//463 214//214 312//312
f 109//109 463//463 312//312
f 215//215 375//375 221//221
f 375//375 468//468 221//221
f 71//71 72//72 382//382
f 72//72 433//433 382//382
f 217//217 216//216 427//427
f 469//469 217//217 427//427
f 217//217 469//469 465//465
f 468//468 313//313 221//221
f 429//429 433//433 72//72
f 470//470 222//222 467//467
f 471//471 109//109 315//315
f 315//315 109//109 312//312
f 454//454 313//313 468//468
f 314//314 222//222 470//470
f 316//316 313//313 454//454
f 72//72 472//472 429//429
f 75//75 472//472 72//72
f 315//315 318//318 471//471
f 75//75 474//474 472//472
f 76//76 474//474 75//75
f 317//317 314//314 470//470
f 475//475 317//317 470//470
f 471//471 476//476 477//477
f 471//471 318//318 476//476
f 454//454 478//478 316//316
f 478//478 322//322 316//316
f 473//473 77//77 479//479
f 78//78 77//77 481//481
f 481//481 77//77 473//473
f 227//227 78//78 482//482
f 482//482 78//78 481//481
f 474//474 227//227 482//482
f 227//227 474//474 76//76
f 319//319 322//322 478//478
f 77//77 324//324 479//479
f 317//317 475//475 191//191
f 320//320 317//317 191//191
f 483//483 320//320 191//191
f 484//484 320//320 483//483
f 321//321 320//320 484//484
f 318//318 321//321 484//484
f 476//476 318//318 484//484
f 319//319 478//478 486//486
f 487//487 319//319 486//486
f 323//323 319//319 487//487
f 489//489 323//323 487//487
f 324//324 323//323 489//489
f 490//490 324//324 489//489
f 491//491 324//324 490//490
f 324//324 491//491 479//479
f 484//484 485//485 476//476
f 491//491 489//489 487//487
f 491//491 490//490 489//489
f 479//479 491//491 493//493
f 389//389 388//388 392//392
f 494//494 402//402 398//398
f 494//494 398//398 396//396
f 495//495 397//397 401//401
f 399//399 403//403 496//496
f 405//405 496//496 403//403
f 404//404 399//399 407//407
f 407//407 497//497 413//413
f 407//407 413//413 410//410
f 8//8 416//416 419//419
f 413//413 498//498 422//422
f 426//426 418//418 425//425
f 425//425 499//499 436//436
f 500//500 428//428 437//437
f 439//439 441//441 435//435
f 442//442 501//501 445//445
f 446//446 500//500 437//437
f 438//438 502//502 447//447
f 447//447 502//502 453//453
f 453//453 502//502 503//503
f 504//504 458//458 456//456
f 459//459 504//504 456//456
f 458//458 504//504 462//462
f 453//453 503//503 461//461
f 461//461 503//503 375//375
f 464//464 465//465 459//459
f 508//508 475//475 506//506
f 506//506 475//475 470//470
f 471//471 477//477 507//507
f 481//481 473//473 505//505
f 474//474 481//481 505//505
f 482//482 481//481 474//474
f 477//477 476//476 485//485
f 509//509 486//486 478//478
f 511//511 327//327 325//325
f 510//510 327//327 511//511
f 326//326 512//512 325//325
f 512//512 511//511 325//325
f 328//328 512//512 326//326
f 328//328 513//513 512//512
f 514//514 330//330 327//327
f 328//328 515//515 513//513
f 329//329 515//515 328//328
f 330//330 516//516 331//331
f 514//514 516//516 330//330
f 329//329 332//332 515//515
f 332//332 517//517 515//515
f 334//334 331//331 518//518
f 332//332 333//333 517//517
f 333//333 519//519 517//517
f 334//334 518//518 335//335
f 335//335 518//518 520//520
f 333//333 336//336 519//519
f 336//336 521//521 519//519
f 522//522 337//337 335//335
f 336//336 340//340 521//521
f 340//340 523//523 521//521
f 337//337 522//522 341//341
f 341//341 522//522 524//524
f 342//342 525//525 340//340
f 343//343 341//341 526//526
f 341//341 524//524 526//526
f 527//527 342//342 344//344
f 343//343 526//526 345//345
f 345//345 526//526 358//358
f 344//344 346//346 527//527
f 346//346 528//528 527//527
f 345//345 358//358 347//347
f 358//358 529//529 347//347
f 346//346 348//348 528//528
f 348//348 530//530 528//528
f 347//347 529//529 531//531
f 347//347 531//531 349//349
f 348//348 350//350 530//530
f 349//349 531//531 533//533
f 349//349 533//533 351//351
f 350//350 352//352 532//532
f 352//352 282//282 532//532
f 533//533 353//353 351//351
f 352//352 354//354 282//282
f 354//354 535//535 282//282
f 354//354 359//359 535//535
f 353//353 534//534 356//356
f 356//356 534//534 536//536
f 356//356 536//536 360//360
f 360//360 536//536 538//538
f 539//539 359//359 361//361
f 362//362 360//360 540//540
f 361//361 363//363 539//539
f 363//363 541//541 539//539
f 362//362 540//540 364//364
f 364//364 540//540 542//542
f 363//363 365//365 541//541
f 365//365 543//543 541//541
f 364//364 542//542 544//544
f 365//365 367//367 543//543
f 367//367 545//545 543//543
f 364//364 544//544 366//366
f 366//366 544//544 368//368
f 368//368 544//544 546//546
f 367//367 160//160 545//545
f 160//160 547//547 545//545
f 548//548 369//369 368//368
f 160//160 370//370 547//547
f 370//370 549//549 547//547
f 371//371 548//548 550//550
f 369//369 548//548 371//371
f 370//370 372//372 549//549
f 372//372 552//552 549//549
f 371//371 550//550 373//373
f 373//373 550//550 553//553
f 372//372 374//374 552//552
f 374//374 554//554 552//552
f 373//373 553//553 376//376
f 376//376 553//553 555//555
f 374//374 377//377 554//554
f 377//377 204//204 554//554
f 376//376 555//555 378//378
f 378//378 555//555 556//556
f 377//377 379//379 204//204
f 379//379 557//557 204//204
f 378//378 556//556 380//380
f 380//380 556//556 558//558
f 559//559 379//379 381//381
f 380//380 558//558 383//383
f 383//383 558//558 560//560
f 381//381 384//384 559//559
f 384//384 561//561 559//559
f 383//383 560//560 385//385
f 385//385 560//560 562//562
f 384//384 386//386 561//561
f 386//386 563//563 561//561
f 385//385 562//562 388//388
f 386//386 387//387 563//563
f 387//387 565//565 563//563
f 565//565 387//387 566//566
f 388//388 564//564 392//392
f 392//392 564//564 567//567
f 387//387 391//391 566//566
f 391//391 568//568 566//566
f 569//569 394//394 392//392
f 391//391 393//393 568//568
f 394//394 570//570 396//396
f 397//397 572//572 571//571
f 397//397 571//571 395//395
f 573//573 402//402 494//494
f 396//396 570//570 494//494
f 495//495 574//574 397//397
f 574//574 495//495 401//401
f 573//573 576//576 402//402
f 402//402 576//576 406//406
f 577//577 399//399 496//496
f 399//399 577//577 407//407
f 577//577 578//578 407//407
f 409//409 411//411 401//401
f 411//411 579//579 401//401
f 496//496 405//405 577//577
f 406//406 415//415 412//412
f 580//580 415//415 406//406
f 497//497 407//407 581//581
f 581//581 413//413 497//497
f 579//579 411//411 414//414
f 417//417 583//583 414//414
f 580//580 178//178 415//415
f 585//585 8//8 419//419
f 413//413 586//586 498//498
f 583//583 417//417 423//423
f 178//178 418//418 415//415
f 498//498 586//586 290//290
f 422//422 498//498 180//180
f 424//424 588//588 423//423
f 588//588 587//587 423//423
f 589//589 425//425 590//590
f 418//418 178//178 590//590
f 425//425 418//418 590//590
f 591//591 419//419 428//428
f 430//430 422//422 592//592
f 422//422 180//180 592//592
f 293//293 198//198 424//424
f 589//589 499//499 425//425
f 201//201 499//499 589//589
f 435//435 196//196 293//293
f 201//201 593//593 436//436
f 436//436 499//499 201//201
f 595//595 428//428 500//500
f 434//434 430//430 206//206
f 196//196 435//435 441//441
f 597//597 443//443 440//440
f 596//596 443//443 597//597
f 436//436 593//593 440//440
f 438//438 206//206 599//599
f 434//434 206//206 438//438
f 444//444 600//600 441//441
f 603//603 501//501 442//442
f 601//601 501//501 603//603
f 443//443 596//596 442//442
f 596//596 603//603 442//442
f 448//448 604//604 444//444
f 605//605 604//604 448//448
f 501//501 601//601 445//445
f 500//500 446//446 595//595
f 446//446 606//606 595//595
f 502//502 599//599 607//607
f 438//438 599//599 502//502
f 605//605 448//448 421//421
f 605//605 421//421 608//608
f 608//608 421//421 449//449
f 445//445 176//176 450//450
f 450//450 176//176 609//609
f 446//446 452//452 606//606
f 452//452 610//610 606//606
f 502//502 607//607 503//503
f 503//503 607//607 611//611
f 449//449 455//455 608//608
f 455//455 613//613 608//608
f 452//452 614//614 610//610
f 452//452 463//463 614//614
f 310//310 609//609 616//616
f 450//450 609//609 310//310
f 459//459 617//617 618//618
f 459//459 618//618 504//504
f 456//456 618//618 504//504
f 504//504 618//618 462//462
f 463//463 602//602 614//614
f 503//503 611//611 375//375
f 375//375 611//611 620//620
f 382//382 598//598 455//455
f 598//598 613//613 455//455
f 310//310 616//616 431//431
f 621//621 427//427 431//431
f 616//616 621//621 431//431
f 459//459 465//465 617//617
f 467//467 462//462 623//623
f 109//109 624//624 463//463
f 625//625 468//468 375//375
f 382//382 433//433 598//598
f 433//433 627//627 598//598
f 628//628 629//629 630//630
f 631//631 433//433 429//429
f 469//469 427//427 632//632
f 632//632 427//427 621//621
f 465//465 469//469 622//622
f 467//467 623//623 470//470
f 470//470 623//623 633//633
f 471//471 635//635 109//109
f 468//468 625//625 612//612
f 628//628 473//473 629//629
f 630//630 505//505 628//628
f 628//628 505//505 473//473
f 505//505 630//630 636//636
f 631//631 472//472 637//637
f 472//472 631//631 429//429
f 470//470 633//633 639//639
f 507//507 492//492 635//635
f 507//507 635//635 471//471
f 468//468 612//612 454//454
f 629//629 473//473 640//640
f 636//636 641//641 474//474
f 505//505 636//636 474//474
f 641//641 472//472 474//474
f 506//506 642//642 508//508
f 639//639 506//506 470//470
f 507//507 477//477 492//492
f 477//477 643//643 492//492
f 454//454 612//612 478//478
f 478//478 612//612 488//488
f 479//479 644//644 640//640
f 473//473 479//479 640//640
f 508//508 642//642 475//475
f 645//645 477//477 485//485
f 646//646 479//479 493//493
f 191//191 475//475 647//647
f 509//509 478//478 648//648
f 486//486 509//509 649//649
f 649//649 509//509 648//648
f 650//650 493//493 491//491
f 191//191 647//647 483//483
f 647//647 651//651 483//483
f 484//484 483//483 652//652
f 652//652 483//483 651//651
f 484//484 652//652 485//485
f 487//487 486//486 653//653
f 491//491 487//487 650//650
f 650//650 487//487 653//653
f 510//510 514//514 327//327
f 331//331 516//516 518//518
f 335//335 520//520 522//522
f 523//523 340//340 525//525
f 525//525 342//342 527//527
f 530//530 350//350 532//532
f 534//534 353//353 533//533
f 359//359 537//537 535//535
f 537//537 359//359 539//539
f 360//360 538//538 540//540
f 548//548 368//368 546//546
f 557//557 379//379 559//559
f 388//388 562//562 564//564
f 654//654 565//565 566//566
f 566//566 568//568 654//654
f 392//392 567//567 569//569
f 393//393 655//655 568//568
f 393//393 395//395 655//655
f 394//394 569//569 570//570
f 395//395 571//571 655//655
f 656//656 573//573 494//494
f 494//494 570//570 656//656
f 397//397 574//574 572//572
f 575//575 574//574 401//401
f 657//657 575//575 401//401
f 401//401 579//579 657//657
f 658//658 580//580 406//406
f 406//406 576//576 658//658
f 405//405 8//8 582//582
f 577//577 405//405 582//582
f 577//577 582//582 659//659
f 407//407 578//578 581//581
f 578//578 586//586 581//581
f 660//660 579//579 414//414
f 413//413 581//581 586//586
f 414//414 583//583 660//660
f 8//8 585//585 582//582
f 587//587 583//583 423//423
f 582//582 585//585 551//551
f 290//290 180//180 498//498
f 590//590 178//178 589//589
f 585//585 419//419 591//591
f 424//424 198//198 588//588
f 293//293 196//196 198//198
f 591//591 428//428 595//595
f 430//430 592//592 206//206
f 600//600 196//196 441//441
f 440//440 593//593 597//597
f 444//444 604//604 600//600
f 445//445 601//601 176//176
f 595//595 606//606 615//615
f 608//608 619//619 605//605
f 616//616 594//594 621//621
f 663//663 465//465 622//622
f 465//465 663//663 617//617
f 462//462 618//618 623//623
f 463//463 624//624 602//602
f 375//375 620//620 625//625
f 662//662 630//630 661//661
f 661//661 630//630 629//629
f 627//627 433//433 631//631
f 469//469 632//632 622//622
f 109//109 635//635 624//624
f 665//665 631//631 641//641
f 637//637 641//641 631//631
f 665//665 636//636 630//630
f 641//641 636//636 665//665
f 637//637 472//472 641//641
f 506//506 639//639 642//642
f 642//642 666//666 475//475
f 475//475 666//666 647//647
f 643//643 477//477 645//645
f 478//478 488//488 648//648
f 644//644 479//479 646//646
f 646//646 493//493 650//650
f 485//485 652//652 645//645
f 649//649 653//653 486//486
f 667//667 520//520 518//518
f 526//526 668//668 358//358
f 539//539 541//541 669//669
f 553//553 550//550 670//670
f 672//672 567//567 564//564
f 568//568 565//565 654//654
f 673//673 565//565 568//568
f 567//567 672//672 569//569
f 569//569 672//672 254//254
f 571//571 572//572 655//655
f 573//573 656//656 570//570
f 573//573 570//570 674//674
f 572//572 575//575 675//675
f 572//572 574//574 575//575
f 577//577 659//659 581//581
f 578//578 577//577 581//581
f 578//578 676//676 586//586
f 659//659 582//582 551//551
f 581//581 659//659 182//182
f 180//180 290//290 586//586
f 659//659 551//551 182//182
f 593//593 201//201 589//589
f 591//591 595//595 615//615
f 600//600 677//677 196//196
f 601//601 603//603 584//584
f 176//176 601//601 584//584
f 607//607 599//599 678//678
f 607//607 678//678 611//611
f 611//611 678//678 681//681
f 611//611 681//681 682//682
f 685//685 661//661 683//683
f 614//614 602//602 610//610
f 611//611 682//682 620//620
f 683//683 661//661 686//686
f 618//618 687//687 623//623
f 625//625 620//620 682//682
f 661//661 629//629 688//688
f 686//686 661//661 688//688
f 689//689 624//624 635//635
f 690//690 689//689 684//684
f 689//689 492//492 684//684
f 690//690 695//695 694//694
f 635//635 492//492 689//689
f 690//690 684//684 695//695
f 639//639 633//633 642//642
f 642//642 633//633 666//666
f 684//684 492//492 696//696
f 492//492 643//643 696//696
f 695//695 684//684 697//697
f 684//684 696//696 697//697
f 643//643 645//645 699//699
f 696//696 643//643 700//700
f 643//643 699//699 700//700
f 451//451 697//697 700//700
f 700//700 697//697 696//696
f 701//701 698//698 697//697
f 451//451 701//701 697//697
f 512//512 703//703 511//511
f 704//704 703//703 512//512
f 511//511 703//703 510//510
f 512//512 706//706 704//704
f 512//512 513//513 706//706
f 703//703 626//626 514//514
f 703//703 514//514 510//510
f 703//703 705//705 626//626
f 706//706 707//707 704//704
f 706//706 513//513 707//707
f 513//513 515//515 707//707
f 514//514 709//709 516//516
f 626//626 709//709 514//514
f 517//517 707//707 515//515
f 710//710 707//707 517//517
f 516//516 709//709 518//518
f 519//519 710//710 517//517
f 709//709 711//711 518//518
f 710//710 519//519 712//712
f 518//518 711//711 667//667
f 712//712 714//714 715//715
f 713//713 712//712 715//715
f 521//521 712//712 519//519
f 714//714 712//712 521//521
f 520//520 667//667 522//522
f 521//521 717//717 714//714
f 717//717 521//521 523//523
f 716//716 522//522 667//667
f 522//522 716//716 718//718
f 522//522 718//718 524//524
f 719//719 717//717 525//525
f 717//717 523//523 525//525
f 720//720 526//526 718//718
f 526//526 524//524 718//718
f 527//527 719//719 525//525
f 721//721 719//719 527//527
f 526//526 720//720 668//668
f 721//721 722//722 723//723
f 721//721 527//527 722//722
f 527//527 528//528 722//722
f 724//724 358//358 668//668
f 724//724 529//529 358//358
f 530//530 722//722 528//528
f 725//725 722//722 530//530
f 529//529 724//724 531//531
f 531//531 724//724 726//726
f 532//532 725//725 530//530
f 727//727 725//725 532//532
f 531//531 728//728 533//533
f 726//726 728//728 531//531
f 727//727 282//282 730//730
f 532//532 282//282 727//727
f 533//533 728//728 534//534
f 282//282 732//732 730//730
f 535//535 732//732 282//282
f 731//731 534//534 728//728
f 534//534 731//731 733//733
f 534//534 733//733 536//536
f 535//535 537//537 732//732
f 537//537 734//734 732//732
f 735//735 538//538 733//733
f 538//538 536//536 733//733
f 539//539 734//734 537//537
f 669//669 734//734 539//539
f 538//538 735//735 540//540
f 735//735 737//737 540//540
f 541//541 738//738 669//669
f 739//739 540//540 737//737
f 739//739 542//542 540//540
f 543//543 738//738 541//541
f 740//740 738//738 543//543
f 741//741 544//544 739//739
f 544//544 542//542 739//739
f 545//545 740//740 543//543
f 232//232 740//740 545//545
f 544//544 742//742 546//546
f 741//741 742//742 544//544
f 743//743 232//232 547//547
f 232//232 545//545 547//547
f 546//546 744//744 548//548
f 742//742 744//744 546//546
f 549//549 743//743 547//547
f 745//745 743//743 549//549
f 548//548 744//744 550//550
f 748//748 745//745 549//549
f 744//744 746//746 550//550
f 552//552 748//748 549//549
f 550//550 746//746 670//670
f 749//749 748//748 554//554
f 748//748 552//552 554//554
f 553//553 670//670 555//555
f 554//554 204//204 749//749
f 670//670 751//751 555//555
f 204//204 753//753 749//749
f 555//555 754//754 556//556
f 751//751 754//754 555//555
f 755//755 753//753 557//557
f 753//753 204//204 557//557
f 556//556 754//754 558//558
f 758//758 754//754 757//757
f 755//755 759//759 760//760
f 756//756 755//755 760//760
f 559//559 755//755 557//557
f 759//759 755//755 559//559
f 754//754 761//761 558//558
f 761//761 754//754 758//758
f 558//558 761//761 560//560
f 761//761 762//762 560//560
f 759//759 763//763 760//760
f 759//759 559//559 763//763
f 559//559 561//561 763//763
f 560//560 764//764 562//562
f 762//762 764//764 560//560
f 561//561 563//563 763//763
f 563//563 671//671 763//763
f 562//562 764//764 564//564
f 671//671 563//563 766//766
f 764//764 765//765 564//564
f 565//565 766//766 563//563
f 672//672 564//564 767//767
f 767//767 564//564 765//765
f 565//565 673//673 766//766
f 673//673 768//768 766//766
f 673//673 769//769 768//768
f 568//568 769//769 673//673
f 672//672 767//767 254//254
f 769//769 770//770 768//768
f 568//568 770//770 769//769
f 655//655 770//770 568//568
f 770//770 771//771 768//768
f 772//772 569//569 254//254
f 569//569 773//773 570//570
f 772//772 773//773 569//569
f 655//655 736//736 770//770
f 655//655 774//774 736//736
f 655//655 572//572 774//774
f 570//570 775//775 674//674
f 773//773 775//775 570//570
f 572//572 776//776 774//774
f 675//675 776//776 572//572
f 674//674 775//775 573//573
f 675//675 777//777 776//776
f 675//675 575//575 777//777
f 775//775 778//778 573//573
f 779//779 780//780 781//781
f 778//778 782//782 576//576
f 778//778 576//576 573//573
f 778//778 775//775 782//782
f 575//575 783//783 777//777
f 575//575 657//657 783//783
f 779//779 781//781 676//676
f 779//779 676//676 578//578
f 579//579 783//783 657//657
f 576//576 784//784 658//658
f 782//782 784//784 576//576
f 578//578 581//581 785//785
f 779//779 578//578 785//785
f 676//676 786//786 586//586
f 781//781 786//786 676//676
f 579//579 788//788 783//783
f 579//579 787//787 788//788
f 660//660 787//787 579//579
f 786//786 789//789 586//586
f 658//658 784//784 580//580
f 581//581 182//182 184//184
f 184//184 791//791 581//581
f 791//791 785//785 581//581
f 586//586 792//792 180//180
f 586//586 789//789 792//792
f 660//660 794//794 787//787
f 660//660 583//583 794//794
f 784//784 790//790 795//795
f 784//784 795//795 178//178
f 784//784 178//178 580//580
f 796//796 797//797 585//585
f 551//551 585//585 797//797
f 184//184 798//798 791//791
f 184//184 182//182 798//798
f 180//180 792//792 793//793
f 792//792 789//789 793//793
f 787//787 794//794 799//799
f 587//587 794//794 583//583
f 182//182 551//551 797//797
f 798//798 182//182 797//797
f 588//588 794//794 587//587
f 178//178 801//801 589//589
f 178//178 802//802 801//801
f 795//795 802//802 178//178
f 591//591 803//803 796//796
f 585//585 591//591 796//796
f 798//798 797//797 807//807
f 797//797 805//805 807//807
f 180//180 206//206 592//592
f 793//793 206//206 180//180
f 800//800 808//808 793//793
f 793//793 808//808 206//206
f 794//794 809//809 339//339
f 588//588 809//809 794//794
f 588//588 198//198 809//809
f 589//589 810//810 593//593
f 801//801 810//810 589//589
f 615//615 803//803 591//591
f 811//811 803//803 615//615
f 206//206 808//808 599//599
f 198//198 806//806 809//809
f 198//198 196//196 806//806
f 677//677 806//806 196//196
f 810//810 813//813 593//593
f 808//808 814//814 599//599
f 814//814 808//808 812//812
f 677//677 600//600 806//806
f 816//816 806//806 600//600
f 596//596 818//818 603//603
f 819//819 804//804 596//596
f 597//597 819//819 596//596
f 813//813 819//819 597//597
f 813//813 597//597 593//593
f 814//814 812//812 599//599
f 604//604 816//816 600//600
f 821//821 816//816 604//604
f 680//680 821//821 604//604
f 605//605 680//680 604//604
f 584//584 818//818 176//176
f 603//603 818//818 584//584
f 596//596 823//823 818//818
f 804//804 823//823 596//596
f 804//804 819//819 823//823
f 823//823 819//819 824//824
f 819//819 813//813 824//824
f 615//615 606//606 811//811
f 811//811 606//606 826//826
f 599//599 820//820 678//678
f 812//812 820//820 599//599
f 816//816 821//821 827//827
f 821//821 680//680 827//827
f 827//827 680//680 828//828
f 605//605 828//828 680//680
f 829//829 828//828 608//608
f 828//828 605//605 608//608
f 176//176 825//825 609//609
f 818//818 825//825 176//176
f 830//830 825//825 818//818
f 610//610 826//826 606//606
f 831//831 826//826 610//610
f 678//678 832//832 681//681
f 820//820 832//832 678//678
f 829//829 608//608 834//834
f 608//608 613//613 834//834
f 609//609 634//634 616//616
f 825//825 634//634 609//609
f 825//825 830//830 634//634
f 610//610 840//840 831//831
f 681//681 832//832 682//682
f 683//683 835//835 685//685
f 683//683 842//842 835//835
f 837//837 685//685 835//835
f 613//613 691//691 834//834
f 616//616 634//634 594//594
f 594//594 634//634 839//839
f 634//634 830//830 839//839
f 602//602 840//840 610//610
f 832//832 841//841 682//682
f 686//686 842//842 683//683
f 685//685 837//837 661//661
f 837//837 844//844 662//662
f 837//837 662//662 661//661
f 613//613 598//598 691//691
f 846//846 663//663 845//845
f 617//617 663//663 846//846
f 618//618 617//617 846//846
f 621//621 594//594 855//855
f 594//594 839//839 855//855
f 848//848 849//849 839//839
f 839//839 849//849 855//855
f 849//849 848//848 856//856
f 622//622 856//856 845//845
f 856//856 848//848 845//845
f 663//663 622//622 845//845
f 857//857 858//858 846//846
f 858//858 618//618 846//846
f 687//687 618//618 858//858
f 602//602 838//838 859//859
f 840//840 602//602 859//859
f 838//838 602//602 624//624
f 847//847 689//689 850//850
f 852//852 850//850 690//690
f 850//850 689//689 690//690
f 852//852 690//690 860//860
f 682//682 861//861 625//625
f 841//841 861//861 682//682
f 842//842 686//686 862//862
f 686//686 688//688 862//862
f 662//662 844//844 630//630
f 844//844 853//853 693//693
f 844//844 693//693 630//630
f 691//691 598//598 627//627
f 691//691 627//627 863//863
f 849//849 621//621 855//855
f 632//632 621//621 849//849
f 856//856 632//632 849//849
f 622//622 632//632 856//856
f 858//858 623//623 687//687
f 689//689 847//847 838//838
f 860//860 690//690 843//843
f 861//861 692//692 625//625
f 629//629 851//851 862//862
f 629//629 862//862 688//688
f 630//630 693//693 665//665
f 627//627 631//631 863//863
f 863//863 631//631 864//864
f 865//865 633//633 623//623
f 865//865 623//623 858//858
f 689//689 838//838 624//624
f 690//690 694//694 843//843
f 843//843 694//694 695//695
f 625//625 692//692 612//612
f 868//868 692//692 861//861
f 851//851 870//870 871//871
f 862//862 851//851 871//871
f 640//640 851//851 629//629
f 870//870 851//851 640//640
f 665//665 693//693 631//631
f 864//864 631//631 693//693
f 865//865 866//866 633//633
f 843//843 695//695 867//867
f 692//692 868//868 612//612
f 633//633 872//872 666//666
f 866//866 872//872 633//633
f 873//873 867//867 697//697
f 697//697 867//867 695//695
f 612//612 874//874 488//488
f 868//868 874//874 612//612
f 870//870 875//875 871//871
f 870//870 640//640 875//875
f 640//640 644//644 875//875
f 873//873 697//697 698//698
f 872//872 877//877 647//647
f 872//872 647//647 666//666
f 698//698 701//701 873//873
f 874//874 876//876 648//648
f 874//874 648//648 488//488
f 875//875 297//297 878//878
f 646//646 875//875 644//644
f 297//297 875//875 646//646
f 877//877 879//879 647//647
f 357//357 873//873 701//701
f 648//648 876//876 649//649
f 638//638 649//649 876//876
f 297//297 702//702 878//878
f 297//297 646//646 702//702
f 646//646 650//650 702//702
f 647//647 879//879 651//651
f 652//652 651//651 355//355
f 355//355 651//651 879//879
f 645//645 652//652 880//880
f 880//880 652//652 355//355
f 881//881 645//645 880//880
f 699//699 645//645 881//881
f 700//700 699//699 881//881
f 882//882 700//700 881//881
f 883//883 700//700 882//882
f 451//451 700//700 883//883
f 884//884 451//451 883//883
f 701//701 884//884 357//357
f 451//451 884//884 701//701
f 653//653 638//638 885//885
f 649//649 638//638 653//653
f 650//650 653//653 702//702
f 702//702 653//653 885//885
f 880//880 886//886 881//881
f 886//886 887//887 881//881
f 887//887 882//882 881//881
f 888//888 703//703 704//704
f 705//705 703//703 888//888
f 707//707 888//888 704//704
f 705//705 709//709 626//626
f 889//889 709//709 705//705
f 707//707 710//710 890//890
f 888//888 707//707 890//890
f 709//709 892//892 711//711
f 889//889 892//892 709//709
f 710//710 712//712 890//890
f 890//890 712//712 713//713
f 711//711 893//893 667//667
f 892//892 893//893 711//711
f 713//713 715//715 892//892
f 892//892 715//715 893//893
f 667//667 894//894 716//716
f 893//893 894//894 667//667
f 895//895 715//715 717//717
f 717//717 715//715 714//714
f 717//717 719//719 895//895
f 895//895 719//719 896//896
f 720//720 718//718 897//897
f 898//898 720//720 897//897
f 896//896 719//719 723//723
f 723//723 719//719 721//721
f 720//720 898//898 668//668
f 898//898 723//723 900//900
f 898//898 901//901 668//668
f 900//900 901//901 898//898
f 722//722 900//900 723//723
f 668//668 901//901 724//724
f 902//902 724//724 901//901
f 722//722 725//725 903//903
f 900//900 722//722 903//903
f 904//904 724//724 902//902
f 725//725 727//727 903//903
f 726//726 724//724 904//904
f 903//903 727//727 905//905
f 726//726 906//906 728//728
f 904//904 906//906 726//726
f 907//907 905//905 730//730
f 730//730 905//905 727//727
f 728//728 908//908 731//731
f 906//906 908//908 728//728
f 909//909 907//907 732//732
f 732//732 907//907 730//730
f 732//732 734//734 909//909
f 909//909 734//734 910//910
f 733//733 911//911 735//735
f 735//735 911//911 912//912
f 734//734 669//669 913//913
f 910//910 734//734 913//913
f 735//735 914//914 737//737
f 912//912 914//914 735//735
f 669//669 915//915 913//913
f 738//738 915//915 669//669
f 737//737 914//914 739//739
f 916//916 739//739 914//914
f 738//738 740//740 917//917
f 915//915 738//738 917//917
f 918//918 739//739 916//916
f 740//740 232//232 917//917
f 739//739 918//918 741//741
f 919//919 917//917 232//232
f 741//741 918//918 742//742
f 918//918 920//920 742//742
f 919//919 921//921 918//918
f 918//918 921//921 920//920
f 743//743 921//921 919//919
f 232//232 743//743 919//919
f 742//742 460//460 744//744
f 920//920 460//460 742//742
f 922//922 921//921 745//745
f 745//745 921//921 743//743
f 923//923 744//744 460//460
f 745//745 748//748 922//922
f 744//744 923//923 746//746
f 924//924 922//922 748//748
f 746//746 925//925 670//670
f 923//923 925//925 746//746
f 923//923 924//924 925//925
f 925//925 924//924 750//750
f 749//749 750//750 924//924
f 748//748 749//749 924//924
f 670//670 926//926 751//751
f 925//925 926//926 670//670
f 749//749 753//753 750//750
f 753//753 927//927 750//750
f 751//751 757//757 754//754
f 926//926 757//757 751//751
f 757//757 927//927 756//756
f 756//756 927//927 755//755
f 753//753 755//755 927//927
f 756//756 760//760 757//757
f 757//757 760//760 758//758
f 761//761 758//758 762//762
f 758//758 928//928 762//762
f 758//758 760//760 929//929
f 928//928 758//758 929//929
f 763//763 929//929 760//760
f 762//762 480//480 764//764
f 928//928 480//480 762//762
f 671//671 929//929 763//763
f 930//930 929//929 671//671
f 764//764 480//480 765//765
f 671//671 932//932 930//930
f 931//931 765//765 480//480
f 766//766 932//932 671//671
f 772//772 933//933 773//773
f 254//254 933//933 772//772
f 771//771 736//736 934//934
f 770//770 736//736 771//771
f 933//933 935//935 773//773
f 773//773 935//935 775//775
f 934//934 736//736 780//780
f 736//736 936//936 780//780
f 774//774 776//776 736//736
f 776//776 936//936 736//736
f 937//937 775//775 935//935
f 780//780 936//936 781//781
f 777//777 783//783 776//776
f 775//775 937//937 782//782
f 776//776 938//938 936//936
f 936//936 938//938 781//781
f 783//783 938//938 776//776
f 937//937 784//784 782//782
f 937//937 939//939 784//784
f 940//940 939//939 937//937
f 786//786 781//781 789//789
f 781//781 938//938 789//789
f 783//783 788//788 938//938
f 938//938 788//788 789//789
f 939//939 790//790 784//784
f 939//939 941//941 790//790
f 788//788 800//800 789//789
f 787//787 799//799 788//788
f 788//788 799//799 800//800
f 796//796 941//941 940//940
f 941//941 939//939 940//940
f 789//789 800//800 793//793
f 795//795 790//790 802//802
f 790//790 942//942 802//802
f 941//941 803//803 790//790
f 790//790 803//803 942//942
f 796//796 803//803 941//941
f 797//797 943//943 805//805
f 796//796 943//943 797//797
f 798//798 807//807 791//791
f 791//791 807//807 815//815
f 799//799 944//944 800//800
f 800//800 944//944 808//808
f 794//794 339//339 799//799
f 799//799 339//339 944//944
f 802//802 945//945 810//810
f 802//802 810//810 801//801
f 811//811 942//942 803//803
f 946//946 805//805 943//943
f 807//807 805//805 946//946
f 807//807 946//946 947//947
f 944//944 812//812 808//808
f 949//949 339//339 948//948
f 948//948 339//339 809//809
f 806//806 948//948 809//809
f 948//948 951//951 949//949
f 952//952 806//806 816//816
f 813//813 950//950 824//824
f 953//953 950//950 810//810
f 810//810 950//950 813//813
f 949//949 954//954 812//812
f 812//812 954//954 820//820
f 954//954 949//949 951//951
f 806//806 956//956 948//948
f 948//948 956//956 951//951
f 806//806 952//952 956//956
f 827//827 952//952 816//816
f 823//823 958//958 818//818
f 818//818 958//958 830//830
f 959//959 958//958 823//823
f 959//959 823//823 824//824
f 959//959 824//824 960//960
f 960//960 824//824 950//950
f 954//954 961//961 820//820
f 820//820 961//961 832//832
f 951//951 835//835 954//954
f 954//954 835//835 961//961
f 956//956 835//835 951//951
f 956//956 837//837 835//835
f 956//956 952//952 837//837
f 952//952 962//962 837//837
f 959//959 960//960 845//845
f 831//831 840//840 963//963
f 822//822 850//850 955//955
f 837//837 962//962 844//844
f 839//839 830//830 848//848
f 830//830 958//958 848//848
f 959//959 845//845 958//958
f 958//958 845//845 848//848
f 960//960 846//846 845//845
f 963//963 840//840 964//964
f 955//955 850//850 852//852
f 961//961 965//965 832//832
f 832//832 965//965 841//841
f 835//835 842//842 961//961
f 961//961 842//842 965//965
f 844//844 853//853 962//962
f 859//859 964//964 840//840
f 850//850 838//838 847//847
f 850//850 854//854 838//838
f 852//852 843//843 966//966
f 852//852 860//860 843//843
f 861//861 841//841 965//965
f 862//862 967//967 965//965
f 862//862 965//965 842//842
f 853//853 864//864 693//693
f 864//864 691//691 863//863
f 968//968 866//866 865//865
f 968//968 865//865 858//858
f 838//838 969//969 859//859
f 969//969 838//838 972//972
f 861//861 970//970 868//868
f 873//873 973//973 867//867
f 868//868 970//970 874//874
f 874//874 970//970 876//876
f 875//875 878//878 871//871
f 872//872 974//974 879//879
f 872//872 879//879 877//877
f 884//884 883//883 357//357
f 888//888 890//890 705//705
f 705//705 890//890 889//889
f 890//890 713//713 889//889
f 713//713 892//892 889//889
f 715//715 895//895 893//893
f 893//893 895//895 894//894
f 716//716 894//894 718//718
f 894//894 897//897 718//718
f 895//895 896//896 894//894
f 894//894 896//896 897//897
f 896//896 723//723 897//897
f 897//897 723//723 898//898
f 900//900 903//903 901//901
f 901//901 903//903 902//902
f 903//903 905//905 902//902
f 902//902 905//905 904//904
f 905//905 907//907 904//904
f 904//904 907//907 906//906
f 907//907 909//909 906//906
f 906//906 909//909 908//908
f 731//731 908//908 733//733
f 908//908 911//911 733//733
f 909//909 910//910 908//908
f 908//908 910//910 911//911
f 910//910 913//913 911//911
f 911//911 913//913 912//912
f 912//912 913//913 914//914
f 913//913 915//915 914//914
f 915//915 917//917 914//914
f 914//914 917//917 916//916
f 917//917 919//919 916//916
f 916//916 919//919 918//918
f 921//921 922//922 920//920
f 920//920 922//922 460//460
f 922//922 924//924 460//460
f 460//460 924//924 923//923
f 750//750 926//926 925//925
f 927//927 926//926 750//750
f 927//927 757//757 926//926
f 930//930 928//928 929//929
f 930//930 480//480 928//928
f 930//930 931//931 480//480
f 932//932 931//931 930//930
f 765//765 975//975 767//767
f 931//931 975//975 765//765
f 932//932 976//976 931//931
f 931//931 976//976 975//975
f 766//766 976//976 932//932
f 768//768 976//976 766//766
f 976//976 978//978 975//975
f 975//975 978//978 977//977
f 975//975 254//254 767//767
f 977//977 979//979 975//975
f 976//976 980//980 978//978
f 976//976 771//771 980//980
f 771//771 976//976 768//768
f 979//979 981//981 975//975
f 975//975 981//981 254//254
f 869//869 982//982 254//254
f 869//869 254//254 981//981
f 981//981 979//979 869//869
f 933//933 254//254 982//982
f 771//771 983//983 980//980
f 983//983 771//771 934//934
f 935//935 933//933 982//982
f 984//984 935//935 982//982
f 934//934 780//780 985//985
f 983//983 934//934 985//985
f 984//984 986//986 935//935
f 935//935 987//987 937//937
f 987//987 935//935 986//986
f 780//780 988//988 985//985
f 780//780 779//779 988//988
f 987//987 940//940 937//937
f 940//940 987//987 986//986
f 989//989 940//940 986//986
f 779//779 785//785 988//988
f 785//785 990//990 988//988
f 940//940 989//989 796//796
f 796//796 989//989 991//991
f 992//992 785//785 791//791
f 785//785 992//992 990//990
f 796//796 993//993 943//943
f 991//991 993//993 796//796
f 791//791 815//815 992//992
f 815//815 994//994 992//992
f 942//942 995//995 802//802
f 802//802 995//995 945//945
f 811//811 995//995 942//942
f 807//807 947//947 996//996
f 815//815 807//807 996//996
f 996//996 994//994 815//815
f 997//997 994//994 996//996
f 944//944 949//949 812//812
f 339//339 949//949 944//944
f 995//995 999//999 945//945
f 945//945 999//999 998//998
f 943//943 1000//1000 946//946
f 810//810 945//945 998//998
f 1001//1001 810//810 998//998
f 946//946 1000//1000 957//957
f 810//810 1002//1002 953//953
f 810//810 1001//1001 1002//1002
f 995//995 1003//1003 999//999
f 1003//1003 995//995 1004//1004
f 826//826 995//995 811//811
f 1004//1004 995//995 826//826
f 1000//1000 1005//1005 957//957
f 947//947 946//946 836//836
f 946//946 957//957 836//836
f 996//996 947//947 836//836
f 836//836 997//997 996//996
f 1006//1006 997//997 836//836
f 1002//1002 1007//1007 950//950
f 953//953 1002//1002 950//950
f 1006//1006 836//836 1008//1008
f 1007//1007 1009//1009 950//950
f 1009//1009 960//960 950//950
f 1004//1004 963//963 1010//1010
f 1003//1003 1004//1004 1010//1010
f 831//831 1004//1004 826//826
f 963//963 1004//1004 831//831
f 957//957 1011//1011 822//822
f 1005//1005 1011//1011 957//957
f 836//836 957//957 955//955
f 957//957 822//822 955//955
f 955//955 1008//1008 836//836
f 1012//1012 1008//1008 955//955
f 952//952 827//827 962//962
f 827//827 1013//1013 962//962
f 1014//1014 1013//1013 827//827
f 828//828 1014//1014 827//827
f 829//829 1014//1014 828//828
f 834//834 1014//1014 829//829
f 1012//1012 955//955 1015//1015
f 960//960 1009//1009 846//846
f 1016//1016 1015//1015 955//955
f 962//962 1013//1013 844//844
f 1014//1014 1017//1017 1013//1013
f 1009//1009 54//54 846//846
f 664//664 1010//1010 964//964
f 1010//1010 963//963 964//964
f 822//822 1018//1018 854//854
f 1011//1011 1018//1018 822//822
f 854//854 850//850 822//822
f 955//955 852//852 966//966
f 966//966 1016//1016 955//955
f 844//844 1013//1013 853//853
f 1017//1017 1019//1019 1013//1013
f 1013//1013 1019//1019 853//853
f 1014//1014 1019//1019 1017//1017
f 834//834 691//691 1014//1014
f 1014//1014 691//691 1019//1019
f 857//857 846//846 856//856
f 846//846 54//54 856//856
f 964//964 1020//1020 1021//1021
f 664//664 964//964 1021//1021
f 859//859 1020//1020 964//964
f 843//843 1023//1023 966//966
f 965//965 967//967 861//861
f 1019//1019 864//864 853//853
f 691//691 864//864 1019//1019
f 856//856 1024//1024 857//857
f 858//858 857//857 968//968
f 1025//1025 1021//1021 865//865
f 1025//1025 865//865 866//866
f 1021//1021 1020//1020 865//865
f 866//866 865//865 971//971
f 1020//1020 971//971 865//865
f 859//859 969//969 1020//1020
f 1020//1020 969//969 971//971
f 843//843 867//867 1023//1023
f 867//867 1026//1026 1023//1023
f 1028//1028 1027//1027 861//861
f 1028//1028 861//861 967//967
f 1029//1029 1028//1028 967//967
f 1029//1029 967//967 862//862
f 857//857 1024//1024 1030//1030
f 857//857 1031//1031 968//968
f 1030//1030 1031//1031 857//857
f 866//866 968//968 1025//1025
f 969//969 972//972 1032//1032
f 838//838 1022//1022 972//972
f 1033//1033 970//970 861//861
f 861//861 1027//1027 1033//1033
f 862//862 1034//1034 1029//1029
f 862//862 871//871 1034//1034
f 1026//1026 867//867 973//973
f 871//871 878//878 1034//1034
f 866//866 974//974 872//872
f 971//971 974//974 866//866
f 969//969 1035//1035 971//971
f 971//971 1035//1035 974//974
f 1032//1032 1035//1035 969//969
f 873//873 1036//1036 973//973
f 876//876 970//970 1033//1033
f 1037//1037 876//876 1033//1033
f 1034//1034 878//878 1038//1038
f 1035//1035 1039//1039 974//974
f 1039//1039 879//879 974//974
f 1035//1035 355//355 1039//1039
f 1039//1039 355//355 879//879
f 355//355 1035//1035 1040//1040
f 357//357 1041//1041 873//873
f 876//876 1037//1037 1042//1042
f 1038//1038 702//702 1043//1043
f 878//878 702//702 1038//1038
f 1042//1042 638//638 876//876
f 1042//1042 1044//1044 638//638
f 1044//1044 885//885 638//638
f 702//702 1044//1044 1043//1043
f 702//702 885//885 1044//1044
f 1040//1040 880//880 355//355
f 886//886 1040//1040 1045//1045
f 880//880 1040//1040 886//886
f 1047//1047 883//883 882//882
f 1046//1046 1047//1047 882//882
f 357//357 883//883 1041//1041
f 887//887 886//886 1048//1048
f 1048//1048 886//886 1045//1045
f 882//882 887//887 1048//1048
f 978//978 979//979 977//977
f 980//980 979//979 978//978
f 869//869 979//979 982//982
f 979//979 1049//1049 982//982
f 979//979 980//980 1050//1050
f 1049//1049 979//979 1050//1050
f 983//983 1050//1050 980//980
f 1051//1051 982//982 1049//1049
f 983//983 985//985 1052//1052
f 1050//1050 983//983 1052//1052
f 982//982 1051//1051 984//984
f 1000//1000 943//943 993//993
f 999//999 1003//1003 998//998
f 1001//1001 998//998 1053//1053
f 1002//1002 1001//1001 1053//1053
f 1053//1053 998//998 1003//1003
f 1008//1008 1012//1012 1015//1015
f 1006//1006 1008//1008 1015//1015
f 1054//1054 54//54 1009//1009
f 1055//1055 856//856 54//54
f 1018//1018 1022//1022 838//838
f 854//854 1018//1018 838//838
f 1023//1023 1016//1016 966//966
f 1024//1024 856//856 1055//1055
f 1024//1024 1055//1055 1030//1030
f 1029//1029 1027//1027 1028//1028
f 1025//1025 968//968 1031//1031
f 1056//1056 1032//1032 972//972
f 972//972 1022//1022 1056//1056
f 1034//1034 1027//1027 1029//1029
f 1057//1057 1026//1026 973//973
f 1027//1027 1037//1037 1033//1033
f 1035//1035 1032//1032 1056//1056
f 973//973 1036//1036 1057//1057
f 1041//1041 1036//1036 873//873
f 1037//1037 1058//1058 1044//1044
f 1043//1043 1044//1044 1058//1058
f 1038//1038 1043//1043 1058//1058
f 1042//1042 1037//1037 1044//1044
f 1040//1040 1059//1059 1045//1045
f 1060//1060 883//883 1047//1047
f 1041//1041 883//883 1060//1060
f 882//882 1048//1048 1046//1046
f 1050//1050 1052//1052 1049//1049
f 1049//1049 1052//1052 1051//1051
f 984//984 1051//1051 986//986
f 985//985 988//988 1052//1052
f 1009//1009 1002//1002 1061//1061
f 1009//1009 1007//1007 1002//1002
f 1053//1053 1003//1003 1010//1010
f 1063//1063 1062//1062 1015//1015
f 1016//1016 1063//1063 1015//1015
f 1030//1030 1055//1055 1066//1066
f 1067//1067 1021//1021 1025//1025
f 1030//1030 1066//1066 1068//1068
f 1031//1031 1030//1030 1068//1068
f 1068//1068 1070//1070 1031//1031
f 1031//1031 1070//1070 1025//1025
f 1070//1070 1071//1071 1025//1025
f 1035//1035 1056//1056 1072//1072
f 1036//1036 1026//1026 1057//1057
f 1073//1073 1026//1026 1036//1036
f 1027//1027 1058//1058 1037//1037
f 1038//1038 1027//1027 1034//1034
f 1058//1058 1027//1027 1038//1038
f 1041//1041 1073//1073 1036//1036
f 1060//1060 1073//1073 1041//1041
f 1060//1060 1046//1046 1074//1074
f 1060//1060 1047//1047 1046//1046
f 1046//1046 1048//1048 1075//1075
f 1052//1052 1076//1076 1051//1051
f 1077//1077 1076//1076 1052//1052
f 1076//1076 1078//1078 986//986
f 1076//1076 986//986 1051//1051
f 1076//1076 1077//1077 1079//1079
f 1078//1078 1076//1076 1079//1079
f 1052//1052 1079//1079 1077//1077
f 1052//1052 1080//1080 1079//1079
f 1052//1052 988//988 1080//1080
f 1078//1078 1081//1081 986//986
f 986//986 1082//1082 989//989
f 1081//1081 1082//1082 986//986
f 1080//1080 1083//1083 1084//1084
f 1079//1079 1080//1080 1084//1084
f 990//990 1080//1080 988//988
f 1083//1083 1080//1080 990//990
f 989//989 1082//1082 991//991
f 1082//1082 1085//1085 991//991
f 990//990 992//992 1083//1083
f 992//992 1086//1086 1083//1083
f 991//991 1085//1085 993//993
f 993//993 1085//1085 1087//1087
f 1086//1086 992//992 1088//1088
f 992//992 994//994 1088//1088
f 993//993 1087//1087 1000//1000
f 1000//1000 1087//1087 1089//1089
f 994//994 997//997 1088//1088
f 997//997 817//817 1088//1088
f 1090//1090 1005//1005 1089//1089
f 1089//1089 1005//1005 1000//1000
f 997//997 1006//1006 817//817
f 1006//1006 1091//1091 817//817
f 1093//1093 1092//1092 1002//1002
f 1053//1053 1093//1093 1002//1002
f 1095//1095 1061//1061 1002//1002
f 1002//1002 1092//1092 1095//1095
f 1096//1096 1093//1093 1053//1053
f 1096//1096 1053//1053 1010//1010
f 1011//1011 1005//1005 1090//1090
f 1097//1097 1011//1011 1090//1090
f 1006//1006 1094//1094 1091//1091
f 1006//1006 1015//1015 1094//1094
f 1015//1015 1098//1098 1094//1094
f 1010//1010 1099//1099 1096//1096
f 1062//1062 1098//1098 1015//1015
f 1061//1061 1100//1100 1009//1009
f 1100//1100 1054//1054 1009//1009
f 1099//1099 1010//1010 1101//1101
f 1010//1010 664//664 1101//1101
f 1097//1097 1103//1103 1102//1102
f 1102//1102 1011//1011 1097//1097
f 1062//1062 1063//1063 1098//1098
f 1054//1054 1100//1100 1104//1104
f 54//54 1054//1054 1104//1104
f 1103//1103 679//679 1102//1102
f 1018//1018 1011//1011 1102//1102
f 1098//1098 1063//1063 457//457
f 54//54 1104//1104 1055//1055
f 1055//1055 1104//1104 1064//1064
f 664//664 1021//1021 1101//1101
f 1021//1021 1065//1065 1101//1101
f 1102//1102 1107//1107 1106//1106
f 679//679 1107//1107 1102//1102
f 1022//1022 1018//1018 1102//1102
f 1106//1106 1022//1022 1102//1102
f 1016//1016 1023//1023 1108//1108
f 1063//1063 1016//1016 1108//1108
f 457//457 1063//1063 1109//1109
f 1063//1063 1108//1108 1109//1109
f 1105//1105 457//457 1110//1110
f 457//457 1109//1109 1110//1110
f 1108//1108 1023//1023 1109//1109
f 1055//1055 1064//1064 151//151
f 1066//1066 1055//1055 151//151
f 1021//1021 1067//1067 1111//1111
f 1111//1111 1065//1065 1021//1021
f 1106//1106 1107//1107 1113//1113
f 1107//1107 1112//1112 1113//1113
f 1113//1113 1022//1022 1106//1106
f 1023//1023 1026//1026 1114//1114
f 1023//1023 1114//1114 1109//1109
f 1067//1067 1025//1025 1111//1111
f 1056//1056 1022//1022 1113//1113
f 1116//1116 1114//1114 1026//1026
f 1114//1114 466//466 1109//1109
f 1116//1116 466//466 1114//1114
f 1109//1109 466//466 1110//1110
f 1110//1110 466//466 1115//1115
f 151//151 1068//1068 1066//1066
f 1111//1111 1025//1025 1069//1069
f 1117//1117 1070//1070 1068//1068
f 1118//1118 1070//1070 1117//1117
f 1071//1071 1070//1070 1118//1118
f 1071//1071 1118//1118 1025//1025
f 1025//1025 1118//1118 1069//1069
f 1113//1113 1072//1072 1056//1056
f 1073//1073 1116//1116 1026//1026
f 1119//1119 1116//1116 1073//1073
f 1035//1035 1072//1072 1040//1040
f 1040//1040 1072//1072 1120//1120
f 1119//1119 1121//1121 1122//1122
f 1121//1121 1119//1119 1073//1073
f 1073//1073 1060//1060 1121//1121
f 1059//1059 1040//1040 1120//1120
f 1074//1074 1121//1121 1060//1060
f 1074//1074 1122//1122 1121//1121
f 1059//1059 1120//1120 1045//1045
f 1120//1120 1123//1123 1045//1045
f 1046//1046 1075//1075 1124//1124
f 1046//1046 1124//1124 1122//1122
f 1074//1074 1046//1046 1122//1122
f 1048//1048 1045//1045 1123//1123
f 1124//1124 1048//1048 1123//1123
f 1075//1075 1048//1048 1124//1124
f 1081//1081 1125//1125 1082//1082
f 1078//1078 1125//1125 1081//1081
f 1079//1079 1084//1084 1078//1078
f 1078//1078 1084//1084 1125//1125
f 1082//1082 1125//1125 1085//1085
f 1084//1084 1083//1083 1086//1086
f 1126//1126 1085//1085 1125//1125
f 1084//1084 1086//1086 1127//1127
f 1096//1096 1095//1095 1092//1092
f 1093//1093 1096//1096 1092//1092
f 1090//1090 1103//1103 1097//1097
f 1100//1100 1061//1061 1104//1104
f 1099//1099 1101//1101 1096//1096
f 1098//1098 1105//1105 1129//1129
f 1098//1098 457//457 1105//1105
f 1107//1107 1065//1065 1112//1112
f 1112//1112 1065//1065 1111//1111
f 1111//1111 1118//1118 729//729
f 1111//1111 1069//1069 1118//1118
f 1112//1112 1072//1072 1113//1113
f 1131//1131 1072//1072 1112//1112
f 708//708 1116//1116 1132//1132
f 1132//1132 1116//1116 1119//1119
f 1133//1133 1116//1116 1119//1119
f 1133//1133 466//466 1116//1116
f 1115//1115 466//466 1130//1130
f 466//466 1133//1133 1130//1130
f 1122//1122 1132//1132 1119//1119
f 1124//1124 1123//1123 1120//1120
f 1134//1134 1124//1124 1120//1120
f 1122//1122 1124//1124 1134//1134
f 1084//1084 1127//1127 1125//1125
f 1125//1125 1127//1127 1126//1126
f 1126//1126 1127//1127 1136//1136
f 1135//1135 1126//1126 1136//1136
f 1127//1127 1086//1086 1136//1136
f 1138//1138 1085//1085 1126//1126
f 1138//1138 1087//1087 1085//1085
f 1126//1126 1135//1135 1138//1138
f 1086//1086 1088//1088 1139//1139
f 1136//1136 1086//1086 1139//1139
f 1088//1088 1140//1140 1139//1139
f 1141//1141 1087//1087 1138//1138
f 1088//1088 817//817 1142//1142
f 1088//1088 1142//1142 1140//1140
f 1141//1141 1089//1089 1087//1087
f 1089//1089 1141//1141 1143//1143
f 1089//1089 1143//1143 1090//1090
f 1091//1091 1144//1144 1142//1142
f 817//817 1091//1091 1142//1142
f 1145//1145 1091//1091 1094//1094
f 1144//1144 1091//1091 1145//1145
f 1090//1090 1143//1143 1103//1103
f 1103//1103 1143//1143 1146//1146
f 1147//1147 1094//1094 1098//1098
f 1145//1145 1094//1094 1147//1147
f 1149//1149 1061//1061 1095//1095
f 1150//1150 1149//1149 1096//1096
f 1149//1149 1095//1095 1096//1096
f 1151//1151 1061//1061 1148//1148
f 1105//1105 1152//1152 1098//1098
f 1105//1105 1153//1153 1152//1152
f 1061//1061 1151//1151 1154//1154
f 1104//1104 1061//1061 1154//1154
f 1096//1096 1155//1155 1150//1150
f 1096//1096 1101//1101 1155//1155
f 1156//1156 679//679 1146//1146
f 1146//1146 679//679 1103//1103
f 1155//1155 1101//1101 1157//1157
f 1105//1105 1158//1158 1153//1153
f 1104//1104 1154//1154 1064//1064
f 1064//1064 1154//1154 1159//1159
f 1101//1101 1160//1160 1157//1157
f 1101//1101 1065//1065 1160//1160
f 1160//1160 1065//1065 1107//1107
f 1160//1160 1107//1107 1156//1156
f 1156//1156 1107//1107 679//679
f 1105//1105 1110//1110 1161//1161
f 1161//1161 1158//1158 1105//1105
f 1162//1162 1158//1158 1161//1161
f 1064//1064 1159//1159 1163//1163
f 1110//1110 1115//1115 1161//1161
f 1166//1166 1162//1162 1161//1161
f 1064//1064 1163//1163 151//151
f 1164//1164 1167//1167 708//708
f 1115//1115 1166//1166 1161//1161
f 1163//1163 1168//1168 151//151
f 1168//1168 1068//1068 151//151
f 1169//1169 1164//1164 708//708
f 708//708 1167//1167 1116//1116
f 1168//1168 1170//1170 1068//1068
f 1170//1170 1117//1117 1068//1068
f 1111//1111 729//729 338//338
f 1112//1112 1111//1111 1131//1131
f 1111//1111 338//338 1131//1131
f 1171//1171 1169//1169 1172//1172
f 708//708 1132//1132 1169//1169
f 1169//1169 1132//1132 1172//1172
f 1116//1116 1167//1167 1173//1173
f 1116//1116 1173//1173 1119//1119
f 1175//1175 1130//1130 1174//1174
f 1175//1175 1115//1115 1130//1130
f 1115//1115 1175//1175 1166//1166
f 1118//1118 1117//1117 1177//1177
f 1177//1177 1117//1117 1176//1176
f 1118//1118 338//338 729//729
f 1118//1118 1177//1177 338//338
f 338//338 899//899 1131//1131
f 899//899 1072//1072 1131//1131
f 1178//1178 1171//1171 1172//1172
f 1072//1072 1178//1178 1172//1172
f 1119//1119 1173//1173 1133//1133
f 1172//1172 1134//1134 1072//1072
f 1072//1072 1134//1134 1120//1120
f 1122//1122 1134//1134 1132//1132
f 1134//1134 1172//1172 1132//1132
f 1180//1180 1133//1133 1173//1173
f 1180//1180 1179//1179 1133//1133
f 1174//1174 1130//1130 891//891
f 1133//1133 891//891 1130//1130
f 1180//1180 891//891 1133//1133
f 1135//1135 1181//1181 1138//1138
f 1136//1136 1139//1139 1135//1135
f 1135//1135 1139//1139 1181//1181
f 1181//1181 1141//1141 1138//1138
f 1061//1061 1149//1149 1148//1148
f 1098//1098 1152//1152 1147//1147
f 1157//1157 1160//1160 1155//1155
f 1156//1156 1157//1157 1160//1160
f 1164//1164 1169//1169 1165//1165
f 1168//1168 1182//1182 1170//1170
f 1182//1182 1176//1176 1117//1117
f 1182//1182 1117//1117 1170//1170
f 1178//1178 1072//1072 899//899
f 1184//1184 899//899 1183//1183
f 1184//1184 1178//1178 899//899
f 1171//1171 1178//1178 1184//1184
f 1180//1180 1173//1173 1185//1185
f 1142//1142 1187//1187 1139//1139
f 1140//1140 1142//1142 1139//1139
f 1186//1186 1141//1141 1181//1181
f 1188//1188 1146//1146 1143//1143
f 1155//1155 1149//1149 1150//1150
f 1152//1152 1189//1189 1147//1147
f 1156//1156 1190//1190 1157//1157
f 1159//1159 1154//1154 1151//1151
f 1192//1192 1159//1159 1151//1151
f 1155//1155 1194//1194 1193//1193
f 1155//1155 1160//1160 1194//1194
f 1157//1157 1191//1191 1160//1160
f 1192//1192 1168//1168 1159//1159
f 1166//1166 1196//1196 1162//1162
f 1168//1168 1163//1163 1159//1159
f 1169//1169 1197//1197 1164//1164
f 1182//1182 1198//1198 1199//1199
f 1167//1167 1164//1164 1200//1200
f 1199//1199 1202//1202 1177//1177
f 1182//1182 1199//1199 1177//1177
f 1182//1182 1177//1177 1176//1176
f 1171//1171 1203//1203 1169//1169
f 1166//1166 1175//1175 1201//1201
f 1183//1183 899//899 1208//1208
f 1208//1208 899//899 338//338
f 1171//1171 1184//1184 1209//1209
f 1210//1210 1174//1174 891//891
f 1209//1209 1184//1184 1212//1212
f 1184//1184 1183//1183 1212//1212
f 1181//1181 1213//1213 1186//1186
f 1139//1139 1213//1213 1181//1181
f 1214//1214 1213//1213 1139//1139
f 1187//1187 1214//1214 1139//1139
f 1141//1141 1213//1213 1143//1143
f 1186//1186 1213//1213 1141//1141
f 1142//1142 1214//1214 1187//1187
f 1142//1142 1215//1215 1214//1214
f 1213//1213 747//747 1143//1143
f 1216//1216 1214//1214 1217//1217
f 1217//1217 1214//1214 1215//1215
f 1144//1144 1215//1215 1142//1142
f 1144//1144 1217//1217 1215//1215
f 1143//1143 747//747 1218//1218
f 1145//1145 1217//1217 1144//1144
f 1218//1218 1188//1188 1143//1143
f 1145//1145 1219//1219 1217//1217
f 1145//1145 1147//1147 1219//1219
f 1220//1220 1146//1146 1188//1188
f 1149//1149 1221//1221 1148//1148
f 1222//1222 1221//1221 1149//1149
f 1155//1155 1221//1221 1149//1149
f 1219//1219 1147//1147 1189//1189
f 1189//1189 1152//1152 1223//1223
f 1153//1153 1223//1223 1152//1152
f 1221//1221 1224//1224 1151//1151
f 1221//1221 1151//1151 1148//1148
f 1155//1155 1225//1225 1221//1221
f 1146//1146 1220//1220 1190//1190
f 1156//1156 1146//1146 1190//1190
f 1158//1158 1223//1223 1153//1153
f 1190//1190 1191//1191 1157//1157
f 1226//1226 1223//1223 1158//1158
f 1151//1151 1227//1227 1192//1192
f 1224//1224 1227//1227 1151//1151
f 1155//1155 1193//1193 1225//1225
f 1160//1160 1191//1191 1195//1195
f 1226//1226 1162//1162 1229//1229
f 1226//1226 1158//1158 1162//1162
f 1193//1193 1194//1194 1160//1160
f 1193//1193 1160//1160 1195//1195
f 1162//1162 1230//1230 1229//1229
f 1192//1192 1227//1227 1168//1168
f 1227//1227 1232//1232 1231//1231
f 1231//1231 1232//1232 1198//1198
f 1165//1165 1164//1164 1228//1228
f 1164//1164 1197//1197 1228//1228
f 1165//1165 1228//1228 1233//1233
f 1196//1196 1230//1230 1162//1162
f 1231//1231 1168//1168 1227//1227
f 1182//1182 1168//1168 1231//1231
f 1231//1231 1198//1198 1182//1182
f 1165//1165 1233//1233 1164//1164
f 1164//1164 1233//1233 1200//1200
f 1166//1166 1201//1201 1196//1196
f 1169//1169 1203//1203 1197//1197
f 1167//1167 1200//1200 1173//1173
f 1173//1173 1200//1200 1206//1206
f 1175//1175 1205//1205 1201//1201
f 1202//1202 338//338 1177//1177
f 338//338 1202//1202 1207//1207
f 338//338 1207//1207 1234//1234
f 1234//1234 1208//1208 338//338
f 1183//1183 1208//1208 1234//1234
f 1171//1171 1209//1209 1235//1235
f 1235//1235 1203//1203 1171//1171
f 1173//1173 1206//1206 1185//1185
f 1185//1185 1206//1206 1236//1236
f 1205//1205 1174//1174 1210//1210
f 1174//1174 1205//1205 1175//1175
f 1234//1234 1211//1211 1183//1183
f 1209//1209 1212//1212 1235//1235
f 1180//1180 1236//1236 1237//1237
f 1185//1185 1236//1236 1180//1180
f 1211//1211 1212//1212 1183//1183
f 891//891 1180//1180 1210//1210
f 1210//1210 1180//1180 1237//1237
f 1214//1214 747//747 1213//1213
f 1216//1216 747//747 1214//1214
f 1238//1238 1188//1188 1218//1218
f 747//747 1238//1238 1218//1218
f 1216//1216 1239//1239 747//747
f 747//747 1239//1239 1238//1238
f 1217//1217 1240//1240 1216//1216
f 1216//1216 1240//1240 1239//1239
f 1219//1219 1240//1240 1217//1217
f 1238//1238 1239//1239 752//752
f 1240//1240 1241//1241 1239//1239
f 1220//1220 1188//1188 1242//1242
f 1190//1190 1220//1220 1242//1242
f 1239//1239 1241//1241 752//752
f 1221//1221 1232//1232 1224//1224
f 1224//1224 1232//1232 1227//1227
f 1225//1225 1193//1193 1221//1221
f 1221//1221 1193//1193 1232//1232
f 1228//1228 1243//1243 1241//1241
f 1243//1243 752//752 1241//1241
f 1232//1232 1193//1193 1198//1198
f 1197//1197 1243//1243 1228//1228
f 1233//1233 1228//1228 1200//1200
f 1198//1198 1193//1193 1199//1199
f 1236//1236 1206//1206 1237//1237
f 1137//1137 1205//1205 1210//1210
f 752//752 1242//1242 1188//1188
f 1238//1238 752//752 1188//1188
f 1240//1240 1244//1244 1241//1241
f 1219//1219 1244//1244 1240//1240
f 752//752 1246//1246 1242//1242
f 1242//1242 1246//1246 1245//1245
f 1244//1244 1219//1219 1248//1248
f 1247//1247 1244//1244 1248//1248
f 1219//1219 1189//1189 1223//1223
f 1219//1219 1223//1223 1248//1248
f 1248//1248 1223//1223 1249//1249
f 1190//1190 1242//1242 1245//1245
f 1250//1250 1190//1190 1245//1245
f 1223//1223 1226//1226 1249//1249
f 1190//1190 1250//1250 1191//1191
f 1191//1191 1250//1250 1195//1195
f 1246//1246 752//752 1243//1243
f 1241//1241 1252//1252 1228//1228
f 1244//1244 1252//1252 1241//1241
f 1252//1252 1244//1244 1247//1247
f 1253//1253 1252//1252 1247//1247
f 1249//1249 1226//1226 1254//1254
f 1254//1254 1226//1226 1229//1229
f 1193//1193 1256//1256 1199//1199
f 1195//1195 1251//1251 1256//1256
f 1195//1195 1256//1256 1193//1193
f 1243//1243 1257//1257 1255//1255
f 1228//1228 1252//1252 1200//1200
f 1258//1258 1252//1252 1253//1253
f 1230//1230 1259//1259 1229//1229
f 1260//1260 1199//1199 1256//1256
f 1243//1243 1197//1197 1257//1257
f 1200//1200 1252//1252 1258//1258
f 1230//1230 1196//1196 1259//1259
f 1196//1196 1261//1261 1259//1259
f 1196//1196 1201//1201 1261//1261
f 1202//1202 1260//1260 1262//1262
f 1202//1202 1199//1199 1260//1260
f 1197//1197 1203//1203 1257//1257
f 1203//1203 1128//1128 1257//1257
f 1200//1200 1258//1258 1206//1206
f 1206//1206 1258//1258 1263//1263
f 1201//1201 1264//1264 1261//1261
f 1205//1205 1264//1264 1201//1201
f 1202//1202 1262//1262 1265//1265
f 1202//1202 1265//1265 1207//1207
f 1234//1234 1207//1207 1266//1266
f 1266//1266 1207//1207 1265//1265
f 1128//1128 1235//1235 1267//1267
f 1128//1128 1203//1203 1235//1235
f 1206//1206 1263//1263 1268//1268
f 1237//1237 1206//1206 1269//1269
f 1269//1269 1206//1206 1268//1268
f 1271//1271 1210//1210 1270//1270
f 1210//1210 1271//1271 1137//1137
f 1205//1205 1271//1271 1264//1264
f 1137//1137 1271//1271 1205//1205
f 1266//1266 1272//1272 1234//1234
f 1272//1272 1211//1211 1234//1234
f 1267//1267 1212//1212 1273//1273
f 1235//1235 1212//1212 1267//1267
f 1210//1210 1237//1237 1269//1269
f 1212//1212 1211//1211 1273//1273
f 1273//1273 1211//1211 1272//1272
f 1250//1250 1251//1251 1195//1195
f 1274//1274 1251//1251 1250//1250
f 1250//1250 1245//1245 1275//1275
f 1274//1274 1250//1250 1275//1275
f 1275//1275 1245//1245 1255//1255
f 1255//1255 1245//1245 1246//1246
f 1243//1243 1255//1255 1246//1246
f 1253//1253 1247//1247 1248//1248
f 1276//1276 1249//1249 1254//1254
f 1259//1259 1254//1254 1229//1229
f 1261//1261 1254//1254 1259//1259
f 1251//1251 408//408 1260//1260
f 1251//1251 1260//1260 1256//1256
f 1268//1268 1271//1271 1269//1269
f 1270//1270 1269//1269 1271//1271
f 1270//1270 1210//1210 1269//1269
f 1248//1248 1277//1277 1253//1253
f 1249//1249 1276//1276 1248//1248
f 1276//1276 1277//1277 1248//1248
f 1277//1277 1276//1276 1278//1278
f 1274//1274 1275//1275 1280//1280
f 1279//1279 1274//1274 1280//1280
f 1281//1281 1275//1275 1255//1255
f 1282//1282 1253//1253 1277//1277
f 1281//1281 1284//1284 1275//1275
f 1257//1257 1281//1281 1255//1255
f 1253//1253 1282//1282 1258//1258
f 1254//1254 1261//1261 1285//1285
f 1260//1260 408//408 1262//1262
f 1281//1281 1257//1257 1284//1284
f 408//408 1265//1265 1262//1262
f 1257//1257 1286//1286 1284//1284
f 1257//1257 1128//1128 1286//1286
f 1128//1128 1287//1287 1286//1286
f 1288//1288 1289//1289 1271//1271
f 1268//1268 1288//1288 1271//1271
f 1265//1265 1204//1204 1272//1272
f 1286//1286 1287//1287 1273//1273
f 1267//1267 1287//1287 1128//1128
f 1273//1273 1287//1287 1267//1267
f 1266//1266 1265//1265 1272//1272
f 1278//1278 1282//1282 1277//1277
f 1254//1254 1278//1278 1276//1276
f 1251//1251 1283//1283 408//408
f 1274//1274 1283//1283 1251//1251
f 1279//1279 1283//1283 1274//1274
f 1280//1280 833//833 1279//1279
f 1284//1284 833//833 1280//1280
f 1275//1275 1284//1284 1280//1280
f 1291//1291 1278//1278 1254//1254
f 1283//1283 1279//1279 833//833
f 1282//1282 1290//1290 1258//1258
f 1285//1285 1291//1291 1254//1254
f 1261//1261 1291//1291 1285//1285
f 408//408 1204//1204 1265//1265
f 1283//1283 1204//1204 408//408
f 1258//1258 1290//1290 1263//1263
f 1290//1290 1288//1288 1268//1268
f 1290//1290 1268//1268 1263//1263
f 1264//1264 1271//1271 1289//1289
f 1264//1264 1289//1289 1291//1291
f 1261//1261 1264//1264 1291//1291
f 1204//1204 1292//1292 1272//1272
f 1292//1292 1286//1286 1294//1294
f 1293//1293 1292//1292 1294//1294
f 1273//1273 1294//1294 1286//1286
f 1293//1293 1272//1272 1292//1292
f 1294//1294 1272//1272 1293//1293
f 1273//1273 1272//1272 1294//1294
f 1278//1278 1290//1290 1282//1282
f 1291//1291 1290//1290 1278//1278
f 1283//1283 833//833 1204//1204
f 833//833 1292//1292 1204//1204
f 1284//1284 1286//1286 833//833
f 833//833 1286//1286 1292//1292
f 1288//1288 1290//1290 1289//1289
f 1291//1291 1289//1289 1290//1290
g leaves
v -0.672763 4.229627 0.000000
v -0.672763 4.229627 0.000000
v -0.672763 4.229627 0.000000
v -0.679976 4.213011 -0.051915
v -0.701738 4.225960 -0.033084
v -0.723274 4.213011 -0.013993
v -0.698680 4.197101 -0.093780
v -0.730660 4.216130 -0.066106
v -0.762308 4.197101 -0.038051
v -0.727548 4.181108 -0.126740
v -0.759529 4.200138 -0.099066
v -0.791176 4.181108 -0.071012
v -0.766580 4.165034 -0.150796
v -0.788343 4.177983 -0.131965
v -0.809878 4.165034 -0.112875
v -0.817103 4.149665 -0.164802
v -0.817103 4.149665 -0.164802
v -0.817103 4.149665 -0.164802
v -0.908594 4.339706 0.000000
v -0.908594 4.339706 0.000000
v -0.908594 4.339706 0.000000
v -0.906830 4.327912 -0.061623
v -0.934167 4.342576 -0.043309
v -0.963405 4.327912 -0.028217
v -0.920019 4.316917 -0.114298
v -0.960192 4.338467 -0.087384
v -1.003160 4.316917 -0.065205
v -0.946497 4.305830 -0.159141
v -0.986670 4.327379 -0.132227
v -1.029639 4.305830 -0.110048
v -0.986265 4.294648 -0.196150
v -1.013601 4.309312 -0.177836
v -1.042840 4.294648 -0.162743
v -1.040985 4.284266 -0.224211
v -1.040985 4.284266 -0.224211
v -1.040985 4.284266 -0.224211
v -1.133194 4.309193 0.000000
v -1.133194 4.309193 0.000000
v -1.133194 4.309193 0.000000
v -1.133857 4.274060 -0.069118
v -1.168758 4.291915 -0.048058
v -1.199099 4.274060 -0.020837
v -1.151947 4.239900 -0.125599
v -1.203237 4.266140 -0.094650
v -1.247826 4.239900 -0.054647
v -1.185341 4.205627 -0.170725
v -1.236631 4.231866 -0.139776
v -1.281219 4.205627 -0.099773
v -1.234038 4.171240 -0.204495
v -1.268939 4.189095 -0.183436
v -1.299281 4.171240 -0.156215
v -1.300163 4.137827 -0.225629
v -1.300163 4.137827 -0.225629
v -1.300163 4.137827 -0.225629
v -1.133194 4.309193 0.000000
v -1.133194 4.309193 0.000000
v -1.133194 4.309193 0.000000
v -1.177557 4.280188 0.006371
v -1.160101 4.292032 0.028591
v -1.136862 4.280188 0.044667
v -1.211284 4.251829 0.023065
v -1.185631 4.269235 0.055720
v -1.151480 4.251829 0.079345
v -1.235438 4.223395 0.048732
v -1.209785 4.240801 0.081387
v -1.175634 4.223395 0.105012
v -1.250020 4.194885 0.083371
v -1.232564 4.206729 0.105592
v -1.209325 4.194885 0.121668
v -1.253966 4.167021 0.128334
v -1.253966 4.167021 0.128334
v -1.253966 4.167021 0.128334
v -1.133194 4.309193 0.000000
v -1.133194 4.309193 0.000000
v -1.133194 4.309193 0.000000
v -1.166240 4.321370 -0.051623
v -1.172825 4.333682 -0.018586
v -1.194015 4.321370 0.007603
v -1.206255 4.334219 -0.087352
v -1.215932 4.352313 -0.038801
v -1.247072 4.334219 -0.000316
v -1.252837 4.346990 -0.109198
v -1.262514 4.365083 -0.060647
v -1.293654 4.346990 -0.022161
v -1.305987 4.359682 -0.117160
v -1.312572 4.371994 -0.084122
v -1.333762 4.359682 -0.057934
v -1.366105 4.373045 -0.109227
v -1.366105 4.373045 -0.109227
v -1.366105 4.373045 -0.109227
v -1.036832 4.511070 -0.000000
v -1.036832 4.511070 -0.000000
v -1.036832 4.511070 -0.000000
v -1.037880 4.519368 -0.060224
v -1.060805 4.531866 -0.037072
v -1.091325 4.519368 -0.025663
v -1.052895 4.528347 -0.110962
v -1.086586 4.546713 -0.076939
v -1.131436 4.528347 -0.060173
v -1.080482 4.537247 -0.153623
v -1.114173 4.555613 -0.119600
v -1.159023 4.537247 -0.102834
v -1.120641 4.546067 -0.188207
v -1.143567 4.558565 -0.165055
v -1.174086 4.546067 -0.153647
v -1.174768 4.555569 -0.213305
v -1.174768 4.555569 -0.213305
v -1.174768 4.555569 -0.213305
v -1.036832 4.511070 -0.000000
v -1.036832 4.511070 -0.000000
v -1.036832 4.511070 -0.000000
v -1.092889 4.497947 0.014997
v -1.069130 4.511906 0.035161
v -1.047025 4.497947 0.057126
v -1.136737 4.485584 0.041118
v -1.101821 4.506097 0.070750
v -1.069337 4.485584 0.103029
v -1.169822 4.473133 0.077136
v -1.134906 4.493646 0.106768
v -1.102422 4.473133 0.139047
v -1.192144 4.460593 0.123051
v -1.168385 4.474552 0.143215
v -1.146281 4.460593 0.165180
v -1.202258 4.448813 0.180090
v -1.202258 4.448813 0.180090
v -1.202258 4.448813 0.180090
v -1.036832 4.511070 -0.000000
v -1.036832 4.511070 -0.000000
v -1.036832 4.511070 -0.000000
v -0.985083 4.560347 -0.007599
v -1.025105 4.565126 -0.016340
v -1.046193 4.560347 -0.051460
v -0.950056 4.609883 -0.026112
v -1.008871 4.616907 -0.038957
v -1.039862 4.609883 -0.090569
v -0.929317 4.659389 -0.055006
v -0.988132 4.666414 -0.067851
v -1.019123 4.659389 -0.119464
v -0.922866 4.708865 -0.094283
v -0.962888 4.713645 -0.103023
v -0.983976 4.708865 -0.138144
v -0.933138 4.758601 -0.144473
v -0.933138 4.758601 -0.144473
v -0.933138 4.758601 -0.144473
v -1.090681 4.424699 -0.090604
v -1.090681 4.424699 -0.090604
v -1.090681 4.424699 -0.090604
v -1.074975 4.391651 -0.179108
v -1.121444 4.414155 -0.160253
v -1.166678 4.391651 -0.138605
v -1.083624 4.359829 -0.256947
v -1.151912 4.392901 -0.229237
v -1.218388 4.359829 -0.197425
v -1.113800 4.327864 -0.325267
v -1.182088 4.360936 -0.297557
v -1.248564 4.327864 -0.265745
v -1.165502 4.295756 -0.384068
v -1.211970 4.318260 -0.365213
v -1.257205 4.295756 -0.343565
v -1.241558 4.264875 -0.432204
v -1.241558 4.264875 -0.432204
v -1.241558 4.264875 -0.432204
v -1.090681 4.424699 -0.090604
v -1.090681 4.424699 -0.090604
v -1.090681 4.424699 -0.090604
v -1.176177 4.408144 -0.099890
v -1.153756 4.428608 -0.059828
v -1.135977 4.408144 -0.017501
v -1.250885 4.392704 -0.087387
v -1.217935 4.422778 -0.028513
v -1.191807 4.392704 0.033690
v -1.316169 4.377134 -0.055533
v -1.283219 4.407207 0.003341
v -1.257091 4.377134 0.065544
v -1.372029 4.361434 -0.004328
v -1.349608 4.381898 0.035734
v -1.331828 4.361434 0.078061
v -1.417101 4.346849 0.068666
v -1.417101 4.346849 0.068666
v -1.417101 4.346849 0.068666
v -1.090681 4.424699 -0.090604
v -1.090681 4.424699 -0.090604
v -1.090681 4.424699 -0.090604
v -1.056689 4.466085 -0.132199
v -1.091624 4.472644 -0.116348
v -1.127625 4.466085 -0.129602
v -1.041480 4.507829 -0.172313
v -1.092820 4.517467 -0.149018
v -1.145726 4.507829 -0.168496
v -1.042930 4.549531 -0.211909
v -1.094270 4.559169 -0.188614
v -1.147176 4.549531 -0.208092
v -1.061038 4.591191 -0.250987
v -1.095973 4.597749 -0.235136
v -1.131974 4.591191 -0.248390
v -1.097930 4.633208 -0.288584
v -1.097930 4.633208 -0.288584
v -1.097930 4.633208 -0.288584
v -0.421729 4.375393 0.000000
v -0.421729 4.375393 0.000000
v -0.421729 4.375393 0.000000
v -0.406306 4.387634 -0.073303
v -0.440438 4.402970 -0.050998
v -0.480897 4.387634 -0.045939
v -0.410494 4.400709 -0.138879
v -0.460653 4.423247 -0.106099
v -0.520110 4.400709 -0.098665
v -0.432214 4.413688 -0.198085
v -0.482373 4.436225 -0.165305
v -0.541830 4.413688 -0.157871
v -0.471467 4.426568 -0.250920
v -0.505599 4.441904 -0.228615
v -0.546058 4.426568 -0.223556
v -0.530330 4.440285 -0.296029
v -0.530330 4.440285 -0.296029
v -0.530330 4.440285 -0.296029
v -0.382109 4.625400 0.000000
v -0.382109 4.625400 0.000000
v -0.382109 4.625400 0.000000
v -0.371731 4.642270 -0.051100
v -0.395177 4.651983 -0.032517
v -0.424961 4.642270 -0.029709
v -0.375298 4.659669 -0.096097
v -0.409753 4.673944 -0.068788
v -0.453523 4.659669 -0.064661
v -0.391382 4.677007 -0.136121
v -0.425837 4.691282 -0.108813
v -0.469607 4.677007 -0.104685
v -0.419984 4.694283 -0.171173
v -0.443430 4.703997 -0.152591
v -0.473214 4.694283 -0.149782
v -0.462531 4.712089 -0.200123
v -0.462531 4.712089 -0.200123
v -0.462531 4.712089 -0.200123
v -0.466781 4.840176 0.000000
v -0.466781 4.840176 0.000000
v -0.466781 4.840176 0.000000
v -0.471499 4.836286 -0.055346
v -0.492860 4.848935 -0.035221
v -0.518343 4.836286 -0.020661
v -0.488527 4.833086 -0.101342
v -0.519920 4.851675 -0.071767
v -0.557368 4.833086 -0.050370
v -0.516568 4.829805 -0.139212
v -0.547960 4.848394 -0.109636
v -0.585408 4.829805 -0.088240
v -0.555619 4.826444 -0.168956
v -0.576981 4.839093 -0.148830
v -0.602463 4.826444 -0.134270
v -0.606982 4.823772 -0.189349
v -0.606982 4.823772 -0.189349
v -0.606982 4.823772 -0.189349
v -0.466781 4.840176 0.000000
v -0.466781 4.840176 0.000000
v -0.466781 4.840176 0.000000
v -0.532404 4.843696 0.028101
v -0.497999 4.859154 0.044228
v -0.471280 4.843696 0.071245
v -0.581607 4.848059 0.067348
v -0.531045 4.870776 0.091048
v -0.491780 4.848059 0.130750
v -0.616482 4.852324 0.116759
v -0.565921 4.875040 0.140458
v -0.526656 4.852324 0.180161
v -0.637032 4.856490 0.176334
v -0.602626 4.871948 0.192461
v -0.575908 4.856490 0.219478
v -0.641160 4.861498 0.247055
v -0.641160 4.861498 0.247055
v -0.641160 4.861498 0.247055
v -0.466781 4.840176 0.000000
v -0.466781 4.840176 0.000000
v -0.466781 4.840176 0.000000
v -0.417966 4.872700 0.019531
v -0.438858 4.880387 -0.008100
v -0.435996 4.872700 -0.042622
v -0.374580 4.905643 0.022766
v -0.405282 4.916939 -0.017840
v -0.401076 4.905643 -0.068572
v -0.335352 4.938537 0.011386
v -0.366054 4.949833 -0.029220
v -0.361848 4.938537 -0.079952
v -0.300281 4.971382 -0.014608
v -0.321173 4.979069 -0.042239
v -0.318311 4.971382 -0.076761
v -0.270639 5.004646 -0.056898
v -0.270639 5.004646 -0.056898
v -0.270639 5.004646 -0.056898
v -0.232675 4.832244 0.000000
v -0.232675 4.832244 0.000000
v -0.232675 4.832244 0.000000
v -0.219596 4.828848 0.051085
v -0.202802 4.840830 0.028855
v -0.181168 4.828848 0.011301
v -0.196458 4.826106 0.091490
v -0.171777 4.843714 0.058823
v -0.139984 4.826106 0.033025
v -0.164281 4.823287 0.122570
v -0.139601 4.840895 0.089902
v -0.107808 4.823287 0.064105
v -0.123067 4.820392 0.144324
v -0.106273 4.832374 0.122095
v -0.084639 4.820392 0.104540
v -0.071793 4.818150 0.155400
v -0.071793 4.818150 0.155400
v -0.071793 4.818150 0.155400
v -0.232675 4.832244 0.000000
v -0.232675 4.832244 0.000000
v -0.232675 4.832244 0.000000
v -0.171034 4.833877 -0.020505
v -0.200716 4.848097 -0.038047
v -0.223119 4.833877 -0.064256
v -0.123405 4.836284 -0.052378
v -0.167025 4.857182 -0.078157
v -0.199948 4.836284 -0.116672
v -0.087982 4.838602 -0.094550
v -0.131602 4.859499 -0.120329
v -0.164525 4.838602 -0.158844
v -0.064765 4.840829 -0.147021
v -0.094447 4.855050 -0.164563
v -0.116850 4.840829 -0.190771
v -0.055560 4.843831 -0.210860
v -0.055560 4.843831 -0.210860
v -0.055560 4.843831 -0.210860
v -0.232675 4.832244 0.000000
v -0.232675 4.832244 0.000000
v -0.232675 4.832244 0.000000
v -0.300382 4.883192 0.018876
v -0.252505 4.892302 0.029234
v -0.225180 4.883192 0.069888
v -0.347584 4.934636 0.050455
v -0.277226 4.948024 0.065677
v -0.237069 4.934636 0.125421
v -0.377195 4.986022 0.094107
v -0.306837 4.999410 0.109329
v -0.266680 4.986022 0.169074
v -0.389215 5.037351 0.149833
v -0.341339 5.046461 0.160191
v -0.314013 5.037351 0.200845
v -0.380730 5.089176 0.218262
v -0.380730 5.089176 0.218262
v -0.380730 5.089176 0.218262
v -0.345200 4.858298 0.094331
v -0.345200 4.858298 0.094331
v -0.345200 4.858298 0.094331
v -0.321565 4.895903 0.050469
v -0.350523 4.902116 0.070629
v -0.385320 4.895903 0.064786
v -0.314680 4.933846 0.011114
v -0.357235 4.942976 0.040739
v -0.408371 4.933846 0.032153
v -0.322782 4.971750 -0.024964
v -0.365337 4.980881 0.004662
v -0.416473 4.971750 -0.003924
v -0.345871 5.009614 -0.057762
v -0.374828 5.015827 -0.037603
v -0.409625 5.009614 -0.043445
v -0.385709 5.047816 -0.086055
v -0.385709 5.047816 -0.086055
v -0.385709 5.047816 -0.086055
v -0.345200 4.858298 0.094331
v -0.345200 4.858298 0.094331
v -0.345200 4.858298 0.094331
v -0.376154 4.850235 0.136635
v -0.348315 4.862546 0.136571
v -0.320788 4.850235 0.140718
v -0.392415 4.842841 0.179907
v -0.351505 4.860934 0.179813
v -0.311051 4.842841 0.185908
v -0.395678 4.835370 0.224151
v -0.354768 4.853463 0.224058
v -0.314314 4.835370 0.230152
v -0.385943 4.827821 0.269368
v -0.358105 4.840133 0.269304
v -0.330577 4.827821 0.273451
v -0.361516 4.820942 0.315552
v -0.361516 4.820942 0.315552
v -0.361516 4.820942 0.315552
v -0.345200 4.858298 0.094331
v -0.345200 4.858298 0.094331
v -0.345200 4.858298 0.094331
v -0.268158 4.879389 0.146118
v -0.279781 4.897737 0.095984
v -0.265640 4.879389 0.046501
v -0.191149 4.901480 0.171468
v -0.208230 4.928444 0.097792
v -0.187450 4.901480 0.025074
v -0.113468 4.923454 0.173431
v -0.130549 4.950418 0.099756
v -0.109768 4.923454 0.027037
v -0.035114 4.945312 0.152008
v -0.046737 4.963660 0.101874
v -0.032596 4.945312 0.052391
v 0.043206 4.968169 0.104147
v 0.043206 4.968169 0.104147
v 0.043206 4.968169 0.104147
v -0.553617 4.332838 0.167170
v -0.553617 4.332838 0.167170
v -0.553617 4.332838 0.167170
v -0.633221 4.314684 0.144498
v -0.618807 4.334551 0.186483
v -0.608026 4.314684 0.229545
v -0.706044 4.297613 0.144351
v -0.684861 4.326809 0.206052
v -0.669017 4.297613 0.269334
v -0.772963 4.280415 0.164176
v -0.751780 4.309612 0.225877
v -0.735936 4.280415 0.289159
v -0.833977 4.263091 0.203972
v -0.819563 4.282959 0.245958
v -0.808782 4.263091 0.289019
v -0.888211 4.246850 0.266295
v -0.888211 4.246850 0.266295
v -0.888211 4.246850 0.266295
v -0.636549 4.513045 0.316102
v -0.636549 4.513045 0.316102
v -0.636549 4.513045 0.316102
v -0.710379 4.504237 0.303545
v -0.692042 4.521601 0.338692
v -0.680619 4.504237 0.376653
v -0.776127 4.496377 0.310300
v -0.749180 4.521893 0.361951
v -0.732392 4.496377 0.417737
v -0.834911 4.488404 0.334230
v -0.807963 4.513921 0.385880
v -0.791176 4.488404 0.441667
v -0.886728 4.480322 0.375332
v -0.868391 4.497685 0.410479
v -0.856968 4.480322 0.448440
v -0.930465 4.473186 0.435748
v -0.930465 4.473186 0.435748
v -0.930465 4.473186 0.435748
v -0.805158 4.604405 0.431330
v -0.805158 4.604405 0.431330
v -0.805158 4.604405 0.431330
v -0.842889 4.573873 0.385250
v -0.855020 4.589270 0.418284
v -0.860622 4.573873 0.453026
v -0.885501 4.544179 0.357099
v -0.903328 4.566807 0.405644
v -0.911561 4.544179 0.456700
v -0.932255 4.514388 0.344866
v -0.950082 4.537015 0.393411
v -0.958315 4.514388 0.444467
v -0.983152 4.484499 0.348551
v -0.995283 4.499896 0.381585
v -1.000885 4.484499 0.416326
v -1.038930 4.455449 0.370165
v -1.038930 4.455449 0.370165
v -1.038930 4.455449 0.370165
v -0.805158 4.604405 0.431330
v -0.805158 4.604405 0.431330
v -0.805158 4.604405 0.431330
v -0.848244 4.569970 0.468764
v -0.814954 4.584959 0.480200
v -0.779828 4.569970 0.482477
v -0.873235 4.536352 0.510084
v -0.824313 4.558379 0.526891
v -0.772692 4.536352 0.530237
v -0.882157 4.502637 0.554595
v -0.833234 4.524664 0.571402
v -0.781614 4.502637 0.574748
v -0.875009 4.468828 0.602297
v -0.841719 4.483817 0.613733
v -0.806593 4.468828 0.616010
v -0.849767 4.435836 0.653885
v -0.849767 4.435836 0.653885
v -0.849767 4.435836 0.653885
v -0.805158 4.604405 0.431330
v -0.805158 4.604405 0.431330
v -0.805158 4.604405 0.431330
v -0.828470 4.640696 0.377394
v -0.833692 4.649295 0.415733
v -0.863144 4.640696 0.440827
v -0.860317 4.677454 0.340643
v -0.867991 4.690091 0.396984
v -0.911272 4.677454 0.433862
v -0.900381 4.714158 0.318742
v -0.908056 4.726795 0.375084
v -0.951337 4.714158 0.411961
v -0.948664 4.750808 0.311693
v -0.953886 4.759407 0.350032
v -0.983338 4.750808 0.375126
v -1.005483 4.787926 0.321828
v -1.005483 4.787926 0.321828
v -1.005483 4.787926 0.321828
v -0.604723 4.710505 0.440781
v -0.604723 4.710505 0.440781
v -0.604723 4.710505 0.440781
v -0.674474 4.712416 0.467639
v -0.639417 4.728775 0.486210
v -0.612274 4.712416 0.515143
v -0.727514 4.715218 0.506814
v -0.675995 4.739258 0.534105
v -0.636106 4.715218 0.576623
v -0.765975 4.717916 0.557174
v -0.714456 4.741956 0.584465
v -0.674567 4.717916 0.626984
v -0.789857 4.720510 0.618720
v -0.754800 4.736868 0.637291
v -0.727657 4.720510 0.666224
v -0.797028 4.723996 0.692583
v -0.797028 4.723996 0.692583
v -0.797028 4.723996 0.692583
v -0.604723 4.710505 0.440781
v -0.604723 4.710505 0.440781
v -0.604723 4.710505 0.440781
v -0.564823 4.697965 0.524524
v -0.541927 4.719609 0.481009
v -0.511969 4.697965 0.442017
v -0.511098 4.686605 0.586261
v -0.477450 4.718412 0.522312
v -0.433425 4.686605 0.465012
v -0.444941 4.675107 0.628641
v -0.411293 4.706914 0.564693
v -0.367269 4.675107 0.507392
v -0.366352 4.663471 0.651664
v -0.343456 4.685115 0.608149
v -0.313499 4.663471 0.569158
v -0.273939 4.653015 0.652682
v -0.273939 4.653015 0.652682
v -0.273939 4.653015 0.652682
v -0.604723 4.710505 0.440781
v -0.604723 4.710505 0.440781
v -0.604723 4.710505 0.440781
v -0.593034 4.747921 0.387093
v -0.617794 4.755427 0.415132
v -0.655032 4.747921 0.418689
v -0.597448 4.785746 0.342451
v -0.633835 4.796777 0.383657
v -0.688559 4.785746 0.388883
v -0.616458 4.823523 0.305149
v -0.652845 4.834554 0.346356
v -0.707568 4.823523 0.351582
v -0.650063 4.861252 0.275188
v -0.674824 4.868759 0.303228
v -0.712062 4.861252 0.306784
v -0.699772 4.899390 0.254274
v -0.699772 4.899390 0.254274
v -0.699772 4.899390 0.254274
v -0.659689 4.563327 0.536924
v -0.659689 4.563327 0.536924
v -0.659689 4.563327 0.536924
v -0.732428 4.539862 0.539644
v -0.709463 4.557871 0.572430
v -0.685937 4.539862 0.604816
v -0.792852 4.517378 0.559659
v -0.759103 4.543844 0.607841
v -0.724531 4.517378 0.655435
v -0.842359 4.494781 0.594975
v -0.808610 4.521247 0.643156
v -0.774037 4.494781 0.690750
v -0.880948 4.472069 0.645591
v -0.857983 4.490078 0.678377
v -0.834458 4.472069 0.710763
v -0.907224 4.450338 0.713502
v -0.907224 4.450338 0.713502
v -0.907224 4.450338 0.713502
v -0.659689 4.563327 0.536924
v -0.659689 4.563327 0.536924
v -0.659689 4.563327 0.536924
v -0.644745 4.533834 0.611732
v -0.613502 4.553023 0.582420
v -0.584665 4.533834 0.550739
v -0.613800 4.505386 0.670427
v -0.567888 4.533586 0.627351
v -0.525509 4.505386 0.580794
v -0.568758 4.476817 0.714796
v -0.522845 4.505017 0.671720
v -0.480467 4.476817 0.625162
v -0.509618 4.448127 0.744836
v -0.478375 4.467316 0.715524
v -0.449538 4.448127 0.683843
v -0.434477 4.420481 0.758765
v -0.434477 4.420481 0.758765
v -0.434477 4.420481 0.758765
v -0.659689 4.563327 0.536924
v -0.659689 4.563327 0.536924
v -0.659689 4.563327 0.536924
v -0.709164 4.606574 0.541186
v -0.673591 4.611769 0.552846
v -0.657241 4.606574 0.586522
v -0.744344 4.650104 0.556871
v -0.692068 4.657738 0.574007
v -0.668040 4.650104 0.623496
v -0.767395 4.693601 0.583271
v -0.715118 4.701235 0.600406
v -0.691091 4.693601 0.649895
v -0.778316 4.737065 0.620384
v -0.742743 4.742260 0.632045
v -0.726393 4.737065 0.665720
v -0.774942 4.780812 0.668922
v -0.774942 4.780812 0.668922
v -0.774942 4.780812 0.668922
v 0.773497 4.376057 0.000000
v 0.773497 4.376057 0.000000
v 0.773497 4.376057 0.000000
v 0.794385 4.391191 -0.054218
v 0.765340 4.402452 -0.039485
v 0.732835 4.391191 -0.041503
v 0.799043 4.406939 -0.104608
v 0.756360 4.423488 -0.082956
v 0.708591 4.406939 -0.085922
v 0.789239 4.422615 -0.152065
v 0.746556 4.439165 -0.130413
v 0.698787 4.422615 -0.133379
v 0.764973 4.438220 -0.196590
v 0.735928 4.449481 -0.181857
v 0.703423 4.438220 -0.183875
v 0.724477 4.454438 -0.237287
v 0.724477 4.454438 -0.237287
v 0.724477 4.454438 -0.237287
v 0.778366 4.635704 0.000000
v 0.778366 4.635704 0.000000
v 0.778366 4.635704 0.000000
v 0.810493 4.649189 -0.088090
v 0.764247 4.668583 -0.067086
v 0.713458 4.649189 -0.067668
v 0.817009 4.663731 -0.170175
v 0.749047 4.692232 -0.139308
v 0.674409 4.663731 -0.140163
v 0.800728 4.678149 -0.247534
v 0.732766 4.706651 -0.216667
v 0.658128 4.678149 -0.217523
v 0.761650 4.692445 -0.320167
v 0.715404 4.711839 -0.299163
v 0.664615 4.692445 -0.299745
v 0.696961 4.707797 -0.386796
v 0.696961 4.707797 -0.386796
v 0.696961 4.707797 -0.386796
v 0.670600 4.818859 0.000000
v 0.670600 4.818859 0.000000
v 0.670600 4.818859 0.000000
v 0.659203 4.813433 -0.054085
v 0.640258 4.826156 -0.031831
v 0.617122 4.813433 -0.013972
v 0.636760 4.808699 -0.097412
v 0.608919 4.827397 -0.064707
v 0.574919 4.808699 -0.038463
v 0.604423 4.803885 -0.131335
v 0.576582 4.822583 -0.098630
v 0.542582 4.803885 -0.072386
v 0.562193 4.798990 -0.155854
v 0.543248 4.811714 -0.133600
v 0.520113 4.798990 -0.115741
v 0.508917 4.794789 -0.169615
v 0.508917 4.794789 -0.169615
v 0.508917 4.794789 -0.169615
v 0.670600 4.818859 0.000000
v 0.670600 4.818859 0.000000
v 0.670600 4.818859 0.000000
v 0.590479 4.812469 0.014485
v 0.622676 4.831071 0.043023
v 0.647590 4.812469 0.078100
v 0.525703 4.807093 0.045663
v 0.573019 4.834430 0.087602
v 0.609631 4.807093 0.139151
v 0.474313 4.801598 0.091799
v 0.521629 4.828935 0.133737
v 0.558241 4.801598 0.185286
v 0.436308 4.795984 0.152891
v 0.468505 4.814587 0.181429
v 0.493418 4.795984 0.216506
v 0.413648 4.791386 0.230676
v 0.413648 4.791386 0.230676
v 0.413648 4.791386 0.230676
v 0.670600 4.818859 0.000000
v 0.670600 4.818859 0.000000
v 0.670600 4.818859 0.000000
v 0.720611 4.845358 -0.021865
v 0.687661 4.854381 -0.028611
v 0.666061 4.845358 -0.054392
v 0.755844 4.872348 -0.051838
v 0.707422 4.885609 -0.061752
v 0.675680 4.872348 -0.099639
v 0.778307 4.899281 -0.089508
v 0.729885 4.912541 -0.099422
v 0.698142 4.899281 -0.137309
v 0.787998 4.926157 -0.134875
v 0.755048 4.935180 -0.141622
v 0.733448 4.926157 -0.167403
v 0.782912 4.953524 -0.188351
v 0.782912 4.953524 -0.188351
v 0.782912 4.953524 -0.188351
v 0.873206 4.857541 0.000000
v 0.873206 4.857541 0.000000
v 0.873206 4.857541 0.000000
v 0.923305 4.876182 -0.078068
v 0.873695 4.894790 -0.066175
v 0.824267 4.876182 -0.078801
v 0.947133 4.895837 -0.155663
v 0.874228 4.923183 -0.138185
v 0.801590 4.895837 -0.156740
v 0.947709 4.915373 -0.233507
v 0.874804 4.942720 -0.216030
v 0.802166 4.915373 -0.234585
v 0.925033 4.934792 -0.311602
v 0.875423 4.953400 -0.299709
v 0.825995 4.934792 -0.312335
v 0.876086 4.955224 -0.389223
v 0.876086 4.955224 -0.389223
v 0.876086 4.955224 -0.389223
v 0.873206 4.857541 0.000000
v 0.873206 4.857541 0.000000
v 0.873206 4.857541 0.000000
v 0.846441 4.882041 0.066968
v 0.883009 4.895333 0.047041
v 0.924493 4.882041 0.050702
v 0.840243 4.907266 0.128980
v 0.893983 4.926799 0.099695
v 0.954946 4.907266 0.105075
v 0.852387 4.932406 0.187247
v 0.906126 4.951939 0.157962
v 0.967089 4.932406 0.163342
v 0.882871 4.957461 0.241770
v 0.919439 4.970753 0.221842
v 0.960923 4.957461 0.225503
v 0.933922 4.983242 0.291336
v 0.933922 4.983242 0.291336
v 0.933922 4.983242 0.291336
v 0.873206 4.857541 0.000000
v 0.873206 4.857541 0.000000
v 0.873206 4.857541 0.000000
v 0.926697 4.859589 0.005131
v 0.909947 4.871284 -0.018004
v 0.901927 4.859589 -0.045418
v 0.973382 4.862274 -0.003028
v 0.948765 4.879461 -0.037027
v 0.936980 4.862274 -0.077313
v 1.014278 4.864884 -0.023069
v 0.989662 4.882071 -0.057067
v 0.977876 4.864884 -0.097353
v 1.049386 4.867421 -0.054991
v 1.032636 4.879116 -0.078126
v 1.024616 4.867421 -0.105539
v 1.077687 4.870595 -0.100202
v 1.077687 4.870595 -0.100202
v 1.077687 4.870595 -0.100202
v 0.781997 4.829319 0.165476
v 0.781997 4.829319 0.165476
v 0.781997 4.829319 0.165476
v 0.727388 4.830796 0.160335
v 0.744375 4.842793 0.183984
v 0.752742 4.830796 0.211873
v 0.679739 4.832926 0.168748
v 0.704703 4.850557 0.203501
v 0.716998 4.832926 0.244486
v 0.638015 4.834980 0.189274
v 0.662979 4.852612 0.224027
v 0.675274 4.834980 0.265012
v 0.602216 4.836959 0.221914
v 0.619203 4.848956 0.245563
v 0.627570 4.836959 0.273452
v 0.573377 4.839591 0.268107
v 0.573377 4.839591 0.268107
v 0.573377 4.839591 0.268107
v 0.781997 4.829319 0.165476
v 0.781997 4.829319 0.165476
v 0.781997 4.829319 0.165476
v 0.802837 4.818344 0.248721
v 0.831443 4.838315 0.213390
v 0.865857 4.818344 0.183686
v 0.840232 4.808456 0.314565
v 0.882271 4.837805 0.262643
v 0.932845 4.808456 0.218991
v 0.892442 4.798441 0.365158
v 0.934481 4.827790 0.313235
v 0.985055 4.798441 0.269584
v 0.959467 4.788300 0.400499
v 0.988073 4.808271 0.365167
v 1.022487 4.788300 0.335464
v 1.043048 4.779248 0.418438
v 1.043048 4.779248 0.418438
v 1.043048 4.779248 0.418438
v 0.781997 4.829319 0.165476
v 0.781997 4.829319 0.165476
v 0.781997 4.829319 0.165476
v 0.817930 4.890194 0.100038
v 0.773930 4.898736 0.132404
v 0.719969 4.890194 0.123932
v 0.828154 4.951534 0.042049
v 0.763493 4.964088 0.089614
v 0.684193 4.951534 0.077164
v 0.815346 5.012820 -0.010458
v 0.750685 5.025373 0.037106
v 0.671386 5.012820 0.024656
v 0.779508 5.074051 -0.057486
v 0.735507 5.082593 -0.025120
v 0.681546 5.074051 -0.033592
v 0.717959 5.135748 -0.097064
v 0.717959 5.135748 -0.097064
v 0.717959 5.135748 -0.097064
v 0.978854 4.231056 -0.000000
v 0.978854 4.231056 -0.000000
v 0.978854 4.231056 -0.000000
v 0.990424 4.202376 0.087348
v 1.027380 4.224194 0.055940
v 1.063693 4.202376 0.023789
v 1.021443 4.174885 0.157859
v 1.075753 4.206948 0.111703
v 1.129117 4.174885 0.064455
v 1.069663 4.147255 0.213446
v 1.123973 4.179318 0.167289
v 1.177337 4.147255 0.120042
v 1.135083 4.119486 0.254107
v 1.172040 4.141304 0.222699
v 1.208352 4.119486 0.190548
v 1.219953 4.092907 0.277932
v 1.219953 4.092907 0.277932
v 1.219953 4.092907 0.277932
v 1.196639 4.344800 -0.000000
v 1.196639 4.344800 -0.000000
v 1.196639 4.344800 -0.000000
v 1.212200 4.326383 0.055628
v 1.233204 4.340661 0.031841
v 1.253878 4.326383 0.007767
v 1.238824 4.308743 0.098571
v 1.269690 4.329726 0.063614
v 1.300073 4.308743 0.028236
v 1.275232 4.291013 0.130275
v 1.306098 4.311996 0.095318
v 1.336480 4.291013 0.059940
v 1.321424 4.273192 0.150742
v 1.342427 4.287470 0.126955
v 1.363102 4.273192 0.102881
v 1.378679 4.256151 0.158523
v 1.378679 4.256151 0.158523
v 1.378679 4.256151 0.158523
v 1.289348 4.546092 -0.058197
v 1.289348 4.546092 -0.058197
v 1.289348 4.546092 -0.058197
v 1.319950 4.558178 0.022557
v 1.339626 4.576077 -0.019837
v 1.375318 4.558178 -0.050012
v 1.364801 4.571240 0.083733
v 1.393715 4.597543 0.021431
v 1.446168 4.571240 -0.022913
v 1.422702 4.584188 0.127909
v 1.451616 4.610491 0.065607
v 1.504068 4.584188 0.021263
v 1.493653 4.597023 0.155086
v 1.513328 4.614921 0.112691
v 1.549021 4.597023 0.082516
v 1.578852 4.610833 0.162683
v 1.578852 4.610833 0.162683
v 1.578852 4.610833 0.162683
v 1.289348 4.546092 -0.058197
v 1.289348 4.546092 -0.058197
v 1.289348 4.546092 -0.058197
v 1.353929 4.544994 -0.128287
v 1.303553 4.566189 -0.130630
v 1.256023 4.544994 -0.147488
v 1.392466 4.545051 -0.203074
v 1.318435 4.576199 -0.206517
v 1.248587 4.545051 -0.231290
v 1.408026 4.544973 -0.282414
v 1.333995 4.576121 -0.285857
v 1.264147 4.544973 -0.310631
v 1.400608 4.544760 -0.366309
v 1.350232 4.565956 -0.368652
v 1.302702 4.544760 -0.385509
v 1.367146 4.545703 -0.454900
v 1.367146 4.545703 -0.454900
v 1.367146 4.545703 -0.454900
v 1.289348 4.546092 -0.058197
v 1.289348 4.546092 -0.058197
v 1.289348 4.546092 -0.058197
v 1.241846 4.573796 -0.043337
v 1.272436 4.581527 -0.034775
v 1.290189 4.573796 -0.008432
v 1.207515 4.601923 -0.019705
v 1.252470 4.613284 -0.007121
v 1.278559 4.601923 0.031591
v 1.184494 4.629999 0.012180
v 1.229449 4.641360 0.024763
v 1.255538 4.629999 0.063475
v 1.172782 4.658027 0.052316
v 1.203372 4.665758 0.060879
v 1.221125 4.658027 0.087221
v 1.174241 4.686476 0.101225
v 1.174241 4.686476 0.101225
v 1.174241 4.686476 0.101225
v 1.404306 4.336556 0.044428
v 1.404306 4.336556 0.044428
v 1.404306 4.336556 0.044428
v 1.386860 4.306433 0.129574
v 1.431848 4.328075 0.112402
v 1.476101 4.306433 0.093414
v 1.393101 4.277490 0.205178
v 1.459215 4.309295 0.179943
v 1.524247 4.277490 0.152040
v 1.420293 4.248408 0.272287
v 1.486406 4.280214 0.247052
v 1.551439 4.248408 0.219149
v 1.468434 4.219190 0.330901
v 1.513423 4.240833 0.313729
v 1.557676 4.219190 0.294742
v 1.540264 4.191151 0.379975
v 1.540264 4.191151 0.379975
v 1.540264 4.191151 0.379975
v 1.404306 4.336556 0.044428
v 1.404306 4.336556 0.044428
v 1.404306 4.336556 0.044428
v 1.446959 4.294699 0.051123
v 1.434009 4.306334 0.021323
v 1.408310 4.294699 0.001439
v 1.479709 4.253476 0.044370
v 1.460677 4.270575 0.000577
v 1.422911 4.253476 -0.028643
v 1.503344 4.212179 0.025984
v 1.484312 4.229278 -0.017809
v 1.446546 4.212179 -0.047029
v 1.517865 4.170809 -0.004035
v 1.504914 4.182444 -0.033836
v 1.479215 4.170809 -0.053719
v 1.522482 4.130072 -0.047502
v 1.522482 4.130072 -0.047502
v 1.522482 4.130072 -0.047502
v 1.404306 4.336556 0.044428
v 1.404306 4.336556 0.044428
v 1.404306 4.336556 0.044428
v 1.421871 4.353969 0.113184
v 1.440547 4.367847 0.078294
v 1.474093 4.353969 0.057300
v 1.452881 4.372137 0.166740
v 1.480327 4.392532 0.115467
v 1.529625 4.372137 0.084614
v 1.496199 4.390217 0.207220
v 1.523645 4.410613 0.155946
v 1.572943 4.390217 0.125093
v 1.551826 4.408210 0.234622
v 1.570502 4.422088 0.199732
v 1.604048 4.408210 0.178738
v 1.620897 4.426958 0.246825
v 1.620897 4.426958 0.246825
v 1.620897 4.426958 0.246825
v 1.372892 4.477223 0.083317
v 1.372892 4.477223 0.083317
v 1.372892 4.477223 0.083317
v 1.342653 4.457980 0.163154
v 1.387136 4.478511 0.152086
v 1.432356 4.457980 0.144574
v 1.336184 4.439856 0.237967
v 1.401555 4.470028 0.221701
v 1.468009 4.439856 0.210663
v 1.350778 4.421601 0.308428
v 1.416149 4.451773 0.292163
v 1.482603 4.421601 0.281124
v 1.386436 4.403215 0.374539
v 1.430919 4.423747 0.363471
v 1.476139 4.403215 0.355960
v 1.445863 4.385949 0.435625
v 1.445863 4.385949 0.435625
v 1.445863 4.385949 0.435625
v 1.372892 4.477223 0.083317
v 1.372892 4.477223 0.083317
v 1.372892 4.477223 0.083317
v 1.424894 4.464960 0.095667
v 1.414474 4.477830 0.068903
v 1.406094 4.464960 0.041432
v 1.471854 4.453399 0.093653
v 1.456541 4.472313 0.054321
v 1.444226 4.453399 0.013950
v 1.514406 4.441757 0.078903
v 1.499093 4.460670 0.039571
v 1.486778 4.441757 -0.000800
v 1.552551 4.430032 0.051416
v 1.542131 4.442902 0.024652
v 1.533751 4.430032 -0.002819
v 1.585654 4.419009 0.009565
v 1.585654 4.419009 0.009565
v 1.585654 4.419009 0.009565
v 1.372892 4.477223 0.083317
v 1.372892 4.477223 0.083317
v 1.372892 4.477223 0.083317
v 1.338705 4.518528 0.075611
v 1.366940 4.519972 0.088546
v 1.376127 4.518528 0.118212
v 1.314962 4.559913 0.078748
v 1.356454 4.562034 0.097756
v 1.369956 4.559913 0.141353
v 1.299944 4.601288 0.091940
v 1.341437 4.603409 0.110948
v 1.354938 4.601288 0.154545
v 1.293652 4.642653 0.115187
v 1.321886 4.644097 0.128122
v 1.331074 4.642653 0.157788
v 1.297804 4.684099 0.149276
v 1.297804 4.684099 0.149276
v 1.297804 4.684099 0.149276
v 0.902324 4.293622 -0.088747
v 0.902324 4.293622 -0.088747
v 0.902324 4.293622 -0.088747
v 0.951692 4.294531 -0.027037
v 0.959474 4.311934 -0.068196
v 0.979686 4.294531 -0.104886
v 1.008146 4.296389 0.013904
v 1.019582 4.321964 -0.046582
v 1.049285 4.296389 -0.100500
v 1.071212 4.298136 0.036582
v 1.082647 4.323710 -0.023904
v 1.112350 4.298136 -0.077822
v 1.140890 4.299772 0.040996
v 1.148671 4.317175 -0.000163
v 1.168883 4.299772 -0.036853
v 1.217653 4.302357 0.024642
v 1.217653 4.302357 0.024642
v 1.217653 4.302357 0.024642
v 1.038364 4.469079 -0.179111
v 1.038364 4.469079 -0.179111
v 1.038364 4.469079 -0.179111
v 1.091157 4.468874 -0.126022
v 1.094558 4.485463 -0.165516
v 1.109586 4.468874 -0.202197
v 1.148521 4.469573 -0.093212
v 1.153520 4.493951 -0.151251
v 1.175604 4.469573 -0.205156
v 1.210249 4.470167 -0.078278
v 1.215248 4.494545 -0.136317
v 1.237332 4.470167 -0.190222
v 1.276341 4.470655 -0.081219
v 1.279742 4.487244 -0.120713
v 1.294770 4.470655 -0.157394
v 1.347003 4.472048 -0.104440
v 1.347003 4.472048 -0.104440
v 1.347003 4.472048 -0.104440
v 1.080177 4.687399 -0.259763
v 1.080177 4.687399 -0.259763
v 1.080177 4.687399 -0.259763
v 1.116854 4.678508 -0.343806
v 1.069841 4.699606 -0.331956
v 1.021391 4.678508 -0.330139
v 1.128253 4.670767 -0.423950
v 1.059163 4.701772 -0.406535
v 0.987963 4.670767 -0.403865
v 1.117233 4.662892 -0.500917
v 1.048144 4.693897 -0.483502
v 0.976944 4.662892 -0.480832
v 1.083796 4.654882 -0.574707
v 1.036783 4.675981 -0.562857
v 0.988333 4.654882 -0.561040
v 1.025080 4.648023 -0.644599
v 1.025080 4.648023 -0.644599
v 1.025080 4.648023 -0.644599
v 1.080177 4.687399 -0.259763
v 1.080177 4.687399 -0.259763
v 1.080177 4.687399 -0.259763
v 1.017667 4.719244 -0.240055
v 1.056155 4.730076 -0.227790
v 1.078651 4.719244 -0.194238
v 0.971766 4.751679 -0.208776
v 1.028328 4.767598 -0.190751
v 1.061388 4.751679 -0.141444
v 0.940134 4.784046 -0.166672
v 0.996695 4.799965 -0.148647
v 1.029755 4.784046 -0.099340
v 0.922769 4.816344 -0.113742
v 0.961257 4.827176 -0.101477
v 0.983753 4.816344 -0.067925
v 0.922013 4.849232 -0.049242
v 0.922013 4.849232 -0.049242
v 0.922013 4.849232 -0.049242
v 1.080177 4.687399 -0.259763
v 1.080177 4.687399 -0.259763
v 1.080177 4.687399 -0.259763
v 1.155187 4.687168 -0.242573
v 1.136486 4.704221 -0.278770
v 1.129424 4.687168 -0.318897
v 1.223047 4.687867 -0.245517
v 1.195566 4.712926 -0.298712
v 1.185188 4.687867 -0.357681
v 1.284896 4.688457 -0.266394
v 1.257414 4.713517 -0.319589
v 1.247036 4.688457 -0.378557
v 1.340734 4.688939 -0.305202
v 1.322033 4.705991 -0.341400
v 1.314971 4.688939 -0.381527
v 1.389421 4.690350 -0.364147
v 1.389421 4.690350 -0.364147
v 1.389421 4.690350 -0.364147
v 1.245029 4.523028 -0.248006
v 1.245029 4.523028 -0.248006
v 1.245029 4.523028 -0.248006
v 1.276068 4.491086 -0.191350
v 1.295352 4.507728 -0.223938
v 1.308617 4.491086 -0.259405
v 1.315904 4.460050 -0.152664
v 1.344243 4.484508 -0.200555
v 1.363737 4.460050 -0.252676
v 1.363363 4.428909 -0.129967
v 1.391701 4.453366 -0.177857
v 1.411195 4.428909 -0.229978
v 1.418444 4.397662 -0.123256
v 1.437728 4.414305 -0.155844
v 1.450993 4.397662 -0.191311
v 1.482322 4.367322 -0.134516
v 1.482322 4.367322 -0.134516
v 1.482322 4.367322 -0.134516
v 1.245029 4.523028 -0.248006
v 1.245029 4.523028 -0.248006
v 1.245029 4.523028 -0.248006
v 1.310244 4.502067 -0.288068
v 1.272504 4.520746 -0.305422
v 1.235314 4.502067 -0.323924
v 1.355571 4.482124 -0.337608
v 1.300110 4.509574 -0.363111
v 1.245456 4.482124 -0.390301
v 1.383307 4.462062 -0.395570
v 1.327846 4.489512 -0.421073
v 1.273193 4.462062 -0.448263
v 1.393453 4.441882 -0.461955
v 1.355714 4.460561 -0.479309
v 1.318523 4.441882 -0.497811
v 1.383711 4.422719 -0.537817
v 1.383711 4.422719 -0.537817
v 1.383711 4.422719 -0.537817
v 1.245029 4.523028 -0.248006
v 1.245029 4.523028 -0.248006
v 1.245029 4.523028 -0.248006
v 1.260416 4.556746 -0.206456
v 1.263880 4.562225 -0.237747
v 1.288274 4.556746 -0.257649
v 1.282620 4.590761 -0.178794
v 1.287712 4.598813 -0.224778
v 1.323560 4.590761 -0.254025
v 1.311432 4.624742 -0.163115
v 1.316524 4.632794 -0.209099
v 1.352372 4.624742 -0.238346
v 1.346851 4.658689 -0.159419
v 1.350316 4.664168 -0.190710
v 1.374710 4.658689 -0.210611
v 1.389089 4.692934 -0.169610
v 1.389089 4.692934 -0.169610
v 1.389089 4.692934 -0.169610
v 1.188888 4.663217 -0.140677
v 1.188888 4.663217 -0.140677
v 1.188888 4.663217 -0.140677
v 1.188268 4.654744 -0.057014
v 1.223516 4.674025 -0.083759
v 1.263471 4.654744 -0.102766
v 1.207465 4.647321 0.014304
v 1.259264 4.675656 -0.025000
v 1.317981 4.647321 -0.052932
v 1.244334 4.639776 0.074905
v 1.296132 4.668111 0.035601
v 1.354849 4.639776 0.007669
v 1.298874 4.632108 0.124789
v 1.334121 4.651389 0.098043
v 1.374076 4.632108 0.079037
v 1.373230 4.625491 0.162327
v 1.373230 4.625491 0.162327
v 1.373230 4.625491 0.162327
v 1.188888 4.663217 -0.140677
v 1.188888 4.663217 -0.140677
v 1.188888 4.663217 -0.140677
v 1.256407 4.653476 -0.127175
v 1.240793 4.669578 -0.160190
v 1.230793 4.653476 -0.195314
v 1.316980 4.644612 -0.131686
v 1.294035 4.668275 -0.180204
v 1.279338 4.644612 -0.231822
v 1.371557 4.635646 -0.152203
v 1.348612 4.659309 -0.200720
v 1.333915 4.635646 -0.252338
v 1.420139 4.626579 -0.188724
v 1.404525 4.642681 -0.221739
v 1.394524 4.626579 -0.256863
v 1.461773 4.618388 -0.243259
v 1.461773 4.618388 -0.243259
v 1.461773 4.618388 -0.243259
v 1.188888 4.663217 -0.140677
v 1.188888 4.663217 -0.140677
v 1.188888 4.663217 -0.140677
v 1.143699 4.702338 -0.119972
v 1.179508 4.708267 -0.119229
v 1.204365 4.702338 -0.093442
v 1.114899 4.741782 -0.092913
v 1.167523 4.750495 -0.091821
v 1.204052 4.741782 -0.053926
v 1.100307 4.781188 -0.059545
v 1.152931 4.789901 -0.058454
v 1.189460 4.781188 -0.020559
v 1.099924 4.820556 -0.019870
v 1.135733 4.826486 -0.019127
v 1.160590 4.820556 0.006660
v 1.115929 4.860248 0.026160
v 1.115929 4.860248 0.026160
v 1.115929 4.860248 0.026160
v -0.114251 4.464121 0.519803
v -0.114251 4.464121 0.519803
v -0.114251 4.464121 0.519803
v -0.169609 4.470176 0.455580
v -0.175048 4.488349 0.500528
v -0.196500 4.470176 0.540400
v -0.231663 4.477221 0.413991
v -0.239656 4.503929 0.480046
v -0.271181 4.477221 0.538640
v -0.300081 4.484151 0.392300
v -0.308074 4.510859 0.458355
v -0.339599 4.484151 0.516949
v -0.374864 4.490966 0.390508
v -0.380302 4.509140 0.435456
v -0.401754 4.490966 0.475328
v -0.456341 4.498771 0.411349
v -0.456341 4.498771 0.411349
v -0.456341 4.498771 0.411349
v -0.207443 4.653801 0.593699
v -0.207443 4.653801 0.593699
v -0.207443 4.653801 0.593699
v -0.267516 4.662031 0.534246
v -0.268787 4.679924 0.579563
v -0.287476 4.662031 0.620867
v -0.332408 4.671237 0.497876
v -0.334277 4.697531 0.564473
v -0.361740 4.671237 0.625171
v -0.402042 4.680328 0.481831
v -0.403911 4.706623 0.548427
v -0.431374 4.680328 0.609125
v -0.476418 4.689305 0.486110
v -0.477689 4.707198 0.531426
v -0.496378 4.689305 0.572730
v -0.555612 4.699259 0.513471
v -0.555612 4.699259 0.513471
v -0.555612 4.699259 0.513471
v -0.401251 4.757747 0.634193
v -0.401251 4.757747 0.634193
v -0.401251 4.757747 0.634193
v -0.429398 4.743015 0.572457
v -0.447913 4.759290 0.603767
v -0.469096 4.743015 0.633336
v -0.468001 4.729171 0.526913
v -0.495210 4.753088 0.572925
v -0.526340 4.729171 0.616380
v -0.515933 4.715223 0.495658
v -0.543142 4.739141 0.541670
v -0.574272 4.715223 0.585124
v -0.573194 4.701172 0.478691
v -0.591709 4.717447 0.510001
v -0.612892 4.701172 0.539570
v -0.640911 4.688007 0.477917
v -0.640911 4.688007 0.477917
v -0.640911 4.688007 0.477917
v -0.401251 4.757747 0.634193
v -0.401251 4.757747 0.634193
v -0.401251 4.757747 0.634193
v -0.450142 4.743357 0.660628
v -0.423498 4.756861 0.674538
v -0.397515 4.743357 0.689648
v -0.485058 4.729702 0.694726
v -0.445903 4.749548 0.715168
v -0.407719 4.729702 0.737373
v -0.507620 4.715962 0.735641
v -0.468464 4.735808 0.756083
v -0.430281 4.715962 0.778288
v -0.517828 4.702136 0.783374
v -0.491183 4.715641 0.797284
v -0.465201 4.702136 0.812394
v -0.514060 4.689046 0.838770
v -0.514060 4.689046 0.838770
v -0.514060 4.689046 0.838770
v -0.401251 4.757747 0.634193
v -0.401251 4.757747 0.634193
v -0.401251 4.757747 0.634193
v -0.394659 4.791908 0.581311
v -0.416291 4.799518 0.609490
v -0.451257 4.791908 0.615768
v -0.402714 4.826484 0.538163
v -0.434504 4.837668 0.579575
v -0.485889 4.826484 0.588801
v -0.424100 4.861012 0.503037
v -0.455890 4.872195 0.544448
v -0.507274 4.861012 0.553675
v -0.458816 4.895491 0.475930
v -0.480448 4.903101 0.504110
v -0.515414 4.895491 0.510388
v -0.508180 4.930385 0.458560
v -0.508180 4.930385 0.458560
v -0.508180 4.930385 0.458560
v -0.192680 4.852887 0.671258
v -0.192680 4.852887 0.671258
v -0.192680 4.852887 0.671258
v -0.176051 4.879136 0.614032
v -0.204673 4.889350 0.635786
v -0.240624 4.879136 0.635864
v -0.176348 4.905942 0.563187
v -0.218410 4.920952 0.595156
v -0.271242 4.905942 0.595270
v -0.191828 4.932683 0.517398
v -0.233891 4.947692 0.549367
v -0.286723 4.932683 0.549481
v -0.222493 4.959358 0.476666
v -0.251116 4.969572 0.498421
v -0.287066 4.959358 0.498498
v -0.270084 4.986590 0.442315
v -0.270084 4.986590 0.442315
v -0.270084 4.986590 0.442315
v -0.192680 4.852887 0.671258
v -0.192680 4.852887 0.671258
v -0.192680 4.852887 0.671258
v -0.261671 4.842559 0.725905
v -0.216548 4.862963 0.737496
v -0.174403 4.842559 0.757351
v -0.307436 4.833344 0.788667
v -0.241125 4.863328 0.805701
v -0.179190 4.833344 0.834879
v -0.332721 4.823998 0.858838
v -0.266410 4.853982 0.875872
v -0.204475 4.823998 0.905050
v -0.337527 4.814522 0.936419
v -0.292404 4.834926 0.948009
v -0.250259 4.814522 0.967864
v -0.319106 4.806159 1.022114
v -0.319106 4.806159 1.022114
v -0.319106 4.806159 1.022114
v -0.192680 4.852887 0.671258
v -0.192680 4.852887 0.671258
v -0.192680 4.852887 0.671258
v -0.130938 4.874341 0.698827
v -0.147678 4.886989 0.663934
v -0.142867 4.874341 0.625534
v -0.072947 4.896485 0.707052
v -0.097547 4.915072 0.655775
v -0.090477 4.896485 0.599343
v -0.017688 4.918548 0.698059
v -0.042288 4.937135 0.646781
v -0.035218 4.918548 0.590350
v 0.034839 4.940530 0.671846
v 0.018100 4.953178 0.636953
v 0.022911 4.940530 0.598553
v 0.083615 4.963202 0.626290
v 0.083615 4.963202 0.626290
v 0.083615 4.963202 0.626290
v -0.296827 4.798009 0.761404
v -0.296827 4.798009 0.761404
v -0.296827 4.798009 0.761404
v -0.368780 4.787881 0.726733
v -0.360526 4.806461 0.768228
v -0.359802 4.787881 0.810529
v -0.438146 4.778766 0.714265
v -0.426017 4.806070 0.775244
v -0.424954 4.778766 0.837409
v -0.505429 4.769532 0.721473
v -0.493300 4.796836 0.782452
v -0.492237 4.769532 0.844617
v -0.570629 4.760180 0.748358
v -0.562375 4.778760 0.789852
v -0.561651 4.760180 0.832154
v -0.633242 4.751842 0.797444
v -0.633242 4.751842 0.797444
v -0.633242 4.751842 0.797444
v -0.296827 4.798009 0.761404
v -0.296827 4.798009 0.761404
v -0.296827 4.798009 0.761404
v -0.306754 4.794122 0.815481
v -0.281105 4.806646 0.801843
v -0.252979 4.794122 0.794575
v -0.302487 4.790917 0.863841
v -0.264793 4.809322 0.843798
v -0.223460 4.790917 0.833117
v -0.285587 4.787632 0.907312
v -0.247893 4.806037 0.887269
v -0.206560 4.787632 0.876588
v -0.256053 4.784268 0.945895
v -0.230403 4.796793 0.932256
v -0.202277 4.784268 0.924988
v -0.212324 4.781587 0.978759
v -0.212324 4.781587 0.978759
v -0.212324 4.781587 0.978759
v -0.296827 4.798009 0.761404
v -0.296827 4.798009 0.761404
v -0.296827 4.798009 0.761404
v -0.340278 4.861052 0.708607
v -0.323823 4.867561 0.758967
v -0.349028 4.861052 0.805568
v -0.384915 4.924449 0.681629
v -0.360732 4.934015 0.755637
v -0.397774 4.924449 0.824119
v -0.431739 4.987805 0.677404
v -0.407556 4.997371 0.751411
v -0.444597 4.987805 0.819894
v -0.480749 5.051120 0.695931
v -0.464293 5.057629 0.746291
v -0.489499 5.051120 0.792892
v -0.530945 5.114789 0.740276
v -0.530945 5.114789 0.740276
v -0.530945 5.114789 0.740276
v 0.151861 4.422172 0.503461
v 0.151861 4.422172 0.503461
v 0.151861 4.422172 0.503461
v 0.133814 4.424657 0.553478
v 0.160086 4.436185 0.542975
v 0.188366 4.424657 0.542124
v 0.130180 4.427770 0.600221
v 0.168788 4.444711 0.584787
v 0.210348 4.427770 0.583535
v 0.139360 4.430810 0.644329
v 0.177968 4.447752 0.628894
v 0.219528 4.430810 0.627643
v 0.161354 4.433778 0.685801
v 0.187626 4.445305 0.675299
v 0.215907 4.433778 0.674447
v 0.197763 4.437373 0.724000
v 0.197763 4.437373 0.724000
v 0.197763 4.437373 0.724000
v 0.294383 4.601046 0.573146
v 0.294383 4.601046 0.573146
v 0.294383 4.601046 0.573146
v 0.278364 4.589920 0.640565
v 0.312316 4.606233 0.626293
v 0.347973 4.589920 0.617077
v 0.280760 4.579683 0.701617
v 0.330655 4.603657 0.680643
v 0.383056 4.579683 0.667100
v 0.299504 4.569343 0.757170
v 0.349399 4.593316 0.736197
v 0.401801 4.569343 0.722653
v 0.334598 4.558898 0.807224
v 0.368550 4.575212 0.792953
v 0.404208 4.558898 0.783736
v 0.388107 4.549343 0.850912
v 0.388107 4.549343 0.850912
v 0.388107 4.549343 0.850912
v 0.331257 4.848377 0.590484
v 0.331257 4.848377 0.590484
v 0.331257 4.848377 0.590484
v 0.347461 4.872246 0.511305
v 0.311048 4.887578 0.539204
v 0.265392 4.872246 0.543648
v 0.342150 4.896952 0.441344
v 0.288639 4.919482 0.482342
v 0.221544 4.896952 0.488874
v 0.317542 4.921560 0.378901
v 0.264031 4.944090 0.419900
v 0.196936 4.921560 0.426432
v 0.273636 4.946070 0.323978
v 0.237223 4.961402 0.351876
v 0.191566 4.946070 0.356321
v 0.208215 4.971416 0.278272
v 0.208215 4.971416 0.278272
v 0.208215 4.971416 0.278272
v 0.331257 4.848377 0.590484
v 0.331257 4.848377 0.590484
v 0.331257 4.848377 0.590484
v 0.268198 4.871034 0.632352
v 0.310878 4.885356 0.637799
v 0.344159 4.871034 0.665070
v 0.225540 4.894472 0.682303
v 0.288262 4.915520 0.690308
v 0.337170 4.894472 0.730384
v 0.200687 4.917818 0.740005
v 0.263409 4.938867 0.748010
v 0.312317 4.917818 0.788086
v 0.193639 4.941073 0.805458
v 0.236319 4.955396 0.810905
v 0.269600 4.941073 0.838175
v 0.206993 4.965109 0.878993
v 0.206993 4.965109 0.878993
v 0.206993 4.965109 0.878993
v 0.331257 4.848377 0.590484
v 0.331257 4.848377 0.590484
v 0.331257 4.848377 0.590484
v 0.423653 4.858187 0.597636
v 0.392375 4.877725 0.558898
v 0.378867 4.858187 0.510976
v 0.503686 4.869062 0.582055
v 0.457722 4.897774 0.525126
v 0.437870 4.869062 0.454703
v 0.573261 4.879813 0.546099
v 0.527297 4.908525 0.489170
v 0.507445 4.879813 0.418746
v 0.632377 4.890440 0.489767
v 0.601100 4.909977 0.451028
v 0.587591 4.890440 0.403107
v 0.679131 4.902131 0.410701
v 0.679131 4.902131 0.410701
v 0.679131 4.902131 0.410701
v 0.465732 4.698679 0.657332
v 0.465732 4.698679 0.657332
v 0.465732 4.698679 0.657332
v 0.427954 4.688416 0.728023
v 0.469912 4.707070 0.721508
v 0.512362 4.688416 0.722525
v 0.412548 4.679170 0.797051
v 0.474209 4.706583 0.787477
v 0.536591 4.679170 0.788972
v 0.416962 4.669805 0.864812
v 0.478623 4.697218 0.855238
v 0.541005 4.669805 0.856733
v 0.441195 4.660321 0.931306
v 0.483153 4.678975 0.924791
v 0.525603 4.660321 0.925808
v 0.487800 4.651854 0.996137
v 0.487800 4.651854 0.996137
v 0.487800 4.651854 0.996137
v 0.465732 4.698679 0.657332
v 0.465732 4.698679 0.657332
v 0.465732 4.698679 0.657332
v 0.549450 4.673061 0.677704
v 0.533645 4.694232 0.633391
v 0.518168 4.673061 0.588963
v 0.624863 4.648597 0.674544
v 0.601637 4.679708 0.609423
v 0.578891 4.648597 0.544133
v 0.692932 4.623998 0.650549
v 0.669706 4.655109 0.585428
v 0.646960 4.623998 0.520137
v 0.753658 4.599265 0.605718
v 0.737853 4.620435 0.561405
v 0.722375 4.599265 0.516977
v 0.806078 4.575685 0.537355
v 0.806078 4.575685 0.537355
v 0.806078 4.575685 0.537355
v 0.465732 4.698679 0.657332
v 0.465732 4.698679 0.657332
v 0.465732 4.698679 0.657332
v 0.429803 4.743804 0.672238
v 0.463445 4.745576 0.666383
v 0.490265 4.743804 0.687518
v 0.410096 4.789025 0.690461
v 0.459534 4.791629 0.681857
v 0.498948 4.789025 0.712916
v 0.404562 4.834235 0.712357
v 0.454000 4.836839 0.703753
v 0.493414 4.834235 0.734812
v 0.413202 4.879433 0.737927
v 0.446843 4.881205 0.732072
v 0.473663 4.879433 0.753207
v 0.438063 4.924728 0.766813
v 0.438063 4.924728 0.766813
v 0.438063 4.924728 0.766813
v 0.350596 4.749247 0.755447
v 0.350596 4.749247 0.755447
v 0.350596 4.749247 0.755447
v 0.274206 4.743869 0.794082
v 0.315341 4.763308 0.812882
v 0.350725 4.743869 0.841051
v 0.218266 4.739551 0.844918
v 0.278718 4.768118 0.872546
v 0.330717 4.739551 0.913943
v 0.180275 4.735108 0.906813
v 0.240726 4.763675 0.934440
v 0.292725 4.735108 0.975837
v 0.160230 4.730542 0.979764
v 0.201365 4.749981 0.998564
v 0.236750 4.730542 1.026733
v 0.160636 4.727036 1.064917
v 0.160636 4.727036 1.064917
v 0.160636 4.727036 1.064917
v 0.350596 4.749247 0.755447
v 0.350596 4.749247 0.755447
v 0.350596 4.749247 0.755447
v 0.393370 4.738333 0.825004
v 0.409303 4.757376 0.784765
v 0.431899 4.738333 0.747853
v 0.446182 4.728457 0.874010
v 0.469596 4.756441 0.814875
v 0.502803 4.728457 0.760631
v 0.508060 4.718460 0.904912
v 0.531475 4.746444 0.845777
v 0.564681 4.718460 0.791533
v 0.579006 4.708341 0.917710
v 0.594939 4.727383 0.877471
v 0.617535 4.708341 0.840559
v 0.659989 4.699260 0.909956
v 0.659989 4.699260 0.909956
v 0.659989 4.699260 0.909956
v 0.350596 4.749247 0.755447
v 0.350596 4.749247 0.755447
v 0.350596 4.749247 0.755447
v 0.315050 4.795097 0.720549
v 0.330807 4.799854 0.755748
v 0.316128 4.795097 0.791410
v 0.280619 4.841207 0.704433
v 0.303775 4.848197 0.756159
v 0.282204 4.841207 0.808567
v 0.246345 4.887286 0.704954
v 0.269501 4.894276 0.756681
v 0.247930 4.887286 0.809089
v 0.212228 4.933335 0.722114
v 0.227985 4.938092 0.757313
v 0.213306 4.933335 0.792975
v 0.179226 4.979643 0.758055
v 0.179226 4.979643 0.758055
v 0.179226 4.979643 0.758055
v 0.000000 4.485897 0.347391
v 0.000000 4.485897 0.347391
v 0.000000 4.485897 0.347391
v 0.014115 4.485866 0.265612
v -0.023745 4.504234 0.287923
v -0.066560 4.485866 0.297826
v 0.006969 4.486836 0.192716
v -0.048670 4.513830 0.225502
v -0.111589 4.486836 0.240056
v -0.019134 4.487689 0.127343
v -0.074773 4.514683 0.160130
v -0.137692 4.487689 0.174683
v -0.064195 4.488426 0.069494
v -0.102055 4.506794 0.091804
v -0.144870 4.488426 0.101707
v -0.130516 4.490163 0.020526
v -0.130516 4.490163 0.020526
v -0.130516 4.490163 0.020526
v 0.000000 4.726585 0.269959
v 0.000000 4.726585 0.269959
v 0.000000 4.726585 0.269959
v 0.023152 4.728540 0.200679
v -0.012650 4.744518 0.215571
v -0.051349 4.728540 0.218007
v 0.026625 4.731366 0.136335
v -0.025989 4.754848 0.158219
v -0.082860 4.731366 0.161799
v 0.012596 4.734091 0.076019
v -0.040017 4.757572 0.097903
v -0.096888 4.734091 0.101483
v -0.018933 4.736714 0.019732
v -0.054735 4.752692 0.034623
v -0.093434 4.736714 0.037060
v -0.070142 4.740208 -0.031620
v -0.070142 4.740208 -0.031620
v -0.070142 4.740208 -0.031620
v -0.115629 4.916998 0.284654
v -0.115629 4.916998 0.284654
v -0.115629 4.916998 0.284654
v -0.116280 4.926731 0.219029
v -0.141372 4.940274 0.244267
v -0.174844 4.926731 0.256358
v -0.132235 4.937201 0.163662
v -0.169110 4.957104 0.200751
v -0.218299 4.937201 0.218521
v -0.161967 4.947586 0.117018
v -0.198842 4.967489 0.154107
v -0.248031 4.947586 0.171877
v -0.205475 4.957885 0.079097
v -0.230567 4.971428 0.104335
v -0.264039 4.957885 0.116426
v -0.264287 4.968922 0.051434
v -0.264287 4.968922 0.051434
v -0.264287 4.968922 0.051434
v -0.115629 4.916998 0.284654
v -0.115629 4.916998 0.284654
v -0.115629 4.916998 0.284654
v -0.189498 4.928236 0.328293
v -0.144811 4.946098 0.340554
v -0.109205 4.928236 0.370210
v -0.241825 4.940445 0.382574
v -0.176155 4.966696 0.400594
v -0.123828 4.940445 0.444174
v -0.275329 4.952543 0.446753
v -0.209659 4.978794 0.464772
v -0.157333 4.952543 0.508353
v -0.290011 4.964526 0.520828
v -0.245324 4.982389 0.533089
v -0.209717 4.964526 0.562745
v -0.283150 4.977483 0.605546
v -0.283150 4.977483 0.605546
v -0.283150 4.977483 0.605546
v -0.115629 4.916998 0.284654
v -0.115629 4.916998 0.284654
v -0.115629 4.916998 0.284654
v -0.046657 4.973186 0.291301
v -0.090215 4.981169 0.265602
v -0.102672 4.973186 0.216585
v 0.006611 5.029809 0.278768
v -0.057401 5.041541 0.241001
v -0.075708 5.029809 0.168968
v 0.046826 5.086382 0.248619
v -0.017186 5.098113 0.210851
v -0.035493 5.086382 0.138818
v 0.073988 5.142904 0.200853
v 0.030430 5.150887 0.175153
v 0.017973 5.142904 0.126137
v 0.085447 5.199860 0.133906
v 0.085447 5.199860 0.133906
v 0.085447 5.199860 0.133906
v -0.054047 4.961158 0.273158
v -0.054047 4.961158 0.273158
v -0.054047 4.961158 0.273158
v -0.032289 4.972382 0.186670
v -0.074035 4.990998 0.210589
v -0.121917 4.972382 0.215303
v -0.034134 4.984621 0.108299
v -0.095484 5.011978 0.143450
v -0.165849 4.984621 0.150377
v -0.057043 4.996741 0.036589
v -0.118392 5.024098 0.071740
v -0.188758 4.996741 0.078667
v -0.101014 5.008743 -0.028459
v -0.142760 5.027359 -0.004539
v -0.190642 5.008743 0.000174
v -0.168589 5.021759 -0.085389
v -0.168589 5.021759 -0.085389
v -0.168589 5.021759 -0.085389
v -0.054047 4.961158 0.273158
v -0.054047 4.961158 0.273158
v -0.054047 4.961158 0.273158
v -0.123547 4.978813 0.332867
v -0.073365 4.997278 0.335857
v -0.030201 4.978813 0.361627
v -0.168099 4.997475 0.399582
v -0.094352 5.024611 0.403977
v -0.030920 4.997475 0.441847
v -0.190756 5.016020 0.473123
v -0.117010 5.043156 0.477517
v -0.053578 5.016020 0.515388
v -0.191520 5.034447 0.553488
v -0.141338 5.052912 0.556478
v -0.098174 5.034447 0.582248
v -0.167336 5.053881 0.640860
v -0.167336 5.053881 0.640860
v -0.167336 5.053881 0.640860
v -0.054047 4.961158 0.273158
v -0.054047 4.961158 0.273158
v -0.054047 4.961158 0.273158
v -0.000749 4.980310 0.271971
v -0.025283 4.990006 0.252969
v -0.034815 4.980310 0.223437
v 0.043105 4.999992 0.258200
v 0.007050 5.014241 0.230275
v -0.006957 4.999992 0.186875
v 0.079009 5.019611 0.232999
v 0.042954 5.033860 0.205074
v 0.028947 5.019611 0.161674
v 0.106962 5.039170 0.196370
v 0.082428 5.048865 0.177368
v 0.072896 5.039170 0.147835
v 0.125472 5.059256 0.147156
v 0.125472 5.059256 0.147156
v 0.125472 5.059256 0.147156
v 0.142226 4.913519 0.209820
v 0.142226 4.913519 0.209820
v 0.142226 4.913519 0.209820
v 0.162913 4.917301 0.260795
v 0.175623 4.929107 0.234324
v 0.197059 4.917301 0.214256
v 0.192419 4.921726 0.299252
v 0.211097 4.939076 0.260352
v 0.242599 4.921726 0.230861
v 0.229969 4.926076 0.326804
v 0.248647 4.943426 0.287903
v 0.280149 4.926076 0.258413
v 0.275564 4.930351 0.343449
v 0.288274 4.942157 0.316979
v 0.309710 4.930351 0.296911
v 0.329977 4.935270 0.347578
v 0.329977 4.935270 0.347578
v 0.329977 4.935270 0.347578
v 0.142226 4.913519 0.209820
v 0.142226 4.913519 0.209820
v 0.142226 4.913519 0.209820
v 0.208034 4.905649 0.161252
v 0.166430 4.924462 0.149457
v 0.128202 4.905649 0.129242
v 0.252577 4.898806 0.104425
v 0.191437 4.926453 0.087091
v 0.135259 4.898806 0.057383
v 0.278388 4.891842 0.040055
v 0.217248 4.919489 0.022721
v 0.161070 4.891842 -0.006987
v 0.285466 4.884758 -0.031858
v 0.243862 4.903572 -0.043653
v 0.205635 4.884758 -0.063868
v 0.271280 4.878701 -0.112030
v 0.271280 4.878701 -0.112030
v 0.271280 4.878701 -0.112030
v 0.142226 4.913519 0.209820
v 0.142226 4.913519 0.209820
v 0.142226 4.913519 0.209820
v 0.112171 4.948415 0.249669
v 0.143421 4.955091 0.235505
v 0.175852 4.948415 0.246706
v 0.098972 4.983675 0.288041
v 0.144897 4.993484 0.267226
v 0.192557 4.983675 0.283686
v 0.100729 5.018893 0.325798
v 0.146654 5.028702 0.304983
v 0.194314 5.018893 0.321443
v 0.117442 5.054068 0.362940
v 0.148692 5.060743 0.348776
v 0.181123 5.054068 0.359976
v 0.151011 5.089608 0.398604
v 0.151011 5.089608 0.398604
v 0.151011 5.089608 0.398604
vn 0.000000 1.000000 0.000000
vn 0.258132 0.909141 -0.326848
vn -0.358019 0.909141 0.212800
vn 0.214859 0.902815 -0.372506
vn -0.021996 0.978499 -0.205075
vn -0.413693 0.899087 0.143178
vn 0.139248 0.883743 -0.446775
vn -0.170004 0.957974 -0.231052
vn -0.480871 0.875292 0.051261
vn 0.058690 0.852943 -0.518693
vn -0.278664 0.917837 -0.282705
vn -0.538377 0.841924 -0.036246
vn -0.016120 0.815088 -0.579113
vn -0.399011 0.868166 -0.295090
vn -0.581669 0.806030 -0.109434
vn -0.067445 0.784020 -0.617060
vn -0.602788 0.784020 -0.148187
vn 0.000000 1.000000 0.000000
vn 0.000000 1.000000 0.000000
vn 0.379071 0.910814 -0.163473
vn -0.326218 0.910813 0.252984
vn 0.344850 0.913332 -0.216570
vn 0.086649 0.992481 -0.086447
vn -0.368330 0.913303 0.173811
vn 0.283436 0.909218 -0.304938
vn -0.054881 0.988513 -0.140819
vn -0.418481 0.905589 0.069150
vn 0.215899 0.893695 -0.393315
vn -0.154422 0.964201 -0.215572
vn -0.460680 0.887038 -0.030626
vn 0.151336 0.869447 -0.470276
vn -0.273489 0.927400 -0.255212
vn -0.491832 0.863174 -0.114155
vn 0.106031 0.847404 -0.520254
vn -0.506767 0.847404 -0.158411
vn 0.000000 1.000000 0.000000
vn 0.000000 1.000000 0.000000
vn 0.178532 0.876432 -0.447207
vn -0.479861 0.876432 0.040013
vn 0.140628 0.857856 -0.494275
vn -0.117693 0.926133 -0.358365
vn -0.527415 0.849044 -0.030957
vn 0.074832 0.818353 -0.569823
vn -0.259302 0.882965 -0.391324
vn -0.582709 0.803390 -0.122535
vn 0.005303 0.767056 -0.641558
vn -0.357367 0.821870 -0.443642
vn -0.627722 0.750256 -0.207561
vn -0.058752 0.711293 -0.700436
vn -0.469440 0.755733 -0.456611
vn -0.659679 0.698616 -0.277055
vn -0.102413 0.668565 -0.736568
vn -0.674462 0.668565 -0.313243
vn 0.000000 1.000000 0.000000
vn 0.000000 1.000000 0.000000
vn -0.548633 0.835936 -0.014575
vn 0.047831 0.835936 0.546739
vn -0.586202 0.809647 0.028952
vn -0.412390 0.871551 0.265206
vn -0.010608 0.797658 0.603017
vn -0.644742 0.757463 0.102751
vn -0.415153 0.814317 0.405629
vn -0.086200 0.738509 0.668711
vn -0.697817 0.693694 0.178435
vn -0.443165 0.740656 0.505008
vn -0.156569 0.673427 0.722483
vn -0.738892 0.627271 0.246112
vn -0.429652 0.665032 0.610845
vn -0.214227 0.612467 0.760914
vn -0.762550 0.577733 0.291104
vn -0.244307 0.577734 0.778805
vn 0.000000 1.000000 0.000000
vn 0.000000 1.000000 0.000000
vn 0.577169 0.796163 -0.181661
vn 0.229395 0.796163 0.559913
vn 0.525738 0.826057 -0.203052
vn 0.418956 0.905640 0.065517
vn 0.159155 0.837614 0.522564
vn 0.433370 0.869334 -0.237588
vn 0.280680 0.954069 0.104744
vn 0.066230 0.881292 0.467908
vn 0.331699 0.903723 -0.270668
vn 0.157188 0.982541 0.099522
vn -0.022414 0.911613 0.410438
vn 0.234431 0.925300 -0.298098
vn 0.030560 0.990895 0.131120
vn -0.096673 0.928577 0.358329
vn 0.166126 0.934404 -0.315106
vn -0.136039 0.934404 0.329216
vn 0.000000 1.000000 0.000000
vn 0.000000 1.000000 0.000000
vn 0.554995 0.825319 0.104063
vn -0.132796 0.825320 0.548828
vn 0.521641 0.851256 0.057034
vn 0.285768 0.931856 0.223563
vn -0.174058 0.861123 0.477672
vn 0.460082 0.887565 -0.023523
vn 0.146017 0.972588 0.180973
vn -0.225435 0.897199 0.379754
vn 0.390210 0.914461 -0.107231
vn 0.043112 0.993030 0.109696
vn -0.271188 0.920139 0.282491
vn 0.321552 0.929024 -0.183081
vn -0.081211 0.994296 0.069138
vn -0.307093 0.930823 0.198148
vn 0.272377 0.933284 -0.234076
vn -0.325217 0.933284 0.152362
vn 0.000000 1.000000 0.000000
vn 0.000000 1.000000 0.000000
vn -0.290800 0.912159 -0.288793
vn 0.312395 0.912159 0.265283
vn -0.331721 0.912182 -0.240592
vn -0.134379 0.990506 -0.028977
vn 0.248826 0.911106 0.328589
vn -0.398301 0.903829 -0.156362
vn -0.145171 0.981849 0.122055
vn 0.163495 0.898830 0.406663
vn -0.462798 0.883958 -0.066610
vn -0.187103 0.953017 0.238226
vn 0.080818 0.876055 0.475391
vn -0.517011 0.855815 0.016752
vn -0.189457 0.912503 0.362553
vn 0.010594 0.848742 0.528701
vn -0.551076 0.831172 0.073951
vn -0.026992 0.831172 0.555361
vn 0.000000 1.000000 0.000000
vn 0.000000 1.000000 0.000000
vn -0.165863 0.318132 0.933425
vn -0.831270 0.318132 0.455831
vn -0.154435 0.376957 0.913265
vn -0.426570 0.426354 0.797659
vn -0.808380 0.401182 0.430784
vn -0.133567 0.473590 0.870559
vn -0.473187 0.533542 0.701018
vn -0.769042 0.503972 0.393175
vn -0.110159 0.568495 0.815278
vn -0.472043 0.629079 0.617604
vn -0.722302 0.594855 0.352742
vn -0.087385 0.649520 0.755306
vn -0.497140 0.701012 0.511306
vn -0.676293 0.665658 0.315481
vn -0.071191 0.701189 0.709412
vn -0.649330 0.701189 0.294456
vn 0.000000 1.000000 0.000000
vn 0.000000 1.000000 0.000000
vn 0.324055 0.903672 -0.279937
vn -0.425179 0.903672 0.050983
vn 0.296577 0.893936 -0.336036
vn 0.018873 0.967871 -0.250739
vn -0.457235 0.888789 -0.031469
vn 0.247090 0.869143 -0.428411
vn -0.114094 0.941007 -0.318573
vn -0.493293 0.858859 -0.137926
vn 0.192435 0.832557 -0.519440
vn -0.201413 0.894919 -0.398187
vn -0.521235 0.819897 -0.236819
vn 0.139984 0.789606 -0.597434
vn -0.311416 0.840506 -0.443363
vn -0.539843 0.779514 -0.317690
vn 0.103068 0.755199 -0.647342
vn -0.547909 0.755199 -0.359820
vn 0.000000 1.000000 0.000000
vn 0.000000 1.000000 0.000000
vn -0.133994 0.910884 -0.390302
vn 0.225178 0.910884 0.345812
vn -0.189641 0.913316 -0.360402
vn -0.080514 0.992439 -0.092643
vn 0.142915 0.913251 0.381508
vn -0.282597 0.909055 -0.306199
vn -0.145941 0.988309 0.044123
vn 0.034613 0.905379 0.423192
vn -0.376034 0.893382 -0.245900
vn -0.228323 0.963841 0.137403
vn -0.068167 0.886683 0.457326
vn -0.457845 0.869000 -0.187662
vn -0.277244 0.926911 0.252927
vn -0.153883 0.862699 0.481737
vn -0.511246 0.846862 -0.146469
vn -0.199178 0.846862 0.493106
vn 0.000000 1.000000 0.000000
vn 0.000000 1.000000 0.000000
vn 0.438661 0.431801 0.788114
vn -0.379850 0.431802 0.818084
vn 0.435063 0.486933 0.757375
vn 0.148866 0.544701 0.825312
vn -0.377498 0.509476 0.773258
vn 0.424940 0.576269 0.698098
vn 0.052309 0.643887 0.763330
vn -0.369930 0.604011 0.705919
vn 0.409135 0.662299 0.627669
vn 0.001676 0.729196 0.684303
vn -0.358177 0.685843 0.633505
vn 0.390026 0.734106 0.555849
vn -0.083601 0.790669 0.606510
vn -0.344958 0.748192 0.566756
vn 0.374478 0.778917 0.503045
vn -0.336686 0.778918 0.529084
vn 0.000000 1.000000 0.000000
vn 0.000000 1.000000 0.000000
vn 0.526704 0.813477 0.246654
vn -0.242240 0.813477 0.528748
vn 0.504815 0.841108 0.194163
vn 0.238843 0.921323 0.306788
vn -0.266417 0.851695 0.451262
vn 0.462928 0.880384 0.103057
vn 0.112362 0.965333 0.235598
vn -0.294548 0.891005 0.345473
vn 0.413535 0.910463 0.006794
vn 0.027938 0.989184 0.143995
vn -0.317470 0.917082 0.241193
vn 0.363457 0.928005 -0.081891
vn -0.084348 0.993450 0.077085
vn -0.333760 0.930430 0.151338
vn 0.326793 0.934317 -0.142330
vn -0.341306 0.934317 0.102769
vn 0.000000 1.000000 0.000000
vn 0.000000 1.000000 0.000000
vn 0.585581 0.726840 0.358886
vn -0.174402 0.726840 0.664295
vn 0.564281 0.764151 0.312507
vn 0.307115 0.840561 0.446249
vn -0.197902 0.778890 0.595118
vn 0.522844 0.820615 0.230707
vn 0.182106 0.903546 0.387869
vn -0.225981 0.837004 0.498354
vn 0.473176 0.869357 0.142561
vn 0.097201 0.947528 0.304535
vn -0.249707 0.881521 0.400707
vn 0.422186 0.904532 0.059842
vn -0.016182 0.969817 0.243298
vn -0.267306 0.910693 0.314938
vn 0.384530 0.923109 0.002624
vn -0.275784 0.923109 0.267980
vn 0.000000 1.000000 0.000000
vn 0.000000 1.000000 0.000000
vn 0.435535 0.894600 -0.100000
vn -0.222730 0.894600 0.387404
vn 0.396567 0.905919 -0.148476
vn 0.159961 0.986981 0.016787
vn -0.272099 0.909591 0.314018
vn 0.326599 0.916850 -0.229607
vn 0.013916 0.999659 -0.022111
vn -0.332805 0.918118 0.215173
vn 0.249611 0.916921 -0.311368
vn -0.094192 0.991662 -0.087950
vn -0.386044 0.914762 0.119083
vn 0.175973 0.906767 -0.383154
vn -0.219239 0.968459 -0.118407
vn -0.427171 0.903403 0.037247
vn 0.124273 0.894176 -0.430122
vn -0.447666 0.894176 -0.006638
vn 0.000000 1.000000 0.000000
vn 0.000000 1.000000 0.000000
vn -0.160536 0.860924 -0.482741
vn 0.508627 0.860924 -0.010424
vn -0.193098 0.880800 -0.432324
vn 0.044560 0.962181 -0.268742
vn 0.456115 0.888090 0.057051
vn -0.246732 0.906523 -0.342548
vn 0.055081 0.991214 -0.120250
vn 0.382614 0.912650 0.143791
vn -0.299608 0.922145 -0.244711
vn 0.026463 0.999645 0.003024
vn 0.308397 0.924513 0.223978
vn -0.344940 0.926246 -0.151935
vn 0.035426 0.990460 0.133170
vn 0.243169 0.925851 0.289256
vn -0.373963 0.923333 -0.087227
vn 0.207442 0.923333 0.323148
vn 0.000000 1.000000 0.000000
vn 0.000000 1.000000 0.000000
vn -0.595924 0.534538 0.599286
vn -0.824117 0.534538 -0.187352
vn -0.560225 0.585091 0.586359
vn -0.687904 0.649965 0.323007
vn -0.770554 0.605600 -0.198732
vn -0.494323 0.665739 0.558961
vn -0.639198 0.739596 0.210768
vn -0.691927 0.690417 -0.211096
vn -0.419499 0.741605 0.523491
vn -0.564682 0.813437 0.139480
vn -0.609013 0.761992 -0.220161
vn -0.345952 0.803168 0.485014
vn -0.502827 0.863646 0.035769
vn -0.533676 0.815008 -0.225725
vn -0.293267 0.840506 0.455570
vn -0.491536 0.840506 -0.227909
vn 0.000000 1.000000 0.000000
vn 0.000000 1.000000 0.000000
vn -0.417359 0.893406 0.166244
vn 0.151682 0.893406 -0.422869
vn -0.371002 0.905133 0.207587
vn -0.165219 0.986243 0.005257
vn 0.212378 0.908975 -0.358691
vn -0.288689 0.916766 0.276041
vn -0.014823 0.999700 0.019525
vn 0.288493 0.918264 -0.271224
vn -0.199285 0.917571 0.344018
vn 0.102693 0.992474 0.066711
vn 0.356842 0.915624 -0.185190
vn -0.114788 0.908086 0.402745
vn 0.231153 0.969923 0.076270
vn 0.410928 0.904861 -0.111192
vn -0.056005 0.895948 0.440615
vn 0.438409 0.895948 -0.071241
vn 0.000000 1.000000 0.000000
vn 0.000000 1.000000 0.000000
vn 0.135233 0.869135 0.475727
vn -0.491931 0.869135 -0.051070
vn 0.172258 0.887304 0.427806
vn -0.049348 0.968746 0.243097
vn -0.433471 0.893868 -0.114465
vn 0.233679 0.910058 0.342329
vn -0.046875 0.994501 0.093655
vn -0.352539 0.915206 -0.195228
vn 0.294831 0.922543 0.248977
vn -0.007897 0.999606 -0.026925
vn -0.271673 0.923995 -0.269121
vn 0.347833 0.923756 0.160273
vn -0.006101 0.987558 -0.157135
vn -0.201190 0.922758 -0.328695
vn 0.382115 0.918871 0.098303
vn -0.162797 0.918872 -0.359406
vn 0.000000 1.000000 0.000000
vn 0.000000 1.000000 0.000000
vn 0.102523 0.462522 -0.880660
vn 0.780351 0.462522 -0.420864
vn 0.086067 0.516419 -0.852000
vn 0.355770 0.576363 -0.735685
vn 0.750284 0.538411 -0.383650
vn 0.057271 0.603387 -0.795389
vn 0.394869 0.672948 -0.625475
vn 0.702341 0.630289 -0.330837
vn 0.026538 0.686615 -0.726537
vn 0.387159 0.755071 -0.529128
vn 0.648302 0.709280 -0.276814
vn -0.002044 0.755565 -0.655070
vn 0.408637 0.813373 -0.414053
vn 0.596852 0.769024 -0.228844
vn -0.021677 0.798283 -0.601892
vn 0.567257 0.798283 -0.202396
vn 0.000000 1.000000 0.000000
vn 0.000000 1.000000 0.000000
vn 0.574401 0.442349 0.688760
vn -0.224756 0.442348 0.868224
vn 0.565073 0.497068 0.658495
vn 0.296005 0.555588 0.776983
vn -0.230882 0.519427 0.822733
vn 0.544002 0.585608 0.600936
vn 0.189441 0.653899 0.732481
vn -0.236054 0.613066 0.753942
vn 0.515312 0.670695 0.533499
vn 0.124936 0.738136 0.662983
vn -0.238006 0.693946 0.679553
vn 0.483157 0.741547 0.465475
vn 0.026670 0.798544 0.601346
vn -0.237422 0.755422 0.610711
vn 0.458066 0.785653 0.415842
vn -0.236282 0.785654 0.571768
vn 0.000000 1.000000 0.000000
vn 0.000000 1.000000 0.000000
vn -0.401727 0.907742 -0.120911
vn 0.415119 0.907742 -0.060667
vn -0.403894 0.912969 -0.057934
vn -0.117346 0.992870 -0.020939
vn 0.404563 0.914075 0.028205
vn -0.403867 0.913464 0.049756
vn -0.032117 0.994005 0.104510
vn 0.386042 0.911331 0.142997
vn -0.398850 0.902698 0.161418
vn 0.006936 0.974654 0.223609
vn 0.363740 0.897409 0.249700
vn -0.389786 0.882729 0.262406
vn 0.082013 0.941951 0.325579
vn 0.341605 0.877336 0.337027
vn -0.381142 0.863537 0.330205
vn 0.328575 0.863536 0.382548
vn 0.000000 1.000000 0.000000
vn 0.000000 1.000000 0.000000
vn -0.481099 0.781367 0.397504
vn -0.460406 0.781367 -0.421298
vn -0.426399 0.813043 0.396415
vn -0.439018 0.892023 0.107510
vn -0.382456 0.825363 -0.415335
vn -0.329386 0.859471 0.390914
vn -0.329758 0.943930 0.016016
vn -0.276875 0.872483 -0.402634
vn -0.224161 0.897266 0.380350
vn -0.215547 0.976068 -0.028819
vn -0.173649 0.906167 -0.385626
vn -0.124812 0.922052 0.366390
vn -0.112589 0.987687 -0.108616
vn -0.085308 0.926007 -0.367741
vn -0.055757 0.933381 0.354528
vn -0.037777 0.933381 -0.356892
vn 0.000000 1.000000 0.000000
vn 0.000000 1.000000 0.000000
vn -0.094292 0.912007 -0.399189
vn 0.138362 0.912007 0.386133
vn -0.154161 0.912517 -0.378876
vn -0.093059 0.991013 -0.096093
vn 0.051300 0.911645 0.407764
vn -0.254622 0.904989 -0.340825
vn -0.180004 0.983269 0.027938
vn -0.062117 0.900256 0.430907
vn -0.356228 0.885962 -0.296939
vn -0.275897 0.955313 0.106104
vn -0.168533 0.878301 0.447419
vn -0.445780 0.858576 -0.253234
vn -0.342107 0.915519 0.211630
vn -0.256361 0.851660 0.457115
vn -0.504569 0.834441 -0.221628
vn -0.302426 0.834441 0.460703
vn 0.000000 1.000000 0.000000
vn 0.000000 1.000000 0.000000
vn -0.034964 0.903134 -0.427934
vn 0.273853 0.903134 0.330688
vn -0.092084 0.910991 -0.402014
vn 0.005150 0.991486 -0.130111
vn 0.189872 0.913205 0.360563
vn -0.188451 0.915985 -0.354199
vn -0.069258 0.997597 0.001912
vn 0.078774 0.915316 0.394958
vn -0.286609 0.909876 -0.299968
vn -0.159291 0.983115 0.090068
vn -0.027195 0.905929 0.422555
vn -0.373755 0.894112 -0.246718
vn -0.218492 0.954468 0.203105
vn -0.115967 0.889587 0.441799
vn -0.431344 0.877743 -0.208589
vn -0.163026 0.877743 0.450543
vn 0.000000 1.000000 0.000000
vn 0.000000 1.000000 0.000000
vn -0.145016 0.875332 -0.461263
vn -0.352342 0.875332 0.331132
vn -0.203977 0.856498 -0.474137
vn -0.320255 0.924584 -0.206351
vn -0.433772 0.847579 0.305699
vn -0.302442 0.816566 -0.491679
vn -0.451050 0.880940 -0.143176
vn -0.534082 0.801468 0.269084
vn -0.401375 0.764843 -0.503899
vn -0.559991 0.819412 -0.122369
vn -0.622243 0.747923 0.231140
vn -0.487958 0.708710 -0.509535
vn -0.655149 0.752942 -0.062120
vn -0.690502 0.695957 0.197107
vn -0.544449 0.665744 -0.510256
vn -0.724585 0.665743 0.178221
vn 0.000000 1.000000 0.000000
vn 0.000000 1.000000 0.000000
vn -0.466714 0.849897 0.244648
vn 0.336376 0.849897 0.405618
vn -0.475779 0.825933 0.302440
vn -0.202818 0.889909 0.408567
vn 0.316249 0.814899 0.485723
vn -0.486827 0.777550 0.398016
vn -0.131336 0.836890 0.531381
vn 0.286380 0.759786 0.583706
vn -0.492334 0.717494 0.492757
vn -0.103121 0.766954 0.633362
vn 0.254595 0.698256 0.669044
vn -0.491919 0.654225 0.574461
vn -0.036266 0.694108 0.718956
vn 0.225517 0.640047 0.734495
vn -0.488589 0.606688 0.627065
vn 0.209180 0.606687 0.766925
vn 0.000000 1.000000 0.000000
vn 0.000000 1.000000 0.000000
vn 0.844713 0.535197 -0.004984
vn 0.451854 0.535197 0.713718
vn 0.810242 0.585718 -0.021012
vn 0.715035 0.650636 0.255729
vn 0.405789 0.606212 0.683989
vn 0.744130 0.666302 -0.048091
vn 0.601287 0.740197 0.300935
vn 0.341249 0.690957 0.637282
vn 0.666008 0.742090 -0.075731
vn 0.498128 0.813952 0.298915
vn 0.276014 0.762454 0.585219
vn 0.586679 0.803581 -0.100329
vn 0.381098 0.864084 0.328822
vn 0.218627 0.815408 0.536016
vn 0.528518 0.840874 -0.116616
vn 0.187179 0.840874 0.507834
vn 0.000000 1.000000 0.000000
vn 0.000000 1.000000 0.000000
vn -0.156896 0.868995 -0.469289
vn 0.494037 0.868995 0.027840
vn -0.191655 0.887196 -0.419705
vn 0.038308 0.968637 -0.245510
vn 0.438587 0.893772 0.093874
vn -0.249038 0.910001 -0.331480
vn 0.042781 0.994449 -0.096126
vn 0.361500 0.915166 0.178296
vn -0.305790 0.922541 -0.235395
vn 0.009439 0.999614 0.026138
vn 0.284144 0.924010 0.255865
vn -0.354620 0.923805 -0.144321
vn 0.013681 0.987615 0.156297
vn 0.216503 0.922818 0.318641
vn -0.385984 0.918957 -0.080836
vn 0.179583 0.918957 0.351095
vn 0.000000 1.000000 0.000000
vn 0.000000 1.000000 0.000000
vn -0.313993 0.905573 0.285214
vn 0.127823 0.905573 -0.404474
vn -0.259755 0.912153 0.317024
vn -0.092270 0.992376 0.081702
vn 0.200813 0.913828 -0.352977
vn -0.165064 0.914960 0.368243
vn 0.058585 0.996069 0.066439
vn 0.292981 0.913578 -0.282023
vn -0.064291 0.906584 0.417100
vn 0.182253 0.979215 0.089005
vn 0.376442 0.901984 -0.211463
vn 0.029176 0.888772 0.457420
vn 0.308237 0.948590 0.071884
vn 0.443047 0.883824 -0.150211
vn 0.093239 0.871028 0.482303
vn 0.477112 0.871028 -0.116935
vn 0.000000 1.000000 0.000000
vn 0.000000 1.000000 0.000000
vn 0.713648 0.492234 0.498409
vn -0.016109 0.492235 0.870313
vn 0.695559 0.544832 0.468355
vn 0.462503 0.606838 0.646405
vn -0.035502 0.566244 0.823473
vn 0.658376 0.629328 0.412901
vn 0.345450 0.700707 0.624239
vn -0.060204 0.655358 0.752915
vn 0.611473 0.709659 0.349978
vn 0.263380 0.779557 0.568262
vn -0.082798 0.731422 0.676879
vn 0.561491 0.775685 0.288167
vn 0.151237 0.834638 0.529629
vn -0.101008 0.788504 0.606679
vn 0.523656 0.816272 0.243892
vn -0.110393 0.816273 0.567020
vn 0.000000 1.000000 0.000000
vn 0.000000 1.000000 0.000000
vn -0.303837 0.908685 -0.286311
vn 0.171820 0.908686 0.380485
vn -0.353548 0.901993 -0.247815
vn -0.210876 0.977501 0.004783
vn 0.097045 0.898113 0.428923
vn -0.434879 0.882308 -0.180035
vn -0.251351 0.956297 0.149398
vn -0.000982 0.873661 0.486535
vn -0.514308 0.850887 -0.107140
vn -0.313370 0.915518 0.252242
vn -0.093623 0.839689 0.534937
vn -0.581696 0.812478 -0.038839
vn -0.337436 0.865331 0.370593
vn -0.170583 0.803310 0.570610
vn -0.624410 0.781052 0.008343
vn -0.211135 0.781052 0.587690
vn 0.000000 1.000000 0.000000
vn 0.000000 1.000000 0.000000
vn -0.185371 0.900988 0.392247
vn 0.389406 0.900989 -0.191265
vn -0.139312 0.890004 0.434148
vn 0.088533 0.963239 0.253638
vn 0.449347 0.884338 -0.126621
vn -0.059660 0.863125 0.501454
vn 0.236733 0.934064 0.267360
vn 0.521621 0.852174 -0.041356
vn 0.024127 0.824440 0.565434
vn 0.346552 0.885826 0.308568
vn 0.583435 0.811187 0.039738
vn 0.100983 0.779646 0.618025
vn 0.464675 0.829706 0.309298
vn 0.629926 0.769179 0.107503
vn 0.153188 0.744029 0.650349
vn 0.652586 0.744029 0.143363
vn 0.000000 1.000000 0.000000
vn 0.000000 1.000000 0.000000
vn 0.241469 0.364848 -0.899210
vn 0.858442 0.364848 -0.360504
vn 0.226063 0.422313 -0.877808
vn 0.484112 0.475209 -0.734719
vn 0.830292 0.445913 -0.334330
vn 0.197764 0.516212 -0.833315
vn 0.517486 0.579403 -0.629683
vn 0.783877 0.545595 -0.296417
vn 0.165818 0.607739 -0.776633
vn 0.505015 0.671014 -0.542862
vn 0.730267 0.633017 -0.256904
vn 0.134567 0.685214 -0.715803
vn 0.517354 0.738874 -0.431752
vn 0.678411 0.700557 -0.221311
vn 0.112255 0.734223 -0.669564
vn 0.648315 0.734223 -0.201506
vn 0.000000 1.000000 0.000000
vn 0.000000 1.000000 0.000000
vn 0.502159 0.763275 0.406507
vn -0.299966 0.763276 0.572216
vn 0.488927 0.796969 0.354670
vn 0.211022 0.875151 0.435408
vn -0.311512 0.810152 0.496602
vn 0.461915 0.846971 0.263200
vn 0.097523 0.931004 0.351740
vn -0.322740 0.861181 0.392691
vn 0.428044 0.888647 0.164576
vn 0.028190 0.967332 0.251941
vn -0.329338 0.898703 0.289600
vn 0.392094 0.917107 0.071957
vn -0.072794 0.982705 0.170272
vn -0.331808 0.921840 0.200286
vn 0.364959 0.930990 0.007856
vn -0.331969 0.930991 0.151833
vn 0.000000 1.000000 0.000000
vn 0.000000 1.000000 0.000000
vn 0.482001 0.822586 0.301708
vn -0.319503 0.822586 0.470394
vn 0.467758 0.848924 0.246028
vn 0.187987 0.929438 0.317498
vn -0.332466 0.858962 0.389424
vn 0.439218 0.885936 0.149012
vn 0.072847 0.970949 0.227930
vn -0.345280 0.895805 0.279848
vn 0.404033 0.913587 0.046011
vn 0.002358 0.992198 0.124651
vn -0.353097 0.919488 0.172812
vn 0.367144 0.928856 -0.049307
vn -0.099165 0.994174 0.042236
vn -0.356369 0.930804 0.081274
vn 0.339516 0.933603 -0.114519
vn -0.356874 0.933603 0.032045
vn 0.000000 1.000000 0.000000
vn 0.000000 1.000000 0.000000
vn 0.399475 0.899988 -0.174475
vn -0.193393 0.899988 0.390668
vn 0.354565 0.909261 -0.218008
vn 0.138400 0.990018 -0.026653
vn -0.251784 0.912070 0.323624
vn 0.274881 0.916677 -0.290075
vn -0.011578 0.998808 -0.047426
vn -0.324407 0.916797 0.232901
vn 0.188411 0.913085 -0.361630
vn -0.126780 0.986964 -0.099138
vn -0.389016 0.909865 0.144262
vn 0.106714 0.899602 -0.423472
vn -0.254078 0.960525 -0.113296
vn -0.439668 0.895548 0.068447
vn 0.049906 0.884767 -0.463353
vn -0.465211 0.884767 0.027674
vn 0.000000 1.000000 0.000000
vn 0.000000 1.000000 0.000000
vn -0.147113 0.896323 -0.418285
vn 0.400055 0.896323 0.191209
vn -0.191790 0.907027 -0.374858
vn -0.005597 0.988006 -0.154313
vn 0.331533 0.910439 0.247359
vn -0.266058 0.916902 -0.297497
vn -0.030675 0.999516 -0.005173
vn 0.238774 0.917825 0.317152
vn -0.340214 0.915870 -0.213159
vn -0.085993 0.990360 0.108596
vn 0.148145 0.913391 0.379169
vn -0.404674 0.904713 -0.133165
vn -0.104375 0.966181 0.235796
vn 0.070629 0.901141 0.427733
vn -0.446474 0.891446 -0.077361
vn 0.028937 0.891446 0.452202
vn 0.000000 1.000000 0.000000
vn 0.000000 1.000000 0.000000
vn 0.010923 0.624055 0.781304
vn -0.692560 0.624055 0.361823
vn 0.031335 0.669391 0.742249
vn -0.237252 0.739989 0.629387
vn -0.656769 0.687610 0.309592
vn 0.065784 0.740383 0.668958
vn -0.272703 0.818991 0.504862
vn -0.602527 0.761721 0.238207
vn 0.100889 0.805259 0.584277
vn -0.262434 0.880627 0.394492
vn -0.543780 0.822283 0.167792
vn 0.132071 0.855994 0.499831
vn -0.285066 0.919220 0.271609
vn -0.489348 0.865492 0.107067
vn 0.152690 0.885574 0.438686
vn -0.458531 0.885574 0.074220
vn 0.000000 1.000000 0.000000
vn 0.000000 1.000000 0.000000
vn 0.406208 0.795009 0.450506
vn -0.412831 0.795009 0.444445
vn 0.404149 0.825049 0.394915
vn 0.115535 0.904584 0.410340
vn -0.408253 0.836667 0.365127
vn 0.396927 0.868579 0.296681
vn 0.022114 0.953292 0.301238
vn -0.397432 0.880621 0.257983
vn 0.384494 0.903240 0.190586
vn -0.024748 0.982059 0.186942
vn -0.382264 0.911212 0.153517
vn 0.368765 0.925076 0.090810
vn -0.106370 0.990676 0.085126
vn -0.365953 0.928408 0.064321
vn 0.355672 0.934360 0.021670
vn -0.355954 0.934360 0.016404
vn 0.000000 1.000000 0.000000
vn 0.000000 1.000000 0.000000
vn -0.515983 0.717084 -0.468563
vn 0.285855 0.717084 -0.635671
vn -0.503298 0.755285 -0.419803
vn -0.226897 0.831195 -0.507575
vn 0.296645 0.770410 -0.564332
vn -0.477081 0.813341 -0.332971
vn -0.114320 0.895932 -0.429228
vn 0.307070 0.830266 -0.465152
vn -0.443854 0.863826 -0.238323
vn -0.045542 0.941810 -0.333045
vn 0.313107 0.876513 -0.365635
vn -0.408325 0.900669 -0.148547
vn 0.055234 0.965828 -0.253232
vn 0.315257 0.907185 -0.278618
vn -0.381380 0.920416 -0.085929
vn 0.315305 0.920416 -0.231122
vn 0.000000 1.000000 0.000000
vn 0.000000 1.000000 0.000000
vn -0.080637 0.864816 0.495571
vn -0.441054 0.864816 -0.239926
vn -0.027650 0.883901 0.466855
vn -0.156695 0.965318 0.208823
vn -0.362297 0.890856 -0.274075
vn 0.062782 0.908252 0.413688
vn -0.094330 0.992837 0.073332
vn -0.255901 0.913927 -0.315043
vn 0.156304 0.922422 0.353138
vn -0.009971 0.999727 -0.021132
vn -0.152177 0.924366 -0.349842
vn 0.240631 0.925185 0.293480
vn 0.044500 0.989214 -0.139555
vn -0.063619 0.924510 -0.375812
vn 0.297105 0.921358 0.250656
vn -0.016045 0.921358 -0.388385
vn 0.000000 1.000000 0.000000
vn 0.000000 1.000000 0.000000
vn 0.069675 0.868550 -0.490680
vn 0.431231 0.868550 0.244257
vn 0.016503 0.886847 -0.461768
vn 0.144987 0.968287 -0.203467
vn 0.352216 0.893465 0.278683
vn -0.074126 0.909820 -0.408329
vn 0.082523 0.994285 -0.067728
vn 0.245633 0.915041 0.319945
vn -0.167701 0.922537 -0.347566
vn -0.001751 0.999637 0.026901
vn 0.141853 0.924058 0.354957
vn -0.251963 0.923964 -0.287758
vn -0.055912 0.987800 0.145348
vn 0.053334 0.923011 0.381058
vn -0.308325 0.919226 -0.244865
vn 0.005814 0.919226 0.393687
vn 0.000000 1.000000 0.000000
vn 0.000000 1.000000 0.000000
vn -0.369863 0.904607 0.211864
vn 0.200122 0.904608 -0.376346
vn -0.323064 0.911718 0.253774
vn -0.112665 0.992058 0.055929
vn 0.261381 0.913616 -0.311426
vn -0.240446 0.915430 0.322759
vn 0.038194 0.996751 0.070907
vn 0.337622 0.914343 -0.223580
vn -0.151335 0.907992 0.390702
vn 0.155014 0.980878 0.117678
vn 0.405474 0.903662 -0.137788
vn -0.067637 0.891028 0.448881
vn 0.282068 0.951072 0.126092
vn 0.458694 0.886255 -0.064429
vn -0.009690 0.873854 0.486092
vn 0.485547 0.873854 -0.024979
vn 0.000000 1.000000 0.000000
vn 0.000000 1.000000 0.000000
vn 0.591970 0.401681 0.698730
vn -0.203764 0.401681 0.892823
vn 0.582749 0.457918 0.671352
vn 0.316579 0.513517 0.797545
vn -0.209790 0.480961 0.851272
vn 0.561697 0.549406 0.618587
vn 0.210405 0.615066 0.759884
vn -0.215086 0.577919 0.787240
vn 0.532807 0.638013 0.555927
vn 0.145667 0.703316 0.695793
vn -0.217417 0.662366 0.716938
vn 0.500280 0.712459 0.492059
vn 0.047032 0.767748 0.639023
vn -0.217348 0.727130 0.651185
vn 0.474827 0.759218 0.445116
vn -0.216551 0.759217 0.613755
vn 0.000000 1.000000 0.000000
vn 0.000000 1.000000 0.000000
vn -0.254197 0.908406 0.331937
vn 0.364508 0.908406 -0.204774
vn -0.211180 0.901501 0.377755
vn 0.026924 0.976903 0.211979
vn 0.419789 0.897532 -0.134958
vn -0.136038 0.881456 0.452249
vn 0.174681 0.955299 0.238516
vn 0.486383 0.872692 -0.042887
vn -0.056007 0.849668 0.524335
vn 0.282850 0.914144 0.290406
vn 0.543272 0.838368 0.044660
vn 0.018281 0.810942 0.584841
vn 0.402832 0.863661 0.303011
vn 0.585994 0.801708 0.117793
vn 0.069226 0.779306 0.622808
vn 0.606791 0.779306 0.156484
vn 0.000000 1.000000 0.000000
vn 0.000000 1.000000 0.000000
vn -0.210423 0.908988 0.359809
vn 0.327472 0.908988 -0.257882
vn -0.161406 0.902537 0.399218
vn 0.050871 0.978162 0.201522
vn 0.391998 0.898758 -0.196398
vn -0.076505 0.883256 0.462608
vn 0.201002 0.957402 0.207314
vn 0.470905 0.874737 -0.114384
vn 0.012961 0.852242 0.522988
vn 0.315566 0.917044 0.243819
vn 0.539622 0.841160 -0.035458
vn 0.095158 0.814200 0.572734
vn 0.436404 0.867202 0.239817
vn 0.592314 0.805104 0.031174
vn 0.151061 0.783016 0.603379
vn 0.618416 0.783016 0.066691
vn 0.000000 1.000000 0.000000
vn 0.000000 1.000000 0.000000
vn -0.559143 0.824332 0.088514
vn -0.062318 0.824332 -0.562666
vn -0.511900 0.850416 0.121452
vn -0.346414 0.930986 -0.115163
vn 0.000509 0.860345 -0.509711
vn -0.426794 0.886981 0.176385
vn -0.200576 0.972000 -0.122413
vn 0.081902 0.896700 -0.434996
vn -0.332786 0.914149 0.231484
vn -0.079674 0.992734 -0.090176
vn 0.157806 0.919908 -0.358980
vn -0.242550 0.928968 0.279620
vn 0.051039 0.994258 -0.094058
vn 0.220105 0.930821 -0.291764
vn -0.179023 0.933405 0.310977
vn 0.252647 0.933405 -0.254804
vn 0.000000 1.000000 0.000000
vn 0.000000 1.000000 0.000000
vn 0.355756 0.880250 0.314003
vn -0.448003 0.880250 0.156377
vn 0.365116 0.895800 0.253441
vn 0.082476 0.977218 0.195559
vn -0.427319 0.901258 0.071647
vn 0.377683 0.914023 0.148048
vn 0.012532 0.997961 0.062588
vn -0.395401 0.917681 -0.038990
vn 0.386122 0.921732 0.036326
vn -0.011666 0.998013 -0.061919
vn -0.360321 0.921792 -0.143069
vn 0.389588 0.918555 -0.066910
vn -0.073207 0.981638 -0.176146
vn -0.327490 0.916642 -0.229168
vn 0.389560 0.910688 -0.137444
vn -0.308792 0.910688 -0.274399
vn 0.000000 1.000000 0.000000
vn 0.000000 1.000000 0.000000
vn 0.081881 0.576473 -0.813004
vn 0.745945 0.576472 -0.333534
vn 0.060029 0.624744 -0.778519
vn 0.320512 0.692361 -0.646458
vn 0.708385 0.644248 -0.288331
vn 0.022290 0.701144 -0.712672
vn 0.348257 0.777319 -0.523919
vn 0.651234 0.724347 -0.226309
vn -0.017337 0.772146 -0.635209
vn 0.331003 0.845738 -0.418527
vn 0.589128 0.791039 -0.164881
vn -0.053616 0.828891 -0.556835
vn 0.344484 0.890747 -0.296479
vn 0.531452 0.839687 -0.111732
vn -0.078223 0.862767 -0.499514
vn 0.498756 0.862767 -0.082923
vn 0.000000 1.000000 0.000000
vn 0.000000 1.000000 0.000000
vn -0.340203 0.906259 0.250913
vn 0.418908 0.906259 -0.056668
vn -0.314398 0.897929 0.308022
vn -0.034816 0.972613 0.229809
vn 0.448514 0.893367 0.027025
vn -0.267591 0.875493 0.402376
vn 0.096204 0.948359 0.302257
vn 0.481503 0.865962 0.135145
vn -0.215480 0.841285 0.495790
vn 0.181395 0.904715 0.385469
vn 0.506692 0.829299 0.235642
vn -0.165114 0.800426 0.576243
vn 0.290400 0.852243 0.435143
vn 0.523124 0.790757 0.317875
vn -0.129472 0.767385 0.627979
vn 0.530084 0.767385 0.360737
vn 0.000000 1.000000 0.000000
vn 0.000000 1.000000 0.000000
vn 0.702344 0.711305 -0.027516
vn 0.199439 0.711305 -0.673995
vn 0.739167 0.670907 -0.059291
vn 0.615136 0.716815 -0.328304
vn 0.255725 0.653165 -0.712727
vn 0.795027 0.595991 -0.112811
vn 0.624820 0.634335 -0.455214
vn 0.325587 0.570016 -0.754371
vn 0.843449 0.510519 -0.167223
vn 0.650082 0.539294 -0.535310
vn 0.387564 0.484351 -0.784346
vn 0.878619 0.426159 -0.215448
vn 0.635558 0.448568 -0.628373
vn 0.436018 0.407860 -0.802209
vn 0.897355 0.365535 -0.247261
vn 0.460402 0.365535 -0.808959
vn 0.000000 1.000000 0.000000
vn 0.000000 1.000000 0.000000
vn -0.635254 0.771592 -0.033119
vn -0.076037 0.771592 -0.631556
vn -0.594109 0.804382 0.001948
vn -0.412865 0.882937 -0.223528
vn -0.022375 0.817177 -0.575953
vn -0.518634 0.852774 0.061603
vn -0.271209 0.937014 -0.220116
vn 0.047411 0.866443 -0.497020
vn -0.433534 0.892698 0.123039
vn -0.156542 0.971451 -0.178262
vn 0.112771 0.902234 -0.416240
vn -0.350363 0.919503 0.178216
vn -0.026759 0.985128 -0.169725
vn 0.166628 0.923886 -0.344486
vn -0.291030 0.932235 0.215036
vn 0.194846 0.932235 -0.304916
vn 0.000000 1.000000 0.000000
vn 0.000000 1.000000 0.000000
vn -0.404417 0.912141 0.066675
vn 0.397629 0.912141 -0.099447
vn -0.389185 0.912218 0.128035
vn -0.102165 0.990565 0.091340
vn 0.411895 0.911166 -0.010881
vn -0.359680 0.903958 0.231279
vn 0.014144 0.982009 0.188306
vn 0.425445 0.898989 0.103996
vn -0.324475 0.884179 0.336070
vn 0.083969 0.953271 0.290212
vn 0.432965 0.876302 0.211270
vn -0.288460 0.856119 0.428778
vn 0.183529 0.912838 0.364752
vn 0.435244 0.849063 0.299424
vn -0.261920 0.831534 0.489846
vn 0.434941 0.831534 0.345511
vn 0.000000 1.000000 0.000000
vn 0.000000 1.000000 0.000000
vn 0.122233 0.912207 0.391072
vn -0.146028 0.912207 -0.382823
vn 0.181111 0.911997 0.368048
vn 0.108008 0.990243 0.088051
vn -0.060056 0.910825 -0.408400
vn 0.279639 0.903252 0.325481
vn 0.189105 0.981151 -0.039787
vn 0.052053 0.898126 -0.436647
vn 0.378926 0.882975 0.277074
vn 0.281026 0.951896 -0.122142
vn 0.157367 0.874955 -0.457918
vn 0.466094 0.854470 0.229431
vn 0.341920 0.911039 -0.230432
vn 0.244371 0.847324 -0.471514
vn 0.523114 0.829591 0.195269
vn 0.290034 0.829592 -0.477135
vn 0.000000 1.000000 0.000000
vn 0.000000 1.000000 0.000000
vn 0.403657 0.166255 -0.899678
vn 0.944205 0.166256 -0.284315
vn 0.395841 0.228164 -0.889523
vn 0.640552 0.265679 -0.720492
vn 0.927371 0.253860 -0.274840
vn 0.378897 0.331420 -0.864058
vn 0.678606 0.380105 -0.628501
vn 0.894452 0.364328 -0.259271
vn 0.356550 0.434994 -0.826833
vn 0.671792 0.485996 -0.559020
vn 0.852220 0.464197 -0.241334
vn 0.332007 0.525472 -0.783359
vn 0.682376 0.569191 -0.458677
vn 0.808790 0.543763 -0.224012
vn 0.313085 0.584404 -0.748632
vn 0.782745 0.584404 -0.213969
vn 0.000000 1.000000 0.000000
vn 0.000000 1.000000 0.000000
vn -0.386397 0.873459 0.296256
vn -0.109248 0.873459 -0.474484
vn -0.328361 0.890657 0.314500
vn -0.230551 0.972106 0.043097
vn -0.029181 0.896810 -0.441453
vn -0.226578 0.911729 0.342656
vn -0.089114 0.996002 -0.006175
vn 0.074915 0.916324 -0.393367
vn -0.117646 0.922441 0.367780
vn 0.037575 0.999230 -0.011318
vn 0.172357 0.923376 -0.343030
vn -0.016073 0.922022 0.386804
vn 0.160163 0.985570 -0.054773
vn 0.252613 0.920684 -0.297537
vn 0.053844 0.916027 0.397486
vn 0.294645 0.916027 -0.272173
vn 0.000000 1.000000 0.000000
vn 0.000000 1.000000 0.000000
vn -0.338055 0.877735 0.339559
vn -0.145452 0.877735 -0.456536
vn -0.278119 0.893916 0.351518
vn -0.208755 0.975352 0.071483
vn -0.061922 0.899639 -0.432222
vn -0.173566 0.913227 0.368635
vn -0.073071 0.997299 0.007367
vn 0.047042 0.917242 -0.395542
vn -0.062409 0.922082 0.381929
vn 0.052360 0.998564 -0.011370
vn 0.149432 0.922476 -0.355961
vn 0.040599 0.919958 0.389909
vn 0.169325 0.983224 -0.067823
vn 0.234063 0.918264 -0.319384
vn 0.111154 0.912804 0.392981
vn 0.278499 0.912804 -0.298710
vn 0.000000 1.000000 0.000000
vn 0.000000 1.000000 0.000000
vn 0.426744 0.899777 0.091048
vn -0.384055 0.899778 0.207129
vn 0.415445 0.909138 0.029552
vn 0.128370 0.989908 0.060022
vn -0.392686 0.911984 0.118671
vn 0.392391 0.916705 -0.075370
vn 0.018300 0.998867 -0.043936
vn -0.399165 0.916875 0.002645
vn 0.363508 0.913272 -0.183839
vn -0.045497 0.987189 -0.152931
vn -0.400329 0.910098 -0.107044
vn 0.332874 0.899933 -0.281631
vn -0.140944 0.960890 -0.238381
vn -0.397572 0.895910 -0.198199
vn 0.309759 0.885195 -0.347102
vn -0.394708 0.885195 -0.246244
vn 0.000000 1.000000 0.000000
vn 0.000000 1.000000 0.000000
vn 0.072435 0.623804 -0.778217
vn 0.727281 0.623804 -0.286235
vn 0.047992 0.669156 -0.741570
vn 0.303060 0.739742 -0.600780
vn 0.686147 0.687383 -0.238130
vn 0.005958 0.740177 -0.672386
vn 0.325078 0.818773 -0.473218
vn 0.624637 0.761522 -0.172954
vn -0.037945 0.805086 -0.591944
vn 0.303133 0.880448 -0.364585
vn 0.558738 0.822123 -0.109204
vn -0.077933 0.855859 -0.511304
vn 0.312562 0.919079 -0.239997
vn 0.498161 0.865362 -0.054626
vn -0.104935 0.885458 -0.452718
vn 0.464033 0.885458 -0.025256
vn 0.000000 1.000000 0.000000
vn 0.000000 1.000000 0.000000
vn -0.104438 0.877808 0.467488
vn -0.366389 0.877808 -0.308565
vn -0.047362 0.893971 0.445615
vn -0.138116 0.975409 0.171760
vn -0.282761 0.899688 -0.332578
vn 0.050201 0.913252 0.404291
vn -0.057576 0.997321 0.045126
vn -0.171031 0.917257 -0.359705
vn 0.151305 0.922074 0.356212
vn 0.038506 0.998549 -0.037656
vn -0.063310 0.922457 -0.380874
vn 0.242681 0.919917 0.307992
vn 0.107296 0.983178 -0.147815
vn 0.027780 0.918215 -0.395106
vn 0.303983 0.912741 0.272944
vn 0.076386 0.912741 -0.401334
vn 0.000000 1.000000 0.000000
vn 0.000000 1.000000 0.000000
vn 0.040997 0.879803 0.473567
vn 0.394390 0.879803 -0.265336
vn 0.096760 0.862051 0.497498
vn 0.260457 0.930928 0.255999
vn 0.469982 0.853581 -0.224759
vn 0.190762 0.823913 0.533645
vn 0.401527 0.889273 0.219021
vn 0.562292 0.809382 -0.169494
vn 0.286418 0.773970 0.564743
vn 0.513416 0.829552 0.219651
vn 0.642539 0.757550 -0.115158
vn 0.371272 0.719377 0.587072
vn 0.619313 0.764470 0.178989
vn 0.703962 0.706933 -0.068434
vn 0.427299 0.677399 0.598787
vn 0.734345 0.677399 -0.043211
vn 0.000000 1.000000 0.000000
vn 0.000000 1.000000 0.000000
vn 0.383522 0.911711 0.147287
vn -0.355302 0.911711 -0.206259
vn 0.408523 0.908367 0.089317
vn 0.159725 0.985391 -0.059100
vn -0.313102 0.905884 -0.285204
vn 0.447314 0.894319 -0.010154
vn 0.125623 0.970428 -0.206125
vn -0.254672 0.887482 -0.384081
vn 0.482235 0.868625 -0.113751
vn 0.131033 0.935562 -0.327954
vn -0.196285 0.859060 -0.472746
vn 0.509001 0.835298 -0.207837
vn 0.095946 0.890143 -0.445465
vn -0.145398 0.827164 -0.542825
vn 0.524248 0.807219 -0.271222
vn -0.117682 0.807219 -0.578401
vn 0.000000 1.000000 0.000000
vn 0.000000 1.000000 0.000000
vn -0.898619 0.438137 -0.022775
vn -0.507112 0.438137 -0.742208
vn -0.869956 0.493029 -0.009989
vn -0.782090 0.551251 -0.290617
vn -0.469207 0.515463 -0.717037
vn -0.813179 0.581892 0.011861
vn -0.678856 0.649915 -0.341709
vn -0.414481 0.609462 -0.675841
vn -0.743944 0.667351 0.034492
vn -0.584472 0.734575 -0.344662
vn -0.357613 0.690718 -0.628508
vn -0.671921 0.738582 0.054938
vn -0.473646 0.795408 -0.378134
vn -0.306495 0.752543 -0.582871
vn -0.618253 0.782975 0.068653
vn -0.278090 0.782974 -0.556432
vn 0.000000 1.000000 0.000000
vn 0.000000 1.000000 0.000000
vn -0.425800 0.900523 0.088052
vn 0.273943 0.900523 -0.337660
vn -0.391191 0.909570 0.140186
vn -0.139043 0.990286 -0.000423
vn 0.316714 0.912283 -0.259675
vn -0.328697 0.916598 0.227609
vn 0.003072 0.998648 0.051885
vn 0.368331 0.916592 -0.155535
vn -0.259479 0.912604 0.315949
vn 0.104574 0.986383 0.126937
vn 0.412537 0.909268 -0.055180
vn -0.192876 0.898756 0.393746
vn 0.225874 0.959590 0.167832
vn 0.445828 0.894628 0.029647
vn -0.145906 0.883676 0.444779
vn 0.462069 0.883676 0.074898
vn 0.000000 1.000000 0.000000
vn 0.000000 1.000000 0.000000
vn 0.046789 0.906355 0.419918
vn -0.241416 0.906355 -0.346755
vn 0.104773 0.912478 0.395482
vn 0.016997 0.992595 0.120279
vn -0.156428 0.913960 -0.374442
vn 0.202484 0.914503 0.350262
vn 0.095056 0.995424 -0.009726
vn -0.044436 0.912868 -0.405830
vn 0.301866 0.905320 0.298784
vn 0.187014 0.977727 -0.095262
vn 0.061952 0.900488 -0.430445
vn 0.389975 0.886781 0.248069
vn 0.248474 0.946400 -0.206367
vn 0.150761 0.881684 -0.447106
vn 0.448131 0.868547 0.211669
vn 0.197724 0.868548 -0.454456
vn 0.000000 1.000000 0.000000
vn 0.000000 1.000000 0.000000
vn -0.050871 0.420653 -0.905794
vn 0.699575 0.420652 -0.577622
vn -0.060662 0.476204 -0.877240
vn 0.226986 0.533175 -0.814986
vn 0.678436 0.498937 -0.539245
vn -0.076765 0.566357 -0.820577
vn 0.287636 0.633258 -0.718505
vn 0.642922 0.594392 -0.483064
vn -0.092607 0.653362 -0.751360
vn 0.299436 0.719675 -0.626423
vn 0.601367 0.677210 -0.423964
vn -0.106156 0.726161 -0.679279
vn 0.342854 0.782260 -0.520116
vn 0.560843 0.740469 -0.370353
vn -0.114813 0.771707 -0.625529
vn 0.537215 0.771707 -0.340395
vn 0.000000 1.000000 0.000000
vn 0.000000 1.000000 0.000000
vn 0.432592 0.852831 -0.292477
vn 0.185063 0.852832 0.488293
vn 0.375193 0.874251 -0.308083
vn 0.293255 0.955518 -0.031412
vn 0.105553 0.882197 0.458898
vn 0.274059 0.902662 -0.331804
vn 0.155672 0.987522 0.023817
vn 0.001273 0.909677 0.415315
vn 0.165226 0.921133 -0.352440
vn 0.029766 0.998980 0.033946
vn -0.097294 0.924336 0.368967
vn 0.063214 0.927869 -0.367510
vn -0.091750 0.992414 0.081836
vn -0.179197 0.928025 0.326587
vn -0.007293 0.926756 -0.375593
vn -0.222361 0.926756 0.302785
vn 0.000000 1.000000 0.000000
vn 0.000000 1.000000 0.000000
vn 0.432685 0.842628 -0.320564
vn 0.248769 0.842628 0.477590
vn 0.374878 0.865837 -0.331349
vn 0.317860 0.946900 -0.048431
vn 0.168061 0.874544 0.454895
vn 0.273050 0.897372 -0.346652
vn 0.186162 0.982356 0.017917
vn 0.061474 0.905421 0.420039
vn 0.163498 0.919168 -0.358329
vn 0.061864 0.997352 0.038231
vn -0.040029 0.923345 0.381880
vn 0.060847 0.928982 -0.365088
vn -0.055555 0.993858 0.095705
vn -0.124924 0.929783 0.346262
vn -0.010076 0.929979 -0.367474
vn -0.169874 0.929979 0.326009
vn 0.000000 1.000000 0.000000
vn 0.000000 1.000000 0.000000
vn 0.244856 0.911946 -0.329240
vn -0.202524 0.911946 0.356845
vn 0.190590 0.912615 -0.361677
vn 0.014967 0.991165 -0.131789
vn -0.275417 0.911809 0.304548
vn 0.096496 0.905356 -0.413545
vn -0.135853 0.983719 -0.117648
vn -0.366556 0.900710 0.233148
vn -0.002807 0.886605 -0.462519
vn -0.257584 0.956049 -0.140072
vn -0.448137 0.879022 0.162766
vn -0.094184 0.859464 -0.502445
vn -0.380948 0.916489 -0.122177
vn -0.512493 0.852598 0.102116
vn -0.156405 0.835491 -0.526775
vn -0.545113 0.835491 0.069332
vn 0.000000 1.000000 0.000000
vn 0.000000 1.000000 0.000000
vn -0.367084 0.912129 -0.182400
vn 0.350153 0.912130 0.213102
vn -0.395409 0.909834 -0.125915
vn -0.154953 0.987285 0.035461
vn 0.303428 0.907788 0.289573
vn -0.439970 0.897556 -0.028647
vn -0.129486 0.974283 0.184407
vn 0.239264 0.891290 0.385169
vn -0.480994 0.873669 0.073120
vn -0.142171 0.941288 0.306210
vn 0.175648 0.864619 0.470725
vn -0.513395 0.841947 0.165984
vn -0.114270 0.897384 0.426199
vn 0.120560 0.834142 0.538212
vn -0.532487 0.814932 0.228784
vn 0.090685 0.814932 0.572418
vn 0.000000 1.000000 0.000000
vn 0.000000 1.000000 0.000000
vn 0.739850 0.519323 0.427698
vn 0.040244 0.519323 0.853630
vn 0.718579 0.570639 0.397511
vn 0.498459 0.634492 0.590728
vn 0.016015 0.591484 0.806158
vn 0.675770 0.652717 0.342483
vn 0.378349 0.725699 0.574641
vn -0.015570 0.677897 0.734992
vn 0.622785 0.730238 0.280874
vn 0.290853 0.801392 0.522662
vn -0.045227 0.751133 0.658599
vn 0.567080 0.793449 0.221039
vn 0.175119 0.853394 0.490970
vn -0.069722 0.805651 0.588274
vn 0.525282 0.831986 0.178544
vn -0.082575 0.831986 0.548617
vn 0.000000 1.000000 0.000000
vn 0.000000 1.000000 0.000000
vn 0.591805 0.653603 0.471772
vn -0.184107 0.653603 0.734103
vn 0.574729 0.696895 0.428979
vn 0.313405 0.769264 0.556785
vn -0.201467 0.714224 0.670294
vn 0.540383 0.764156 0.352210
vn 0.194587 0.844153 0.499541
vn -0.221547 0.784214 0.579590
vn 0.497893 0.824851 0.267810
vn 0.116483 0.901190 0.417479
vn -0.237771 0.840611 0.486660
vn 0.453239 0.871523 0.187143
vn 0.007828 0.935483 0.353287
vn -0.249181 0.880143 0.404051
vn 0.419745 0.898204 0.130547
vn -0.254411 0.898205 0.358474
vn 0.000000 1.000000 0.000000
vn 0.000000 1.000000 0.000000
vn -0.341471 0.903093 -0.260422
vn 0.429098 0.903093 0.017242
vn -0.360397 0.910971 -0.200613
vn -0.093199 0.991470 -0.091113
vn 0.395152 0.913193 0.099671
vn -0.389284 0.915997 -0.096987
vn -0.044788 0.997617 0.052490
vn 0.346438 0.915339 0.205270
vn -0.414598 0.909922 0.012258
vn -0.039445 0.983169 0.178386
vn 0.296095 0.905985 0.302522
vn -0.433280 0.894188 0.112673
vn 0.005010 0.954552 0.298002
vn 0.251041 0.889670 0.381399
vn -0.443439 0.877842 0.180984
vn 0.226076 0.877842 0.422235
vn 0.000000 1.000000 0.000000
vn 0.000000 1.000000 0.000000
vn -0.473528 0.730561 0.491988
vn -0.605102 0.730561 -0.316437
vn -0.423363 0.767525 0.481321
vn -0.497031 0.844127 0.201021
vn -0.532110 0.782116 -0.324273
vn -0.334097 0.823371 0.458737
vn -0.412272 0.906428 0.091761
vn -0.431158 0.839551 -0.330541
vn -0.236888 0.871432 0.429523
vn -0.312076 0.949670 0.027120
vn -0.330389 0.883392 -0.332358
vn -0.144779 0.905955 0.397850
vn -0.227349 0.971285 -0.070125
vn -0.242653 0.911977 -0.330783
vn -0.080578 0.924075 0.373620
vn -0.194897 0.924075 -0.328785
vn 0.000000 1.000000 0.000000
vn 0.000000 1.000000 0.000000
vn 0.075023 0.904459 -0.419911
vn 0.162271 0.904459 0.394489
vn 0.012876 0.911649 -0.410768
vn 0.030367 0.992004 -0.122499
vn 0.073193 0.913580 0.400019
vn -0.092997 0.915496 -0.391432
vn -0.077671 0.996848 -0.016161
vn -0.043095 0.914453 0.402392
vn -0.202235 0.908199 -0.366436
vn -0.188385 0.981124 0.043680
vn -0.152450 0.903910 0.399631
vn -0.300526 0.891364 -0.339346
vn -0.276195 0.951440 0.135932
vn -0.242904 0.886618 0.393581
vn -0.366228 0.874274 -0.318624
vn -0.290423 0.874274 0.388972
vn 0.000000 1.000000 0.000000
vn 0.000000 1.000000 0.000000
vn -0.446239 0.894741 -0.017599
vn 0.317169 0.894741 -0.314393
vn -0.421412 0.906011 0.039442
vn -0.149608 0.987066 -0.057600
vn 0.345470 0.909661 -0.230582
vn -0.375286 0.916856 0.136148
vn -0.018963 0.999651 0.018404
vn 0.378000 0.918096 -0.119230
vn -0.322555 0.916838 0.235300
vn 0.067985 0.991560 0.110390
vn 0.404046 0.914653 -0.012512
vn -0.270426 0.906604 0.323944
vn 0.180588 0.968279 0.172697
vn 0.422158 0.903223 0.077264
vn -0.232921 0.893957 0.382869
vn 0.430367 0.893957 0.124997
vn 0.000000 1.000000 0.000000
vn 0.000000 1.000000 0.000000
vn 0.883393 0.331271 -0.331475
vn 0.809779 0.331271 0.484271
vn 0.859324 0.389733 -0.331167
vn 0.897130 0.440121 -0.038091
vn 0.775309 0.413790 0.477153
vn 0.810458 0.485632 -0.327595
vn 0.835900 0.546507 0.050992
vn 0.721362 0.515746 0.462215
vn 0.749497 0.579626 -0.319825
vn 0.761998 0.640979 0.092223
vn 0.661410 0.605691 0.442352
vn 0.685033 0.659683 -0.309108
vn 0.682069 0.711796 0.167717
vn 0.604870 0.675604 0.421536
vn 0.636486 0.710625 -0.299830
vn 0.572526 0.710625 0.408933
vn 0.000000 1.000000 0.000000
vn 0.000000 1.000000 0.000000
vn -0.461903 0.861835 -0.209491
vn 0.339964 0.861834 -0.376385
vn -0.447251 0.881532 -0.151220
vn -0.165462 0.962919 -0.213097
vn 0.353481 0.888742 -0.291872
vn -0.418215 0.906933 -0.050682
vn -0.049715 0.991602 -0.119387
vn 0.366759 0.912954 -0.178891
vn -0.382770 0.922219 0.054766
vn 0.020884 0.999679 -0.014333
vn 0.374740 0.924492 -0.069893
vn -0.345869 0.926017 0.151223
vn 0.122136 0.990188 0.067894
vn 0.377943 0.925559 0.022339
vn -0.318363 0.922895 0.216587
vn 0.378340 0.922895 0.071581
vn 0.000000 1.000000 0.000000
vn 0.000000 1.000000 0.000000
vn -0.414894 0.908421 0.051334
vn 0.361178 0.908420 -0.210529
vn -0.392413 0.913160 0.110234
vn -0.113809 0.992935 0.033570
vn 0.385994 0.914061 -0.124508
vn -0.350548 0.912823 0.209452
vn 0.013467 0.993151 0.116055
vn 0.413524 0.910420 -0.011556
vn -0.302564 0.901197 0.310320
vn 0.095683 0.972902 0.210490
vn 0.434398 0.895662 0.095333
vn -0.255023 0.880455 0.399702
vn 0.204397 0.939457 0.275032
vn 0.447879 0.874905 0.184244
vn -0.220769 0.860749 0.458663
vn 0.453524 0.860749 0.231142
vn 0.000000 1.000000 0.000000
vn 0.000000 1.000000 0.000000
vn 0.574880 0.743443 0.341768
vn -0.187147 0.743443 0.642082
vn 0.553479 0.779171 0.294201
vn 0.294547 0.856417 0.424019
vn -0.210756 0.793231 0.571285
vn 0.511964 0.832803 0.210550
vn 0.169240 0.916273 0.363045
vn -0.238818 0.848235 0.472720
vn 0.462357 0.878437 0.120729
vn 0.084423 0.956881 0.277940
vn -0.262375 0.889671 0.373691
vn 0.411547 0.910649 0.036704
vn -0.028783 0.976113 0.215348
vn -0.279721 0.916180 0.287004
vn 0.374078 0.927153 -0.021276
vn -0.288016 0.927153 0.239653
vn 0.000000 1.000000 0.000000
vn 0.000000 1.000000 0.000000
vn -0.165681 0.741132 -0.650595
vn 0.586567 0.741132 -0.326593
vn -0.183959 0.777085 -0.601911
vn 0.091355 0.854213 -0.511834
vn 0.553511 0.791240 -0.259932
vn -0.213374 0.831120 -0.513527
vn 0.137382 0.914518 -0.380502
vn 0.504050 0.846689 -0.170443
vn -0.241410 0.877199 -0.415022
vn 0.137643 0.955610 -0.260506
vn 0.451037 0.888567 -0.083753
vn -0.264522 0.909836 -0.319730
vn 0.173874 0.975277 -0.136394
vn 0.402288 0.915457 -0.010141
vn -0.278770 0.926637 -0.252254
vn 0.374818 0.926637 0.029255
vn 0.000000 1.000000 0.000000
vn 0.000000 1.000000 0.000000
vn -0.129983 0.839136 0.528161
vn -0.506026 0.839136 -0.199470
vn -0.079123 0.862927 0.499096
vn -0.219361 0.943904 0.246832
vn -0.430075 0.871878 -0.234229
vn 0.008151 0.895471 0.445045
vn -0.162163 0.980477 0.111208
vn -0.326524 0.903855 -0.276457
vn 0.099047 0.918343 0.383192
vn -0.080657 0.996623 0.015384
vn -0.224603 0.922838 -0.312927
vn 0.181607 0.929162 0.321988
vn -0.028266 0.994132 -0.104414
vn -0.136880 0.930175 -0.340645
vn 0.237229 0.930848 0.277928
vn -0.089497 0.930848 -0.354277
vn 0.000000 1.000000 0.000000
vn 0.000000 1.000000 0.000000
vn -0.416333 0.904631 -0.091160
vn 0.400990 0.904631 -0.144397
vn -0.409787 0.911730 -0.028675
vn -0.121035 0.992065 -0.034024
vn 0.402804 0.913623 -0.055152
vn -0.394880 0.915423 0.077915
vn -0.019291 0.996739 0.078355
vn 0.400331 0.914330 0.061131
vn -0.374459 0.907966 0.188089
vn 0.035884 0.980847 0.191446
vn 0.393014 0.903631 0.170267
vn -0.351487 0.890985 0.287405
vn 0.124393 0.951023 0.282987
vn 0.383197 0.886211 0.260366
vn -0.333523 0.873800 0.353887
vn 0.376611 0.873800 0.307632
vn 0.000000 1.000000 0.000000
vn 0.000000 1.000000 0.000000
vn 0.189198 0.910562 0.367533
vn -0.083108 0.910562 -0.404931
vn 0.247774 0.905588 0.344264
vn 0.178712 0.981900 0.062720
vn 0.002395 0.902424 -0.430842
vn 0.345171 0.888792 0.301504
vn 0.258176 0.963895 -0.065199
vn 0.113141 0.881072 -0.459251
vn 0.442462 0.860303 0.253193
vn 0.347273 0.926140 -0.147193
vn 0.216403 0.849939 -0.480388
vn 0.527086 0.824491 0.205900
vn 0.404442 0.878386 -0.254686
vn 0.301138 0.815851 -0.493662
vn 0.581985 0.794775 0.172122
vn 0.345392 0.794775 -0.499036
vn 0.000000 1.000000 0.000000
vn 0.000000 1.000000 0.000000
vn -0.177814 0.178117 -0.967810
vn 0.616282 0.178116 -0.767119
vn -0.178700 0.239855 -0.954220
vn 0.118591 0.278324 -0.953138
vn 0.607498 0.265465 -0.748648
vn -0.178565 0.342711 -0.922314
vn 0.201702 0.392314 -0.897444
vn 0.588840 0.375457 -0.715751
vn -0.176218 0.445724 -0.877654
vn 0.235124 0.497518 -0.834980
vn 0.563887 0.474740 -0.675761
vn -0.172095 0.535574 -0.826767
vn 0.300438 0.579939 -0.757237
vn 0.537660 0.553720 -0.635858
vn -0.168196 0.594014 -0.786675
vn 0.521759 0.594014 -0.612303
vn 0.000000 1.000000 0.000000
vn 0.000000 1.000000 0.000000
vn -0.251546 0.893065 -0.373041
vn 0.446499 0.893065 0.055434
vn -0.281901 0.904907 -0.318865
vn -0.039849 0.986030 -0.161729
vn 0.396945 0.908798 0.128537
vn -0.330968 0.916735 -0.223734
vn -0.021308 0.999703 -0.011820
vn 0.327979 0.918297 0.221721
vn -0.378042 0.917744 -0.121776
vn -0.042018 0.992693 0.113116
vn 0.258728 0.915858 0.307025
vn -0.417155 0.908447 -0.026579
vn -0.023648 0.970324 0.240649
vn 0.198132 0.905261 0.375827
vn -0.441458 0.896433 0.039022
vn 0.165040 0.896433 0.411303
vn 0.000000 1.000000 0.000000
vn 0.000000 1.000000 0.000000
vn -0.283306 0.905377 0.316276
vn 0.082635 0.905377 -0.416490
vn -0.225999 0.912068 0.342134
vn -0.084622 0.992316 0.090270
vn 0.160681 0.913791 -0.373053
vn -0.126400 0.915065 0.382987
vn 0.063745 0.996218 0.059043
vn 0.259871 0.913745 -0.312307
vn -0.020991 0.906886 0.420853
vn 0.189138 0.979570 0.068339
vn 0.350385 0.902342 -0.251015
vn 0.076266 0.889251 0.451017
vn 0.312635 0.949116 0.037940
vn 0.423156 0.884340 -0.197183
vn 0.142634 0.871628 0.468957
vn 0.460584 0.871628 -0.167712
vn 0.000000 1.000000 0.000000
vn 0.000000 1.000000 0.000000
vn 0.843303 0.332274 -0.422415
vn 0.855769 0.332274 0.396552
vn 0.819329 0.390708 -0.419579
vn 0.887648 0.441172 -0.132093
vn 0.820644 0.414752 0.393096
vn 0.770997 0.486550 -0.410894
vn 0.835988 0.547495 -0.037071
vn 0.765307 0.516642 0.383909
vn 0.711079 0.580470 -0.396763
vn 0.766714 0.641883 0.011697
vn 0.703495 0.606513 0.370454
vn 0.648001 0.660455 -0.379333
vn 0.695070 0.712615 0.095170
vn 0.644998 0.676359 0.355692
vn 0.600636 0.711342 -0.365006
vn 0.611467 0.711342 0.346556
vn 0.000000 1.000000 0.000000
vn 0.000000 1.000000 0.000000
vn 0.473471 0.877041 0.081385
vn -0.287197 0.877042 0.385118
vn 0.448551 0.893390 0.025635
vn 0.180127 0.974831 0.131372
vn -0.315690 0.899185 0.302993
vn 0.402009 0.912996 -0.069479
vn 0.049327 0.997103 0.057894
vn -0.348831 0.917109 0.192948
vn 0.348514 0.922161 -0.167802
vn -0.038553 0.998693 -0.033549
vn -0.375816 0.922644 0.086550
vn 0.295398 0.920318 -0.256428
vn -0.152304 0.983631 -0.096294
vn -0.394982 0.918682 -0.003644
vn 0.257062 0.913355 -0.315756
vn -0.403848 0.913355 -0.051855
vn 0.000000 1.000000 0.000000
vn 0.000000 1.000000 0.000000
vn 0.462078 0.868600 0.178933
vn -0.335690 0.868600 0.364480
vn 0.445974 0.886885 0.120595
vn 0.165265 0.968326 0.187170
vn -0.351306 0.893498 0.279723
vn 0.414466 0.909840 0.020211
vn 0.047218 0.994303 0.095559
vn -0.367332 0.915055 0.166556
vn 0.376493 0.922538 -0.084710
vn -0.025844 0.999634 -0.007980
vn -0.377910 0.924053 0.057533
vn 0.337344 0.923946 -0.180339
vn -0.128929 0.987779 -0.087580
vn -0.383269 0.922989 -0.034598
vn 0.308348 0.919195 -0.244952
vn -0.384796 0.919195 -0.083738
vn 0.000000 1.000000 0.000000
vn 0.000000 1.000000 0.000000
vn 0.559676 0.820534 0.116129
vn -0.131006 0.820534 0.556382
vn 0.526803 0.847169 0.069154
vn 0.290375 0.927619 0.234960
vn -0.171563 0.857333 0.485332
vn 0.466017 0.884702 -0.011425
vn 0.151177 0.969704 0.191883
vn -0.222059 0.894744 0.387458
vn 0.396878 0.912910 -0.095302
vn 0.048883 0.991551 0.120157
vn -0.267016 0.918976 0.290148
vn 0.328817 0.928702 -0.171442
vn -0.075161 0.994053 0.078804
vn -0.302296 0.930759 0.205680
vn 0.279994 0.933808 -0.222722
vn -0.320107 0.933808 0.159792
vn 0.000000 1.000000 0.000000
vn 0.000000 1.000000 0.000000
vn -0.186134 0.828350 -0.528384
vn 0.539938 0.828351 -0.149339
vn -0.210697 0.853837 -0.475993
vn 0.050188 0.934525 -0.352342
vn 0.498247 0.863510 -0.078101
vn -0.250558 0.889348 -0.382467
vn 0.081900 0.974376 -0.209485
vn 0.438270 0.898716 0.015122
vn -0.289022 0.915390 -0.280229
vn 0.070565 0.993906 -0.084681
vn 0.376134 0.920818 0.103039
vn -0.321206 0.929161 -0.182992
vn 0.096576 0.994375 0.043487
vn 0.320419 0.930794 0.175940
vn -0.341338 0.932875 -0.115028
vn 0.289511 0.932876 0.214306
vn 0.000000 1.000000 0.000000
vn 0.000000 1.000000 0.000000
vn -0.408534 0.404693 0.818122
vn -0.899848 0.404693 0.162780
vn -0.386820 0.460824 0.798756
vn -0.607334 0.516642 0.603511
vn -0.863779 0.483820 0.140727
vn -0.346312 0.552104 0.758452
vn -0.614152 0.617961 0.490858
vn -0.806702 0.580542 0.110470
vn -0.299798 0.640459 0.707060
vn -0.580417 0.705923 0.405942
vn -0.742732 0.664732 0.080501
vn -0.253643 0.714648 0.651877
vn -0.566809 0.770067 0.292788
vn -0.682054 0.729263 0.054571
vn -0.220348 0.761220 0.609911
vn -0.647227 0.761220 0.040516
vn 0.000000 1.000000 0.000000
vn 0.000000 1.000000 0.000000
vn 0.504939 0.830599 0.234822
vn -0.275280 0.830599 0.484072
vn 0.484948 0.855742 0.180364
vn 0.213374 0.936496 0.278292
vn -0.296628 0.865270 0.404127
vn 0.446466 0.890655 0.086033
vn 0.089474 0.975685 0.200085
vn -0.320733 0.899824 0.295713
vn 0.400831 0.916054 -0.013382
vn 0.008732 0.994528 0.104109
vn -0.339529 0.921292 0.189580
vn 0.354360 0.929225 -0.104741
vn -0.100646 0.994394 0.032415
vn -0.352152 0.930730 0.098641
vn 0.320224 0.932526 -0.166890
vn -0.357671 0.932526 0.049672
vn 0.000000 1.000000 0.000000
vn 0.000000 1.000000 0.000000
vn -0.261824 0.799182 -0.541069
vn 0.520928 0.799182 -0.299903
vn -0.275909 0.828698 -0.486963
vn 0.004744 0.908395 -0.418085
vn 0.493637 0.840092 -0.224874
vn -0.297341 0.871302 -0.390411
vn 0.062739 0.956081 -0.286308
vn 0.452364 0.883034 -0.124970
vn -0.316014 0.904964 -0.284913
vn 0.074704 0.983775 -0.163114
vn 0.407733 0.912641 -0.028999
vn -0.329679 0.925863 -0.184633
vn 0.123602 0.991440 -0.042062
vn 0.366430 0.928997 0.051899
vn -0.337031 0.934497 -0.114565
vn 0.343067 0.934497 0.094974
vn 0.000000 1.000000 0.000000
vn 0.000000 1.000000 0.000000
vn -0.238524 0.705133 0.667752
vn -0.709069 0.705134 -0.002648
vn -0.199425 0.744372 0.637291
vn -0.390632 0.819642 0.419038
vn -0.648750 0.759944 -0.040111
vn -0.131048 0.804304 0.579587
vn -0.364309 0.886454 0.285443
vn -0.562810 0.821869 -0.088178
vn -0.058128 0.856863 0.512256
vn -0.303963 0.934588 0.184804
vn -0.474604 0.870169 -0.132503
vn 0.009627 0.895687 0.444582
vn -0.270936 0.960664 0.060984
vn -0.396067 0.902628 -0.168505
vn 0.056148 0.916833 0.395304
vn -0.352684 0.916832 -0.187170
vn 0.000000 1.000000 0.000000
vn 0.000000 1.000000 0.000000
vn -0.501323 0.853842 0.140106
vn -0.016795 0.853842 -0.520262
vn -0.451892 0.875075 0.173311
vn -0.285465 0.956356 -0.062394
vn 0.049185 0.882941 -0.466901
vn -0.363614 0.903161 0.228223
vn -0.137363 0.988002 -0.070595
vn 0.134086 0.910069 -0.392168
vn -0.267073 0.921289 0.282662
vn -0.014811 0.999096 -0.039846
vn 0.212658 0.924392 -0.316664
vn -0.175239 0.927708 0.329620
vn 0.115625 0.992213 -0.046307
vn 0.276681 0.927798 -0.250278
vn -0.111039 0.926378 0.359853
vn 0.309945 0.926378 -0.213911
vn 0.000000 1.000000 0.000000
vn 0.000000 1.000000 0.000000
vn 0.323771 0.899648 0.292927
vn -0.436454 0.899648 -0.011906
vn 0.344725 0.909062 0.234033
vn 0.080844 0.989840 0.116964
vn -0.399713 0.911930 -0.092810
vn 0.377213 0.916722 0.131648
vn 0.037491 0.998902 -0.028094
vn -0.347315 0.916922 -0.196536
vn 0.406433 0.913384 0.023255
vn 0.036740 0.987325 -0.154403
vn -0.293477 0.910238 -0.292126
vn 0.428798 0.900133 -0.076762
vn -0.003193 0.961111 -0.276143
vn -0.245513 0.896129 -0.369698
vn 0.441515 0.885456 -0.145023
vn -0.219013 0.885456 -0.409879
vn 0.000000 1.000000 0.000000
vn 0.000000 1.000000 0.000000
vn -0.445156 0.479897 -0.755999
vn 0.373025 0.479897 -0.794073
vn -0.441101 0.533050 -0.722002
vn -0.155418 0.594209 -0.789152
vn 0.371331 0.554712 -0.744585
vn -0.430140 0.618597 -0.657508
vn -0.057977 0.689227 -0.722222
vn 0.364690 0.644993 -0.671555
vn -0.413401 0.700149 -0.582144
vn -0.006331 0.769457 -0.638668
vn 0.353881 0.722295 -0.594188
vn -0.393389 0.767411 -0.506287
vn 0.079879 0.825895 -0.558136
vn 0.341499 0.780498 -0.523643
vn -0.377200 0.808891 -0.451016
vn 0.333686 0.808891 -0.484097
vn 0.000000 1.000000 0.000000
usemtl leaf_0
f 1295//1295 1298//1298 1296//1296
f 1296//1296 1298//1298 1299//1299
f 1296//1296 1299//1299 1297//1297
f 1297//1297 1299//1299 1300//1300
f 1298//1298 1301//1301 1299//1299
f 1299//1299 1301//1301 1302//1302
f 1299//1299 1302//1302 1300//1300
f 1300//1300 1302//1302 1303//1303
f 1301//1301 1304//1304 1302//1302
f 1302//1302 1304//1304 1305//1305
f 1302//1302 1305//1305 1303//1303
f 1303//1303 1305//1305 1306//1306
f 1304//1304 1307//1307 1305//1305
f 1305//1305 1307//1307 1308//1308
f 1305//1305 1308//1308 1306//1306
f 1306//1306 1308//1308 1309//1309
f 1307//1307 1310//1310 1308//1308
f 1308//1308 1310//1310 1311//1311
f 1308//1308 1311//1311 1309//1309
f 1309//1309 1311//1311 1312//1312
usemtl leaf_1
f 1313//1313 1316//1316 1314//1314
f 1314//1314 1316//1316 1317//1317
f 1314//1314 1317//1317 1315//1315
f 1315//1315 1317//1317 1318//1318
f 1316//1316 1319//1319 1317//1317
f 1317//1317 1319//1319 1320//1320
f 1317//1317 1320//1320 1318//1318
f 1318//1318 1320//1320 1321//1321
f 1319//1319 1322//1322 1320//1320
f 1320//1320 1322//1322 1323//1323
f 1320//1320 1323//1323 1321//1321
f 1321//1321 1323//1323 1324//1324
f 1322//1322 1325//1325 1323//1323
f 1323//1323 1325//1325 1326//1326
f 1323//1323 1326//1326 1324//1324
f 1324//1324 1326//1326 1327//1327
f 1325//1325 1328//1328 1326//1326
f 1326//1326 1328//1328 1329//1329
f 1326//1326 1329//1329 1327//1327
f 1327//1327 1329//1329 1330//1330
usemtl leaf_2
f 1331//1331 1334//1334 1332//1332
f 1332//1332 1334//1334 1335//1335
f 1332//1332 1335//1335 1333//1333
f 1333//1333 1335//1335 1336//1336
f 1334//1334 1337//1337 1335//1335
f 1335//1335 1337//1337 1338//1338
f 1335//1335 1338//1338 1336//1336
f 1336//1336 1338//1338 1339//1339
f 1337//1337 1340//1340 1338//1338
f 1338//1338 1340//1340 1341//1341
f 1338//1338 1341//1341 1339//1339
f 1339//1339 1341//1341 1342//1342
f 1340//1340 1343//1343 1341//1341
f 1341//1341 1343//1343 1344//1344
f 1341//1341 1344//1344 1342//1342
f 1342//1342 1344//1344 1345//1345
f 1343//1343 1346//1346 1344//1344
f 1344//1344 1346//1346 1347//1347
f 1344//1344 1347//1347 1345//1345
f 1345//1345 1347//1347 1348//1348
usemtl leaf_3
f 1349//1349 1352//1352 1350//1350
f 1350//1350 1352//1352 1353//1353
f 1350//1350 1353//1353 1351//1351
f 1351//1351 1353//1353 1354//1354
f 1352//1352 1355//1355 1353//1353
f 1353//1353 1355//1355 1356//1356
f 1353//1353 1356//1356 1354//1354
f 1354//1354 1356//1356 1357//1357
f 1355//1355 1358//1358 1356//1356
f 1356//1356 1358//1358 1359//1359
f 1356//1356 1359//1359 1357//1357
f 1357//1357 1359//1359 1360//1360
f 1358//1358 1361//1361 1359//1359
f 1359//1359 1361//1361 1362//1362
f 1359//1359 1362//1362 1360//1360
f 1360//1360 1362//1362 1363//1363
f 1361//1361 1364//1364 1362//1362
f 1362//1362 1364//1364 1365//1365
f 1362//1362 1365//1365 1363//1363
f 1363//1363 1365//1365 1366//1366
usemtl leaf_0
f 1367//1367 1370//1370 1368//1368
f 1368//1368 1370//1370 1371//1371
f 1368//1368 1371//1371 1369//1369
f 1369//1369 1371//1371 1372//1372
f 1370//1370 1373//1373 1371//1371
f 1371//1371 1373//1373 1374//1374
f 1371//1371 1374//1374 1372//1372
f 1372//1372 1374//1374 1375//1375
f 1373//1373 1376//1376 1374//1374
f 1374//1374 1376//1376 1377//1377
f 1374//1374 1377//1377 1375//1375
f 1375//1375 1377//1377 1378//1378
f 1376//1376 1379//1379 1377//1377
f 1377//1377 1379//1379 1380//1380
f 1377//1377 1380//1380 1378//1378
f 1378//1378 1380//1380 1381//1381
f 1379//1379 1382//1382 1380//1380
f 1380//1380 1382//1382 1383//1383
f 1380//1380 1383//1383 1381//1381
f 1381//1381 1383//1383 1384//1384
usemtl leaf_1
f 1385//1385 1388//1388 1386//1386
f 1386//1386 1388//1388 1389//1389
f 1386//1386 1389//1389 1387//1387
f 1387//1387 1389//1389 1390//1390
f 1388//1388 1391//1391 1389//1389
f 1389//1389 1391//1391 1392//1392
f 1389//1389 1392//1392 1390//1390
f 1390//1390 1392//1392 1393//1393
f 1391//1391 1394//1394 1392//1392
f 1392//1392 1394//1394 1395//1395
f 1392//1392 1395//1395 1393//1393
f 1393//1393 1395//1395 1396//1396
f 1394//1394 1397//1397 1395//1395
f 1395//1395 1397//1397 1398//1398
f 1395//1395 1398//1398 1396//1396
f 1396//1396 1398//1398 1399//1399
f 1397//1397 1400//1400 1398//1398
f 1398//1398 1400//1400 1401//1401
f 1398//1398 1401//1401 1399//1399
f 1399//1399 1401//1401 1402//1402
usemtl leaf_2
f 1403//1403 1406//1406 1404//1404
f 1404//1404 1406//1406 1407//1407
f 1404//1404 1407//1407 1405//1405
f 1405//1405 1407//1407 1408//1408
f 1406//1406 1409//1409 1407//1407
f 1407//1407 1409//1409 1410//1410
f 1407//1407 1410//1410 1408//1408
f 1408//1408 1410//1410 1411//1411
f 1409//1409 1412//1412 1410//1410
f 1410//1410 1412//1412 1413//1413
f 1410//1410 1413//1413 1411//1411
f 1411//1411 1413//1413 1414//1414
f 1412//1412 1415//1415 1413//1413
f 1413//1413 1415//1415 1416//1416
f 1413//1413 1416//1416 1414//1414
f 1414//1414 1416//1416 1417//1417
f 1415//1415 1418//1418 1416//1416
f 1416//1416 1418//1418 1419//1419
f 1416//1416 1419//1419 1417//1417
f 1417//1417 1419//1419 1420//1420
usemtl leaf_3
f 1421//1421 1424//1424 1422//1422
f 1422//1422 1424//1424 1425//1425
f 1422//1422 1425//1425 1423//1423
f 1423//1423 1425//1425 1426//1426
f 1424//1424 1427//1427 1425//1425
f 1425//1425 1427//1427 1428//1428
f 1425//1425 1428//1428 1426//1426
f 1426//1426 1428//1428 1429//1429
f 1427//1427 1430//1430 1428//1428
f 1428//1428 1430//1430 1431//1431
f 1428//1428 1431//1431 1429//1429
f 1429//1429 1431//1431 1432//1432
f 1430//1430 1433//1433 1431//1431
f 1431//1431 1433//1433 1434//1434
f 1431//1431 1434//1434 1432//1432
f 1432//1432 1434//1434 1435//1435
f 1433//1433 1436//1436 1434//1434
f 1434//1434 1436//1436 1437//1437
f 1434//1434 1437//1437 1435//1435
f 1435//1435 1437//1437 1438//1438
usemtl leaf_0
f 1439//1439 1442//1442 1440//1440
f 1440//1440 1442//1442 1443//1443
f 1440//1440 1443//1443 1441//1441
f 1441//1441 1443//1443 1444//1444
f 1442//1442 1445//1445 1443//1443
f 1443//1443 1445//1445 1446//1446
f 1443//1443 1446//1446 1444//1444
f 1444//1444 1446//1446 1447//1447
f 1445//1445 1448//1448 1446//1446
f 1446//1446 1448//1448 1449//1449
f 1446//1446 1449//1449 1447//1447
f 1447//1447 1449//1449 1450//1450
f 1448//1448 1451//1451 1449//1449
f 1449//1449 1451//1451 1452//1452
f 1449//1449 1452//1452 1450//1450
f 1450//1450 1452//1452 1453//1453
f 1451//1451 1454//1454 1452//1452
f 1452//1452 1454//1454 1455//1455
f 1452//1452 1455//1455 1453//1453
f 1453//1453 1455//1455 1456//1456
usemtl leaf_1
f 1457//1457 1460//1460 1458//1458
f 1458//1458 1460//1460 1461//1461
f 1458//1458 1461//1461 1459//1459
f 1459//1459 1461//1461 1462//1462
f 1460//1460 1463//1463 1461//1461
f 1461//1461 1463//1463 1464//1464
f 1461//1461 1464//1464 1462//1462
f 1462//1462 1464//1464 1465//1465
f 1463//1463 1466//1466 1464//1464
f 1464//1464 1466//1466 1467//1467
f 1464//1464 1467//1467 1465//1465
f 1465//1465 1467//1467 1468//1468
f 1466//1466 1469//1469 1467//1467
f 1467//1467 1469//1469 1470//1470
f 1467//1467 1470//1470 1468//1468
f 1468//1468 1470//1470 1471//1471
f 1469//1469 1472//1472 1470//1470
f 1470//1470 1472//1472 1473//1473
f 1470//1470 1473//1473 1471//1471
f 1471//1471 1473//1473 1474//1474
usemtl leaf_2
f 1475//1475 1478//1478 1476//1476
f 1476//1476 1478//1478 1479//1479
f 1476//1476 1479//1479 1477//1477
f 1477//1477 1479//1479 1480//1480
f 1478//1478 1481//1481 1479//1479
f 1479//1479 1481//1481 1482//1482
f 1479//1479 1482//1482 1480//1480
f 1480//1480 1482//1482 1483//1483
f 1481//1481 1484//1484 1482//1482
f 1482//1482 1484//1484 1485//1485
f 1482//1482 1485//1485 1483//1483
f 1483//1483 1485//1485 1486//1486
f 1484//1484 1487//1487 1485//1485
f 1485//1485 1487//1487 1488//1488
f 1485//1485 1488//1488 1486//1486
f 1486//1486 1488//1488 1489//1489
f 1487//1487 1490//1490 1488//1488
f 1488//1488 1490//1490 1491//1491
f 1488//1488 1491//1491 1489//1489
f 1489//1489 1491//1491 1492//1492
usemtl leaf_3
f 1493//1493 1496//1496 1494//1494
f 1494//1494 1496//1496 1497//1497
f 1494//1494 1497//1497 1495//1495
f 1495//1495 1497//1497 1498//1498
f 1496//1496 1499//1499 1497//1497
f 1497//1497 1499//1499 1500//1500
f 1497//1497 1500//1500 1498//1498
f 1498//1498 1500//1500 1501//1501
f 1499//1499 1502//1502 1500//1500
f 1500//1500 1502//1502 1503//1503
f 1500//1500 1503//1503 1501//1501
f 1501//1501 1503//1503 1504//1504
f 1502//1502 1505//1505 1503//1503
f 1503//1503 1505//1505 1506//1506
f 1503//1503 1506//1506 1504//1504
f 1504//1504 1506//1506 1507//1507
f 1505//1505 1508//1508 1506//1506
f 1506//1506 1508//1508 1509//1509
f 1506//1506 1509//1509 1507//1507
f 1507//1507 1509//1509 1510//1510
usemtl leaf_0
f 1511//1511 1514//1514 1512//1512
f 1512//1512 1514//1514 1515//1515
f 1512//1512 1515//1515 1513//1513
f 1513//1513 1515//1515 1516//1516
f 1514//1514 1517//1517 1515//1515
f 1515//1515 1517//1517 1518//1518
f 1515//1515 1518//1518 1516//1516
f 1516//1516 1518//1518 1519//1519
f 1517//1517 1520//1520 1518//1518
f 1518//1518 1520//1520 1521//1521
f 1518//1518 1521//1521 1519//1519
f 1519//1519 1521//1521 1522//1522
f 1520//1520 1523//1523 1521//1521
f 1521//1521 1523//1523 1524//1524
f 1521//1521 1524//1524 1522//1522
f 1522//1522 1524//1524 1525//1525
f 1523//1523 1526//1526 1524//1524
f 1524//1524 1526//1526 1527//1527
f 1524//1524 1527//1527 1525//1525
f 1525//1525 1527//1527 1528//1528
usemtl leaf_1
f 1529//1529 1532//1532 1530//1530
f 1530//1530 1532//1532 1533//1533
f 1530//1530 1533//1533 1531//1531
f 1531//1531 1533//1533 1534//1534
f 1532//1532 1535//1535 1533//1533
f 1533//1533 1535//1535 1536//1536
f 1533//1533 1536//1536 1534//1534
f 1534//1534 1536//1536 1537//1537
f 1535//1535 1538//1538 1536//1536
f 1536//1536 1538//1538 1539//1539
f 1536//1536 1539//1539 1537//1537
f 1537//1537 1539//1539 1540//1540
f 1538//1538 1541//1541 1539//1539
f 1539//1539 1541//1541 1542//1542
f 1539//1539 1542//1542 1540//1540
f 1540//1540 1542//1542 1543//1543
f 1541//1541 1544//1544 1542//1542
f 1542//1542 1544//1544 1545//1545
f 1542//1542 1545//1545 1543//1543
f 1543//1543 1545//1545 1546//1546
usemtl leaf_2
f 1547//1547 1550//1550 1548//1548
f 1548//1548 1550//1550 1551//1551
f 1548//1548 1551//1551 1549//1549
f 1549//1549 1551//1551 1552//1552
f 1550//1550 1553//1553 1551//1551
f 1551//1551 1553//1553 1554//1554
f 1551//1551 1554//1554 1552//1552
f 1552//1552 1554//1554 1555//1555
f 1553//1553 1556//1556 1554//1554
f 1554//1554 1556//1556 1557//1557
f 1554//1554 1557//1557 1555//1555
f 1555//1555 1557//1557 1558//1558
f 1556//1556 1559//1559 1557//1557
f 1557//1557 1559//1559 1560//1560
f 1557//1557 1560//1560 1558//1558
f 1558//1558 1560//1560 1561//1561
f 1559//1559 1562//1562 1560//1560
f 1560//1560 1562//1562 1563//1563
f 1560//1560 1563//1563 1561//1561
f 1561//1561 1563//1563 1564//1564
usemtl leaf_3
f 1565//1565 1568//1568 1566//1566
f 1566//1566 1568//1568 1569//1569
f 1566//1566 1569//1569 1567//1567
f 1567//1567 1569//1569 1570//1570
f 1568//1568 1571//1571 1569//1569
f 1569//1569 1571//1571 1572//1572
f 1569//1569 1572//1572 1570//1570
f 1570//1570 1572//1572 1573//1573
f 1571//1571 1574//1574 1572//1572
f 1572//1572 1574//1574 1575//1575
f 1572//1572 1575//1575 1573//1573
f 1573//1573 1575//1575 1576//1576
f 1574//1574 1577//1577 1575//1575
f 1575//1575 1577//1577 1578//1578
f 1575//1575 1578//1578 1576//1576
f 1576//1576 1578//1578 1579//1579
f 1577//1577 1580//1580 1578//1578
f 1578//1578 1580//1580 1581//1581
f 1578//1578 1581//1581 1579//1579
f 1579//1579 1581//1581 1582//1582
usemtl leaf_0
f 1583//1583 1586//1586 1584//1584
f 1584//1584 1586//1586 1587//1587
f 1584//1584 1587//1587 1585//1585
f 1585//1585 1587//1587 1588//1588
f 1586//1586 1589//1589 1587//1587
f 1587//1587 1589//1589 1590//1590
f 1587//1587 1590//1590 1588//1588
f 1588//1588 1590//1590 1591//1591
f 1589//1589 1592//1592 1590//1590
f 1590//1590 1592//1592 1593//1593
f 1590//1590 1593//1593 1591//1591
f 1591//1591 1593//1593 1594//1594
f 1592//1592 1595//1595 1593//1593
f 1593//1593 1595//1595 1596//1596
f 1593//1593 1596//1596 1594//1594
f 1594//1594 1596//1596 1597//1597
f 1595//1595 1598//1598 1596//1596
f 1596//1596 1598//1598 1599//1599
f 1596//1596 1599//1599 1597//1597
f 1597//1597 1599//1599 1600//1600
usemtl leaf_1
f 1601//1601 1604//1604 1602//1602
f 1602//1602 1604//1604 1605//1605
f 1602//1602 1605//1605 1603//1603
f 1603//1603 1605//1605 1606//1606
f 1604//1604 1607//1607 1605//1605
f 1605//1605 1607//1607 1608//1608
f 1605//1605 1608//1608 1606//1606
f 1606//1606 1608//1608 1609//1609
f 1607//1607 1610//1610 1608//1608
f 1608//1608 1610//1610 1611//1611
f 1608//1608 1611//1611 1609//1609
f 1609//1609 1611//1611 1612//1612
f 1610//1610 1613//1613 1611//1611
f 1611//1611 1613//1613 1614//1614
f 1611//1611 1614//1614 1612//1612
f 1612//1612 1614//1614 1615//1615
f 1613//1613 1616//1616 1614//1614
f 1614//1614 1616//1616 1617//1617
f 1614//1614 1617//1617 1615//1615
f 1615//1615 1617//1617 1618//1618
usemtl leaf_2
f 1619//1619 1622//1622 1620//1620
f 1620//1620 1622//1622 1623//1623
f 1620//1620 1623//1623 1621//1621
f 1621//1621 1623//1623 1624//1624
f 1622//1622 1625//1625 1623//1623
f 1623//1623 1625//1625 1626//1626
f 1623//1623 1626//1626 1624//1624
f 1624//1624 1626//1626 1627//1627
f 1625//1625 1628//1628 1626//1626
f 1626//1626 1628//1628 1629//1629
f 1626//1626 1629//1629 1627//1627
f 1627//1627 1629//1629 1630//1630
f 1628//1628 1631//1631 1629//1629
f 1629//1629 1631//1631 1632//1632
f 1629//1629 1632//1632 1630//1630
f 1630//1630 1632//1632 1633//1633
f 1631//1631 1634//1634 1632//1632
f 1632//1632 1634//1634 1635//1635
f 1632//1632 1635//1635 1633//1633
f 1633//1633 1635//1635 1636//1636
usemtl leaf_3
f 1637//1637 1640//1640 1638//1638
f 1638//1638 1640//1640 1641//1641
f 1638//1638 1641//1641 1639//1639
f 1639//1639 1641//1641 1642//1642
f 1640//1640 1643//1643 1641//1641
f 1641//1641 1643//1643 1644//1644
f 1641//1641 1644//1644 1642//1642
f 1642//1642 1644//1644 1645//1645
f 1643//1643 1646//1646 1644//1644
f 1644//1644 1646//1646 1647//1647
f 1644//1644 1647//1647 1645//1645
f 1645//1645 1647//1647 1648//1648
f 1646//1646 1649//1649 1647//1647
f 1647//1647 1649//1649 1650//1650
f 1647//1647 1650//1650 1648//1648
f 1648//1648 1650//1650 1651//1651
f 1649//1649 1652//1652 1650//1650
f 1650//1650 1652//1652 1653//1653
f 1650//1650 1653//1653 1651//1651
f 1651//1651 1653//1653 1654//1654
usemtl leaf_0
f 1655//1655 1658//1658 1656//1656
f 1656//1656 1658//1658 1659//1659
f 1656//1656 1659//1659 1657//1657
f 1657//1657 1659//1659 1660//1660
f 1658//1658 1661//1661 1659//1659
f 1659//1659 1661//1661 1662//1662
f 1659//1659 1662//1662 1660//1660
f 1660//1660 1662//1662 1663//1663
f 1661//1661 1664//1664 1662//1662
f 1662//1662 1664//1664 1665//1665
f 1662//1662 1665//1665 1663//1663
f 1663//1663 1665//1665 1666//1666
f 1664//1664 1667//1667 1665//1665
f 1665//1665 1667//1667 1668//1668
f 1665//1665 1668//1668 1666//1666
f 1666//1666 1668//1668 1669//1669
f 1667//1667 1670//1670 1668//1668
f 1668//1668 1670//1670 1671//1671
f 1668//1668 1671//1671 1669//1669
f 1669//1669 1671//1671 1672//1672
usemtl leaf_1
f 1673//1673 1676//1676 1674//1674
f 1674//1674 1676//1676 1677//1677
f 1674//1674 1677//1677 1675//1675
f 1675//1675 1677//1677 1678//1678
f 1676//1676 1679//1679 1677//1677
f 1677//1677 1679//1679 1680//1680
f 1677//1677 1680//1680 1678//1678
f 1678//1678 1680//1680 1681//1681
f 1679//1679 1682//1682 1680//1680
f 1680//1680 1682//1682 1683//1683
f 1680//1680 1683//1683 1681//1681
f 1681//1681 1683//1683 1684//1684
f 1682//1682 1685//1685 1683//1683
f 1683//1683 1685//1685 1686//1686
f 1683//1683 1686//1686 1684//1684
f 1684//1684 1686//1686 1687//1687
f 1685//1685 1688//1688 1686//1686
f 1686//1686 1688//1688 1689//1689
f 1686//1686 1689//1689 1687//1687
f 1687//1687 1689//1689 1690//1690
usemtl leaf_2
f 1691//1691 1694//1694 1692//1692
f 1692//1692 1694//1694 1695//1695
f 1692//1692 1695//1695 1693//1693
f 1693//1693 1695//1695 1696//1696
f 1694//1694 1697//1697 1695//1695
f 1695//1695 1697//1697 1698//1698
f 1695//1695 1698//1698 1696//1696
f 1696//1696 1698//1698 1699//1699
f 1697//1697 1700//1700 1698//1698
f 1698//1698 1700//1700 1701//1701
f 1698//1698 1701//1701 1699//1699
f 1699//1699 1701//1701 1702//1702
f 1700//1700 1703//1703 1701//1701
f 1701//1701 1703//1703 1704//1704
f 1701//1701 1704//1704 1702//1702
f 1702//1702 1704//1704 1705//1705
f 1703//1703 1706//1706 1704//1704
f 1704//1704 1706//1706 1707//1707
f 1704//1704 1707//1707 1705//1705
f 1705//1705 1707//1707 1708//1708
usemtl leaf_3
f 1709//1709 1712//1712 1710//1710
f 1710//1710 1712//1712 1713//1713
f 1710//1710 1713//1713 1711//1711
f 1711//1711 1713//1713 1714//1714
f 1712//1712 1715//1715 1713//1713
f 1713//1713 1715//1715 1716//1716
f 1713//1713 1716//1716 1714//1714
f 1714//1714 1716//1716 1717//1717
f 1715//1715 1718//1718 1716//1716
f 1716//1716 1718//1718 1719//1719
f 1716//1716 1719//1719 1717//1717
f 1717//1717 1719//1719 1720//1720
f 1718//1718 1721//1721 1719//1719
f 1719//1719 1721//1721 1722//1722
f 1719//1719 1722//1722 1720//1720
f 1720//1720 1722//1722 1723//1723
f 1721//1721 1724//1724 1722//1722
f 1722//1722 1724//1724 1725//1725
f 1722//1722 1725//1725 1723//1723
f 1723//1723 1725//1725 1726//1726
usemtl leaf_0
f 1727//1727 1730//1730 1728//1728
f 1728//1728 1730//1730 1731//1731
f 1728//1728 1731//1731 1729//1729
f 1729//1729 1731//1731 1732//1732
f 1730//1730 1733//1733 1731//1731
f 1731//1731 1733//1733 1734//1734
f 1731//1731 1734//1734 1732//1732
f 1732//1732 1734//1734 1735//1735
f 1733//1733 1736//1736 1734//1734
f 1734//1734 1736//1736 1737//1737
f 1734//1734 1737//1737 1735//1735
f 1735//1735 1737//1737 1738//1738
f 1736//1736 1739//1739 1737//1737
f 1737//1737 1739//1739 1740//1740
f 1737//1737 1740//1740 1738//1738
f 1738//1738 1740//1740 1741//1741
f 1739//1739 1742//1742 1740//1740
f 1740//1740 1742//1742 1743//1743
f 1740//1740 1743//1743 1741//1741
f 1741//1741 1743//1743 1744//1744
usemtl leaf_1
f 1745//1745 1748//1748 1746//1746
f 1746//1746 1748//1748 1749//1749
f 1746//1746 1749//1749 1747//1747
f 1747//1747 1749//1749 1750//1750
f 1748//1748 1751//1751 1749//1749
f 1749//1749 1751//1751 1752//1752
f 1749//1749 1752//1752 1750//1750
f 1750//1750 1752//1752 1753//1753
f 1751//1751 1754//1754 1752//1752
f 1752//1752 1754//1754 1755//1755
f 1752//1752 1755//1755 1753//1753
f 1753//1753 1755//1755 1756//1756
f 1754//1754 1757//1757 1755//1755
f 1755//1755 1757//1757 1758//1758
f 1755//1755 1758//1758 1756//1756
f 1756//1756 1758//1758 1759//1759
f 1757//1757 1760//1760 1758//1758
f 1758//1758 1760//1760 1761//1761
f 1758//1758 1761//1761 1759//1759
f 1759//1759 1761//1761 1762//1762
usemtl leaf_2
f 1763//1763 1766//1766 1764//1764
f 1764//1764 1766//1766 1767//1767
f 1764//1764 1767//1767 1765//1765
f 1765//1765 1767//1767 1768//1768
f 1766//1766 1769//1769 1767//1767
f 1767//1767 1769//1769 1770//1770
f 1767//1767 1770//1770 1768//1768
f 1768//1768 1770//1770 1771//1771
f 1769//1769 1772//1772 1770//1770
f 1770//1770 1772//1772 1773//1773
f 1770//1770 1773//1773 1771//1771
f 1771//1771 1773//1773 1774//1774
f 1772//1772 1775//1775 1773//1773
f 1773//1773 1775//1775 1776//1776
f 1773//1773 1776//1776 1774//1774
f 1774//1774 1776//1776 1777//1777
f 1775//1775 1778//1778 1776//1776
f 1776//1776 1778//1778 1779//1779
f 1776//1776 1779//1779 1777//1777
f 1777//1777 1779//1779 1780//1780
usemtl leaf_3
f 1781//1781 1784//1784 1782//1782
f 1782//1782 1784//1784 1785//1785
f 1782//1782 1785//1785 1783//1783
f 1783//1783 1785//1785 1786//1786
f 1784//1784 1787//1787 1785//1785
f 1785//1785 1787//1787 1788//1788
f 1785//1785 1788//1788 1786//1786
f 1786//1786 1788//1788 1789//1789
f 1787//1787 1790//1790 1788//1788
f 1788//1788 1790//1790 1791//1791
f 1788//1788 1791//1791 1789//1789
f 1789//1789 1791//1791 1792//1792
f 1790//1790 1793//1793 1791//1791
f 1791//1791 1793//1793 1794//1794
f 1791//1791 1794//1794 1792//1792
f 1792//1792 1794//1794 1795//1795
f 1793//1793 1796//1796 1794//1794
f 1794//1794 1796//1796 1797//1797
f 1794//1794 1797//1797 1795//1795
f 1795//1795 1797//1797 1798//1798
usemtl leaf_0
f 1799//1799 1802//1802 1800//1800
f 1800//1800 1802//1802 1803//1803
f 1800//1800 1803//1803 1801//1801
f 1801//1801 1803//1803 1804//1804
f 1802//1802 1805//1805 1803//1803
f 1803//1803 1805//1805 1806//1806
f 1803//1803 1806//1806 1804//1804
f 1804//1804 1806//1806 1807//1807
f 1805//1805 1808//1808 1806//1806
f 1806//1806 1808//1808 1809//1809
f 1806//1806 1809//1809 1807//1807
f 1807//1807 1809//1809 1810//1810
f 1808//1808 1811//1811 1809//1809
f 1809//1809 1811//1811 1812//1812
f 1809//1809 1812//1812 1810//1810
f 1810//1810 1812//1812 1813//1813
f 1811//1811 1814//1814 1812//1812
f 1812//1812 1814//1814 1815//1815
f 1812//1812 1815//1815 1813//1813
f 1813//1813 1815//1815 1816//1816
usemtl leaf_1
f 1817//1817 1820//1820 1818//1818
f 1818//1818 1820//1820 1821//1821
f 1818//1818 1821//1821 1819//1819
f 1819//1819 1821//1821 1822//1822
f 1820//1820 1823//1823 1821//1821
f 1821//1821 1823//1823 1824//1824
f 1821//1821 1824//1824 1822//1822
f 1822//1822 1824//1824 1825//1825
f 1823//1823 1826//1826 1824//1824
f 1824//1824 1826//1826 1827//1827
f 1824//1824 1827//1827 1825//1825
f 1825//1825 1827//1827 1828//1828
f 1826//1826 1829//1829 1827//1827
f 1827//1827 1829//1829 1830//1830
f 1827//1827 1830//1830 1828//1828
f 1828//1828 1830//1830 1831//1831
f 1829//1829 1832//1832 1830//1830
f 1830//1830 1832//1832 1833//1833
f 1830//1830 1833//1833 1831//1831
f 1831//1831 1833//1833 1834//1834
usemtl leaf_2
f 1835//1835 1838//1838 1836//1836
f 1836//1836 1838//1838 1839//1839
f 1836//1836 1839//1839 1837//1837
f 1837//1837 1839//1839 1840//1840
f 1838//1838 1841//1841 1839//1839
f 1839//1839 1841//1841 1842//1842
f 1839//1839 1842//1842 1840//1840
f 1840//1840 1842//1842 1843//1843
f 1841//1841 1844//1844 1842//1842
f 1842//1842 1844//1844 1845//1845
f 1842//1842 1845//1845 1843//1843
f 1843//1843 1845//1845 1846//1846
f 1844//1844 1847//1847 1845//1845
f 1845//1845 1847//1847 1848//1848
f 1845//1845 1848//1848 1846//1846
f 1846//1846 1848//1848 1849//1849
f 1847//1847 1850//1850 1848//1848
f 1848//1848 1850//1850 1851//1851
f 1848//1848 1851//1851 1849//1849
f 1849//1849 1851//1851 1852//1852
usemtl leaf_3
f 1853//1853 1856//1856 1854//1854
f 1854//1854 1856//1856 1857//1857
f 1854//1854 1857//1857 1855//1855
f 1855//1855 1857//1857 1858//1858
f 1856//1856 1859//1859 1857//1857
f 1857//1857 1859//1859 1860//1860
f 1857//1857 1860//1860 1858//1858
f 1858//1858 1860//1860 1861//1861
f 1859//1859 1862//1862 1860//1860
f 1860//1860 1862//1862 1863//1863
f 1860//1860 1863//1863 1861//1861
f 1861//1861 1863//1863 1864//1864
f 1862//1862 1865//1865 1863//1863
f 1863//1863 1865//1865 1866//1866
f 1863//1863 1866//1866 1864//1864
f 1864//1864 1866//1866 1867//1867
f 1865//1865 1868//1868 1866//1866
f 1866//1866 1868//1868 1869//1869
f 1866//1866 1869//1869 1867//1867
f 1867//1867 1869//1869 1870//1870
usemtl leaf_0
f 1871//1871 1874//1874 1872//1872
f 1872//1872 1874//1874 1875//1875
f 1872//1872 1875//1875 1873//1873
f 1873//1873 1875//1875 1876//1876
f 1874//1874 1877//1877 1875//1875
f 1875//1875 1877//1877 1878//1878
f 1875//1875 1878//1878 1876//1876
f 1876//1876 1878//1878 1879//1879
f 1877//1877 1880//1880 1878//1878
f 1878//1878 1880//1880 1881//1881
f 1878//1878 1881//1881 1879//1879
f 1879//1879 1881//1881 1882//1882
f 1880//1880 1883//1883 1881//1881
f 1881//1881 1883//1883 1884//1884
f 1881//1881 1884//1884 1882//1882
f 1882//1882 1884//1884 1885//1885
f 1883//1883 1886//1886 1884//1884
f 1884//1884 1886//1886 1887//1887
f 1884//1884 1887//1887 1885//1885
f 1885//1885 1887//1887 1888//1888
usemtl leaf_1
f 1889//1889 1892//1892 1890//1890
f 1890//1890 1892//1892 1893//1893
f 1890//1890 1893//1893 1891//1891
f 1891//1891 1893//1893 1894//1894
f 1892//1892 1895//1895 1893//1893
f 1893//1893 1895//1895 1896//1896
f 1893//1893 1896//1896 1894//1894
f 1894//1894 1896//1896 1897//1897
f 1895//1895 1898//1898 1896//1896
f 1896//1896 1898//1898 1899//1899
f 1896//1896 1899//1899 1897//1897
f 1897//1897 1899//1899 1900//1900
f 1898//1898 1901//1901 1899//1899
f 1899//1899 1901//1901 1902//1902
f 1899//1899 1902//1902 1900//1900
f 1900//1900 1902//1902 1903//1903
f 1901//1901 1904//1904 1902//1902
f 1902//1902 1904//1904 1905//1905
f 1902//1902 1905//1905 1903//1903
f 1903//1903 1905//1905 1906//1906
usemtl leaf_2
f 1907//1907 1910//1910 1908//1908
f 1908//1908 1910//1910 1911//1911
f 1908//1908 1911//1911 1909//1909
f 1909//1909 1911//1911 1912//1912
f 1910//1910 1913//1913 1911//1911
f 1911//1911 1913//1913 1914//1914
f 1911//1911 1914//1914 1912//1912
f 1912//1912 1914//1914 1915//1915
f 1913//1913 1916//1916 1914//1914
f 1914//1914 1916//1916 1917//1917
f 1914//1914 1917//1917 1915//1915
f 1915//1915 1917//1917 1918//1918
f 1916//1916 1919//1919 1917//1917
f 1917//1917 1919//1919 1920//1920
f 1917//1917 1920//1920 1918//1918
f 1918//1918 1920//1920 1921//1921
f 1919//1919 1922//1922 1920//1920
f 1920//1920 1922//1922 1923//1923
f 1920//1920 1923//1923 1921//1921
f 1921//1921 1923//1923 1924//1924
usemtl leaf_3
f 1925//1925 1928//1928 1926//1926
f 1926//1926 1928//1928 1929//1929
f 1926//1926 1929//1929 1927//1927
f 1927//1927 1929//1929 1930//1930
f 1928//1928 1931//1931 1929//1929
f 1929//1929 1931//1931 1932//1932
f 1929//1929 1932//1932 1930//1930
f 1930//1930 1932//1932 1933//1933
f 1931//1931 1934//1934 1932//1932
f 1932//1932 1934//1934 1935//1935
f 1932//1932 1935//1935 1933//1933
f 1933//1933 1935//1935 1936//1936
f 1934//1934 1937//1937 1935//1935
f 1935//1935 1937//1937 1938//1938
f 1935//1935 1938//1938 1936//1936
f 1936//1936 1938//1938 1939//1939
f 1937//1937 1940//1940 1938//1938
f 1938//1938 1940//1940 1941//1941
f 1938//1938 1941//1941 1939//1939
f 1939//1939 1941//1941 1942//1942
usemtl leaf_0
f 1943//1943 1946//1946 1944//1944
f 1944//1944 1946//1946 1947//1947
f 1944//1944 1947//1947 1945//1945
f 1945//1945 1947//1947 1948//1948
f 1946//1946 1949//1949 1947//1947
f 1947//1947 1949//1949 1950//1950
f 1947//1947 1950//1950 1948//1948
f 1948//1948 1950//1950 1951//1951
f 1949//1949 1952//1952 1950//1950
f 1950//1950 1952//1952 1953//1953
f 1950//1950 1953//1953 1951//1951
f 1951//1951 1953//1953 1954//1954
f 1952//1952 1955//1955 1953//1953
f 1953//1953 1955//1955 1956//1956
f 1953//1953 1956//1956 1954//1954
f 1954//1954 1956//1956 1957//1957
f 1955//1955 1958//1958 1956//1956
f 1956//1956 1958//1958 1959//1959
f 1956//1956 1959//1959 1957//1957
f 1957//1957 1959//1959 1960//1960
usemtl leaf_1
f 1961//1961 1964//1964 1962//1962
f 1962//1962 1964//1964 1965//1965
f 1962//1962 1965//1965 1963//1963
f 1963//1963 1965//1965 1966//1966
f 1964//1964 1967//1967 1965//1965
f 1965//1965 1967//1967 1968//1968
f 1965//1965 1968//1968 1966//1966
f 1966//1966 1968//1968 1969//1969
f 1967//1967 1970//1970 1968//1968
f 1968//1968 1970//1970 1971//1971
f 1968//1968 1971//1971 1969//1969
f 1969//1969 1971//1971 1972//1972
f 1970//1970 1973//1973 1971//1971
f 1971//1971 1973//1973 1974//1974
f 1971//1971 1974//1974 1972//1972
f 1972//1972 1974//1974 1975//1975
f 1973//1973 1976//1976 1974//1974
f 1974//1974 1976//1976 1977//1977
f 1974//1974 1977//1977 1975//1975
f 1975//1975 1977//1977 1978//1978
usemtl leaf_2
f 1979//1979 1982//1982 1980//1980
f 1980//1980 1982//1982 1983//1983
f 1980//1980 1983//1983 1981//1981
f 1981//1981 1983//1983 1984//1984
f 1982//1982 1985//1985 1983//1983
f 1983//1983 1985//1985 1986//1986
f 1983//1983 1986//1986 1984//1984
f 1984//1984 1986//1986 1987//1987
f 1985//1985 1988//1988 1986//1986
f 1986//1986 1988//1988 1989//1989
f 1986//1986 1989//1989 1987//1987
f 1987//1987 1989//1989 1990//1990
f 1988//1988 1991//1991 1989//1989
f 1989//1989 1991//1991 1992//1992
f 1989//1989 1992//1992 1990//1990
f 1990//1990 1992//1992 1993//1993
f 1991//1991 1994//1994 1992//1992
f 1992//1992 1994//1994 1995//1995
f 1992//1992 1995//1995 1993//1993
f 1993//1993 1995//1995 1996//1996
usemtl leaf_3
f 1997//1997 2000//2000 1998//1998
f 1998//1998 2000//2000 2001//2001
f 1998//1998 2001//2001 1999//1999
f 1999//1999 2001//2001 2002//2002
f 2000//2000 2003//2003 2001//2001
f 2001//2001 2003//2003 2004//2004
f 2001//2001 2004//2004 2002//2002
f 2002//2002 2004//2004 2005//2005
f 2003//2003 2006//2006 2004//2004
f 2004//2004 2006//2006 2007//2007
f 2004//2004 2007//2007 2005//2005
f 2005//2005 2007//2007 2008//2008
f 2006//2006 2009//2009 2007//2007
f 2007//2007 2009//2009 2010//2010
f 2007//2007 2010//2010 2008//2008
f 2008//2008 2010//2010 2011//2011
f 2009//2009 2012//2012 2010//2010
f 2010//2010 2012//2012 2013//2013
f 2010//2010 2013//2013 2011//2011
f 2011//2011 2013//2013 2014//2014
usemtl leaf_0
f 2015//2015 2018//2018 2016//2016
f 2016//2016 2018//2018 2019//2019
f 2016//2016 2019//2019 2017//2017
f 2017//2017 2019//2019 2020//2020
f 2018//2018 2021//2021 2019//2019
f 2019//2019 2021//2021 2022//2022
f 2019//2019 2022//2022 2020//2020
f 2020//2020 2022//2022 2023//2023
f 2021//2021 2024//2024 2022//2022
f 2022//2022 2024//2024 2025//2025
f 2022//2022 2025//2025 2023//2023
f 2023//2023 2025//2025 2026//2026
f 2024//2024 2027//2027 2025//2025
f 2025//2025 2027//2027 2028//2028
f 2025//2025 2028//2028 2026//2026
f 2026//2026 2028//2028 2029//2029
f 2027//2027 2030//2030 2028//2028
f 2028//2028 2030//2030 2031//2031
f 2028//2028 2031//2031 2029//2029
f 2029//2029 2031//2031 2032//2032
usemtl leaf_1
f 2033//2033 2036//2036 2034//2034
f 2034//2034 2036//2036 2037//2037
f 2034//2034 2037//2037 2035//2035
f 2035//2035 2037//2037 2038//2038
f 2036//2036 2039//2039 2037//2037
f 2037//2037 2039//2039 2040//2040
f 2037//2037 2040//2040 2038//2038
f 2038//2038 2040//2040 2041//2041
f 2039//2039 2042//2042 2040//2040
f 2040//2040 2042//2042 2043//2043
f 2040//2040 2043//2043 2041//2041
f 2041//2041 2043//2043 2044//2044
f 2042//2042 2045//2045 2043//2043
f 2043//2043 2045//2045 2046//2046
f 2043//2043 2046//2046 2044//2044
f 2044//2044 2046//2046 2047//2047
f 2045//2045 2048//2048 2046//2046
f 2046//2046 2048//2048 2049//2049
f 2046//2046 2049//2049 2047//2047
f 2047//2047 2049//2049 2050//2050
usemtl leaf_2
f 2051//2051 2054//2054 2052//2052
f 2052//2052 2054//2054 2055//2055
f 2052//2052 2055//2055 2053//2053
f 2053//2053 2055//2055 2056//2056
f 2054//2054 2057//2057 2055//2055
f 2055//2055 2057//2057 2058//2058
f 2055//2055 2058//2058 2056//2056
f 2056//2056 2058//2058 2059//2059
f 2057//2057 2060//2060 2058//2058
f 2058//2058 2060//2060 2061//2061
f 2058//2058 2061//2061 2059//2059
f 2059//2059 2061//2061 2062//2062
f 2060//2060 2063//2063 2061//2061
f 2061//2061 2063//2063 2064//2064
f 2061//2061 2064//2064 2062//2062
f 2062//2062 2064//2064 2065//2065
f 2063//2063 2066//2066 2064//2064
f 2064//2064 2066//2066 2067//2067
f 2064//2064 2067//2067 2065//2065
f 2065//2065 2067//2067 2068//2068
usemtl leaf_3
f 2069//2069 2072//2072 2070//2070
f 2070//2070 2072//2072 2073//2073
f 2070//2070 2073//2073 2071//2071
f 2071//2071 2073//2073 2074//2074
f 2072//2072 2075//2075 2073//2073
f 2073//2073 2075//2075 2076//2076
f 2073//2073 2076//2076 2074//2074
f 2074//2074 2076//2076 2077//2077
f 2075//2075 2078//2078 2076//2076
f 2076//2076 2078//2078 2079//2079
f 2076//2076 2079//2079 2077//2077
f 2077//2077 2079//2079 2080//2080
f 2078//2078 2081//2081 2079//2079
f 2079//2079 2081//2081 2082//2082
f 2079//2079 2082//2082 2080//2080
f 2080//2080 2082//2082 2083//2083
f 2081//2081 2084//2084 2082//2082
f 2082//2082 2084//2084 2085//2085
f 2082//2082 2085//2085 2083//2083
f 2083//2083 2085//2085 2086//2086
usemtl leaf_0
f 2087//2087 2090//2090 2088//2088
f 2088//2088 2090//2090 2091//2091
f 2088//2088 2091//2091 2089//2089
f 2089//2089 2091//2091 2092//2092
f 2090//2090 2093//2093 2091//2091
f 2091//2091 2093//2093 2094//2094
f 2091//2091 2094//2094 2092//2092
f 2092//2092 2094//2094 2095//2095
f 2093//2093 2096//2096 2094//2094
f 2094//2094 2096//2096 2097//2097
f 2094//2094 2097//2097 2095//2095
f 2095//2095 2097//2097 2098//2098
f 2096//2096 2099//2099 2097//2097
f 2097//2097 2099//2099 2100//2100
f 2097//2097 2100//2100 2098//2098
f 2098//2098 2100//2100 2101//2101
f 2099//2099 2102//2102 2100//2100
f 2100//2100 2102//2102 2103//2103
f 2100//2100 2103//2103 2101//2101
f 2101//2101 2103//2103 2104//2104
usemtl leaf_1
f 2105//2105 2108//2108 2106//2106
f 2106//2106 2108//2108 2109//2109
f 2106//2106 2109//2109 2107//2107
f 2107//2107 2109//2109 2110//2110
f 2108//2108 2111//2111 2109//2109
f 2109//2109 2111//2111 2112//2112
f 2109//2109 2112//2112 2110//2110
f 2110//2110 2112//2112 2113//2113
f 2111//2111 2114//2114 2112//2112
f 2112//2112 2114//2114 2115//2115
f 2112//2112 2115//2115 2113//2113
f 2113//2113 2115//2115 2116//2116
f 2114//2114 2117//2117 2115//2115
f 2115//2115 2117//2117 2118//2118
f 2115//2115 2118//2118 2116//2116
f 2116//2116 2118//2118 2119//2119
f 2117//2117 2120//2120 2118//2118
f 2118//2118 2120//2120 2121//2121
f 2118//2118 2121//2121 2119//2119
f 2119//2119 2121//2121 2122//2122
usemtl leaf_2
f 2123//2123 2126//2126 2124//2124
f 2124//2124 2126//2126 2127//2127
f 2124//2124 2127//2127 2125//2125
f 2125//2125 2127//2127 2128//2128
f 2126//2126 2129//2129 2127//2127
f 2127//2127 2129//2129 2130//2130
f 2127//2127 2130//2130 2128//2128
f 2128//2128 2130//2130 2131//2131
f 2129//2129 2132//2132 2130//2130
f 2130//2130 2132//2132 2133//2133
f 2130//2130 2133//2133 2131//2131
f 2131//2131 2133//2133 2134//2134
f 2132//2132 2135//2135 2133//2133
f 2133//2133 2135//2135 2136//2136
f 2133//2133 2136//2136 2134//2134
f 2134//2134 2136//2136 2137//2137
f 2135//2135 2138//2138 2136//2136
f 2136//2136 2138//2138 2139//2139
f 2136//2136 2139//2139 2137//2137
f 2137//2137 2139//2139 2140//2140
usemtl leaf_3
f 2141//2141 2144//2144 2142//2142
f 2142//2142 2144//2144 2145//2145
f 2142//2142 2145//2145 2143//2143
f 2143//2143 2145//2145 2146//2146
f 2144//2144 2147//2147 2145//2145
f 2145//2145 2147//2147 2148//2148
f 2145//2145 2148//2148 2146//2146
f 2146//2146 2148//2148 2149//2149
f 2147//2147 2150//2150 2148//2148
f 2148//2148 2150//2150 2151//2151
f 2148//2148 2151//2151 2149//2149
f 2149//2149 2151//2151 2152//2152
f 2150//2150 2153//2153 2151//2151
f 2151//2151 2153//2153 2154//2154
f 2151//2151 2154//2154 2152//2152
f 2152//2152 2154//2154 2155//2155
f 2153//2153 2156//2156 2154//2154
f 2154//2154 2156//2156 2157//2157
f 2154//2154 2157//2157 2155//2155
f 2155//2155 2157//2157 2158//2158
usemtl leaf_0
f 2159//2159 2162//2162 2160//2160
f 2160//2160 2162//2162 2163//2163
f 2160//2160 2163//2163 2161//2161
f 2161//2161 2163//2163 2164//2164
f 2162//2162 2165//2165 2163//2163
f 2163//2163 2165//2165 2166//2166
f 2163//2163 2166//2166 2164//2164
f 2164//2164 2166//2166 2167//2167
f 2165//2165 2168//2168 2166//2166
f 2166//2166 2168//2168 2169//2169
f 2166//2166 2169//2169 2167//2167
f 2167//2167 2169//2169 2170//2170
f 2168//2168 2171//2171 2169//2169
f 2169//2169 2171//2171 2172//2172
f 2169//2169 2172//2172 2170//2170
f 2170//2170 2172//2172 2173//2173
f 2171//2171 2174//2174 2172//2172
f 2172//2172 2174//2174 2175//2175
f 2172//2172 2175//2175 2173//2173
f 2173//2173 2175//2175 2176//2176
usemtl leaf_1
f 2177//2177 2180//2180 2178//2178
f 2178//2178 2180//2180 2181//2181
f 2178//2178 2181//2181 2179//2179
f 2179//2179 2181//2181 2182//2182
f 2180//2180 2183//2183 2181//2181
f 2181//2181 2183//2183 2184//2184
f 2181//2181 2184//2184 2182//2182
f 2182//2182 2184//2184 2185//2185
f 2183//2183 2186//2186 2184//2184
f 2184//2184 2186//2186 2187//2187
f 2184//2184 2187//2187 2185//2185
f 2185//2185 2187//2187 2188//2188
f 2186//2186 2189//2189 2187//2187
f 2187//2187 2189//2189 2190//2190
f 2187//2187 2190//2190 2188//2188
f 2188//2188 2190//2190 2191//2191
f 2189//2189 2192//2192 2190//2190
f 2190//2190 2192//2192 2193//2193
f 2190//2190 2193//2193 2191//2191
f 2191//2191 2193//2193 2194//2194
usemtl leaf_2
f 2195//2195 2198//2198 2196//2196
f 2196//2196 2198//2198 2199//2199
f 2196//2196 2199//2199 2197//2197
f 2197//2197 2199//2199 2200//2200
f 2198//2198 2201//2201 2199//2199
f 2199//2199 2201//2201 2202//2202
f 2199//2199 2202//2202 2200//2200
f 2200//2200 2202//2202 2203//2203
f 2201//2201 2204//2204 2202//2202
f 2202//2202 2204//2204 2205//2205
f 2202//2202 2205//2205 2203//2203
f 2203//2203 2205//2205 2206//2206
f 2204//2204 2207//2207 2205//2205
f 2205//2205 2207//2207 2208//2208
f 2205//2205 2208//2208 2206//2206
f 2206//2206 2208//2208 2209//2209
f 2207//2207 2210//2210 2208//2208
f 2208//2208 2210//2210 2211//2211
f 2208//2208 2211//2211 2209//2209
f 2209//2209 2211//2211 2212//2212
usemtl leaf_3
f 2213//2213 2216//2216 2214//2214
f 2214//2214 2216//2216 2217//2217
f 2214//2214 2217//2217 2215//2215
f 2215//2215 2217//2217 2218//2218
f 2216//2216 2219//2219 2217//2217
f 2217//2217 2219//2219 2220//2220
f 2217//2217 2220//2220 2218//2218
f 2218//2218 2220//2220 2221//2221
f 2219//2219 2222//2222 2220//2220
f 2220//2220 2222//2222 2223//2223
f 2220//2220 2223//2223 2221//2221
f 2221//2221 2223//2223 2224//2224
f 2222//2222 2225//2225 2223//2223
f 2223//2223 2225//2225 2226//2226
f 2223//2223 2226//2226 2224//2224
f 2224//2224 2226//2226 2227//2227
f 2225//2225 2228//2228 2226//2226
f 2226//2226 2228//2228 2229//2229
f 2226//2226 2229//2229 2227//2227
f 2227//2227 2229//2229 2230//2230
usemtl leaf_0
f 2231//2231 2234//2234 2232//2232
f 2232//2232 2234//2234 2235//2235
f 2232//2232 2235//2235 2233//2233
f 2233//2233 2235//2235 2236//2236
f 2234//2234 2237//2237 2235//2235
f 2235//2235 2237//2237 2238//2238
f 2235//2235 2238//2238 2236//2236
f 2236//2236 2238//2238 2239//2239
f 2237//2237 2240//2240 2238//2238
f 2238//2238 2240//2240 2241//2241
f 2238//2238 2241//2241 2239//2239
f 2239//2239 2241//2241 2242//2242
f 2240//2240 2243//2243 2241//2241
f 2241//2241 2243//2243 2244//2244
f 2241//2241 2244//2244 2242//2242
f 2242//2242 2244//2244 2245//2245
f 2243//2243 2246//2246 2244//2244
f 2244//2244 2246//2246 2247//2247
f 2244//2244 2247//2247 2245//2245
f 2245//2245 2247//2247 2248//2248
usemtl leaf_1
f 2249//2249 2252//2252 2250//2250
f 2250//2250 2252//2252 2253//2253
f 2250//2250 2253//2253 2251//2251
f 2251//2251 2253//2253 2254//2254
f 2252//2252 2255//2255 2253//2253
f 2253//2253 2255//2255 2256//2256
f 2253//2253 2256//2256 2254//2254
f 2254//2254 2256//2256 2257//2257
f 2255//2255 2258//2258 2256//2256
f 2256//2256 2258//2258 2259//2259
f 2256//2256 2259//2259 2257//2257
f 2257//2257 2259//2259 2260//2260
f 2258//2258 2261//2261 2259//2259
f 2259//2259 2261//2261 2262//2262
f 2259//2259 2262//2262 2260//2260
f 2260//2260 2262//2262 2263//2263
f 2261//2261 2264//2264 2262//2262
f 2262//2262 2264//2264 2265//2265
f 2262//2262 2265//2265 2263//2263
f 2263//2263 2265//2265 2266//2266
usemtl leaf_2
f 2267//2267 2270//2270 2268//2268
f 2268//2268 2270//2270 2271//2271
f 2268//2268 2271//2271 2269//2269
f 2269//2269 2271//2271 2272//2272
f 2270//2270 2273//2273 2271//2271
f 2271//2271 2273//2273 2274//2274
f 2271//2271 2274//2274 2272//2272
f 2272//2272 2274//2274 2275//2275
f 2273//2273 2276//2276 2274//2274
f 2274//2274 2276//2276 2277//2277
f 2274//2274 2277//2277 2275//2275
f 2275//2275 2277//2277 2278//2278
f 2276//2276 2279//2279 2277//2277
f 2277//2277 2279//2279 2280//2280
f 2277//2277 2280//2280 2278//2278
f 2278//2278 2280//2280 2281//2281
f 2279//2279 2282//2282 2280//2280
f 2280//2280 2282//2282 2283//2283
f 2280//2280 2283//2283 2281//2281
f 2281//2281 2283//2283 2284//2284
usemtl leaf_3
f 2285//2285 2288//2288 2286//2286
f 2286//2286 2288//2288 2289//2289
f 2286//2286 2289//2289 2287//2287
f 2287//2287 2289//2289 2290//2290
f 2288//2288 2291//2291 2289//2289
f 2289//2289 2291//2291 2292//2292
f 2289//2289 2292//2292 2290//2290
f 2290//2290 2292//2292 2293//2293
f 2291//2291 2294//2294 2292//2292
f 2292//2292 2294//2294 2295//2295
f 2292//2292 2295//2295 2293//2293
f 2293//2293 2295//2295 2296//2296
f 2294//2294 2297//2297 2295//2295
f 2295//2295 2297//2297 2298//2298
f 2295//2295 2298//2298 2296//2296
f 2296//2296 2298//2298 2299//2299
f 2297//2297 2300//2300 2298//2298
f 2298//2298 2300//2300 2301//2301
f 2298//2298 2301//2301 2299//2299
f 2299//2299 2301//2301 2302//2302
usemtl leaf_0
f 2303//2303 2306//2306 2304//2304
f 2304//2304 2306//2306 2307//2307
f 2304//2304 2307//2307 2305//2305
f 2305//2305 2307//2307 2308//2308
f 2306//2306 2309//2309 2307//2307
f 2307//2307 2309//2309 2310//2310
f 2307//2307 2310//2310 2308//2308
f 2308//2308 2310//2310 2311//2311
f 2309//2309 2312//2312 2310//2310
f 2310//2310 2312//2312 2313//2313
f 2310//2310 2313//2313 2311//2311
f 2311//2311 2313//2313 2314//2314
f 2312//2312 2315//2315 2313//2313
f 2313//2313 2315//2315 2316//2316
f 2313//2313 2316//2316 2314//2314
f 2314//2314 2316//2316 2317//2317
f 2315//2315 2318//2318 2316//2316
f 2316//2316 2318//2318 2319//2319
f 2316//2316 2319//2319 2317//2317
f 2317//2317 2319//2319 2320//2320
usemtl leaf_1
f 2321//2321 2324//2324 2322//2322
f 2322//2322 2324//2324 2325//2325
f 2322//2322 2325//2325 2323//2323
f 2323//2323 2325//2325 2326//2326
f 2324//2324 2327//2327 2325//2325
f 2325//2325 2327//2327 2328//2328
f 2325//2325 2328//2328 2326//2326
f 2326//2326 2328//2328 2329//2329
f 2327//2327 2330//2330 2328//2328
f 2328//2328 2330//2330 2331//2331
f 2328//2328 2331//2331 2329//2329
f 2329//2329 2331//2331 2332//2332
f 2330//2330 2333//2333 2331//2331
f 2331//2331 2333//2333 2334//2334
f 2331//2331 2334//2334 2332//2332
f 2332//2332 2334//2334 2335//2335
f 2333//2333 2336//2336 2334//2334
f 2334//2334 2336//2336 2337//2337
f 2334//2334 2337//2337 2335//2335
f 2335//2335 2337//2337 2338//2338
usemtl leaf_2
f 2339//2339 2342//2342 2340//2340
f 2340//2340 2342//2342 2343//2343
f 2340//2340 2343//2343 2341//2341
f 2341//2341 2343//2343 2344//2344
f 2342//2342 2345//2345 2343//2343
f 2343//2343 2345//2345 2346//2346
f 2343//2343 2346//2346 2344//2344
f 2344//2344 2346//2346 2347//2347
f 2345//2345 2348//2348 2346//2346
f 2346//2346 2348//2348 2349//2349
f 2346//2346 2349//2349 2347//2347
f 2347//2347 2349//2349 2350//2350
f 2348//2348 2351//2351 2349//2349
f 2349//2349 2351//2351 2352//2352
f 2349//2349 2352//2352 2350//2350
f 2350//2350 2352//2352 2353//2353
f 2351//2351 2354//2354 2352//2352
f 2352//2352 2354//2354 2355//2355
f 2352//2352 2355//2355 2353//2353
f 2353//2353 2355//2355 2356//2356
usemtl leaf_3
f 2357//2357 2360//2360 2358//2358
f 2358//2358 2360//2360 2361//2361
f 2358//2358 2361//2361 2359//2359
f 2359//2359 2361//2361 2362//2362
f 2360//2360 2363//2363 2361//2361
f 2361//2361 2363//2363 2364//2364
f 2361//2361 2364//2364 2362//2362
f 2362//2362 2364//2364 2365//2365
f 2363//2363 2366//2366 2364//2364
f 2364//2364 2366//2366 2367//2367
f 2364//2364 2367//2367 2365//2365
f 2365//2365 2367//2367 2368//2368
f 2366//2366 2369//2369 2367//2367
f 2367//2367 2369//2369 2370//2370
f 2367//2367 2370//2370 2368//2368
f 2368//2368 2370//2370 2371//2371
f 2369//2369 2372//2372 2370//2370
f 2370//2370 2372//2372 2373//2373
f 2370//2370 2373//2373 2371//2371
f 2371//2371 2373//2373 2374//2374
usemtl leaf_0
f 2375//2375 2378//2378 2376//2376
f 2376//2376 2378//2378 2379//2379
f 2376//2376 2379//2379 2377//2377
f 2377//2377 2379//2379 2380//2380
f 2378//2378 2381//2381 2379//2379
f 2379//2379 2381//2381 2382//2382
f 2379//2379 2382//2382 2380//2380
f 2380//2380 2382//2382 2383//2383
f 2381//2381 2384//2384 2382//2382
f 2382//2382 2384//2384 2385//2385
f 2382//2382 2385//2385 2383//2383
f 2383//2383 2385//2385 2386//2386
f 2384//2384 2387//2387 2385//2385
f 2385//2385 2387//2387 2388//2388
f 2385//2385 2388//2388 2386//2386
f 2386//2386 2388//2388 2389//2389
f 2387//2387 2390//2390 2388//2388
f 2388//2388 2390//2390 2391//2391
f 2388//2388 2391//2391 2389//2389
f 2389//2389 2391//2391 2392//2392
usemtl leaf_1
f 2393//2393 2396//2396 2394//2394
f 2394//2394 2396//2396 2397//2397
f 2394//2394 2397//2397 2395//2395
f 2395//2395 2397//2397 2398//2398
f 2396//2396 2399//2399 2397//2397
f 2397//2397 2399//2399 2400//2400
f 2397//2397 2400//2400 2398//2398
f 2398//2398 2400//2400 2401//2401
f 2399//2399 2402//2402 2400//2400
f 2400//2400 2402//2402 2403//2403
f 2400//2400 2403//2403 2401//2401
f 2401//2401 2403//2403 2404//2404
f 2402//2402 2405//2405 2403//2403
f 2403//2403 2405//2405 2406//2406
f 2403//2403 2406//2406 2404//2404
f 2404//2404 2406//2406 2407//2407
f 2405//2405 2408//2408 2406//2406
f 2406//2406 2408//2408 2409//2409
f 2406//2406 2409//2409 2407//2407
f 2407//2407 2409//2409 2410//2410
usemtl leaf_2
f 2411//2411 2414//2414 2412//2412
f 2412//2412 2414//2414 2415//2415
f 2412//2412 2415//2415 2413//2413
f 2413//2413 2415//2415 2416//2416
f 2414//2414 2417//2417 2415//2415
f 2415//2415 2417//2417 2418//2418
f 2415//2415 2418//2418 2416//2416
f 2416//2416 2418//2418 2419//2419
f 2417//2417 2420//2420 2418//2418
f 2418//2418 2420//2420 2421//2421
f 2418//2418 2421//2421 2419//2419
f 2419//2419 2421//2421 2422//2422
f 2420//2420 2423//2423 2421//2421
f 2421//2421 2423//2423 2424//2424
f 2421//2421 2424//2424 2422//2422
f 2422//2422 2424//2424 2425//2425
f 2423//2423 2426//2426 2424//2424
f 2424//2424 2426//2426 2427//2427
f 2424//2424 2427//2427 2425//2425
f 2425//2425 2427//2427 2428//2428
usemtl leaf_3
f 2429//2429 2432//2432 2430//2430
f 2430//2430 2432//2432 2433//2433
f 2430//2430 2433//2433 2431//2431
f 2431//2431 2433//2433 2434//2434
f 2432//2432 2435//2435 2433//2433
f 2433//2433 2435//2435 2436//2436
f 2433//2433 2436//2436 2434//2434
f 2434//2434 2436//2436 2437//2437
f 2435//2435 2438//2438 2436//2436
f 2436//2436 2438//2438 2439//2439
f 2436//2436 2439//2439 2437//2437
f 2437//2437 2439//2439 2440//2440
f 2438//2438 2441//2441 2439//2439
f 2439//2439 2441//2441 2442//2442
f 2439//2439 2442//2442 2440//2440
f 2440//2440 2442//2442 2443//2443
f 2441//2441 2444//2444 2442//2442
f 2442//2442 2444//2444 2445//2445
f 2442//2442 2445//2445 2443//2443
f 2443//2443 2445//2445 2446//2446
usemtl leaf_0
f 2447//2447 2450//2450 2448//2448
f 2448//2448 2450//2450 2451//2451
f 2448//2448 2451//2451 2449//2449
f 2449//2449 2451//2451 2452//2452
f 2450//2450 2453//2453 2451//2451
f 2451//2451 2453//2453 2454//2454
f 2451//2451 2454//2454 2452//2452
f 2452//2452 2454//2454 2455//2455
f 2453//2453 2456//2456 2454//2454
f 2454//2454 2456//2456 2457//2457
f 2454//2454 2457//2457 2455//2455
f 2455//2455 2457//2457 2458//2458
f 2456//2456 2459//2459 2457//2457
f 2457//2457 2459//2459 2460//2460
f 2457//2457 2460//2460 2458//2458
f 2458//2458 2460//2460 2461//2461
f 2459//2459 2462//2462 2460//2460
f 2460//2460 2462//2462 2463//2463
f 2460//2460 2463//2463 2461//2461
f 2461//2461 2463//2463 2464//2464
usemtl leaf_1
f 2465//2465 2468//2468 2466//2466
f 2466//2466 2468//2468 2469//2469
f 2466//2466 2469//2469 2467//2467
f 2467//2467 2469//2469 2470//2470
f 2468//2468 2471//2471 2469//2469
f 2469//2469 2471//2471 2472//2472
f 2469//2469 2472//2472 2470//2470
f 2470//2470 2472//2472 2473//2473
f 2471//2471 2474//2474 2472//2472
f 2472//2472 2474//2474 2475//2475
f 2472//2472 2475//2475 2473//2473
f 2473//2473 2475//2475 2476//2476
f 2474//2474 2477//2477 2475//2475
f 2475//2475 2477//2477 2478//2478
f 2475//2475 2478//2478 2476//2476
f 2476//2476 2478//2478 2479//2479
f 2477//2477 2480//2480 2478//2478
f 2478//2478 2480//2480 2481//2481
f 2478//2478 2481//2481 2479//2479
f 2479//2479 2481//2481 2482//2482
usemtl leaf_2
f 2483//2483 2486//2486 2484//2484
f 2484//2484 2486//2486 2487//2487
f 2484//2484 2487//2487 2485//2485
f 2485//2485 2487//2487 2488//2488
f 2486//2486 2489//2489 2487//2487
f 2487//2487 2489//2489 2490//2490
f 2487//2487 2490//2490 2488//2488
f 2488//2488 2490//2490 2491//2491
f 2489//2489 2492//2492 2490//2490
f 2490//2490 2492//2492 2493//2493
f 2490//2490 2493//2493 2491//2491
f 2491//2491 2493//2493 2494//2494
f 2492//2492 2495//2495 2493//2493
f 2493//2493 2495//2495 2496//2496
f 2493//2493 2496//2496 2494//2494
f 2494//2494 2496//2496 2497//2497
f 2495//2495 2498//2498 2496//2496
f 2496//2496 2498//2498 2499//2499
f 2496//2496 2499//2499 2497//2497
f 2497//2497 2499//2499 2500//2500
usemtl leaf_3
f 2501//2501 2504//2504 2502//2502
f 2502//2502 2504//2504 2505//2505
f 2502//2502 2505//2505 2503//2503
f 2503//2503 2505//2505 2506//2506
f 2504//2504 2507//2507 2505//2505
f 2505//2505 2507//2507 2508//2508
f 2505//2505 2508//2508 2506//2506
f 2506//2506 2508//2508 2509//2509
f 2507//2507 2510//2510 2508//2508
f 2508//2508 2510//2510 2511//2511
f 2508//2508 2511//2511 2509//2509
f 2509//2509 2511//2511 2512//2512
f 2510//2510 2513//2513 2511//2511
f 2511//2511 2513//2513 2514//2514
f 2511//2511 2514//2514 2512//2512
f 2512//2512 2514//2514 2515//2515
f 2513//2513 2516//2516 2514//2514
f 2514//2514 2516//2516 2517//2517
f 2514//2514 2517//2517 2515//2515
f 2515//2515 2517//2517 2518//2518
usemtl leaf_0
f 2519//2519 2522//2522 2520//2520
f 2520//2520 2522//2522 2523//2523
f 2520//2520 2523//2523 2521//2521
f 2521//2521 2523//2523 2524//2524
f 2522//2522 2525//2525 2523//2523
f 2523//2523 2525//2525 2526//2526
f 2523//2523 2526//2526 2524//2524
f 2524//2524 2526//2526 2527//2527
f 2525//2525 2528//2528 2526//2526
f 2526//2526 2528//2528 2529//2529
f 2526//2526 2529//2529 2527//2527
f 2527//2527 2529//2529 2530//2530
f 2528//2528 2531//2531 2529//2529
f 2529//2529 2531//2531 2532//2532
f 2529//2529 2532//2532 2530//2530
f 2530//2530 2532//2532 2533//2533
f 2531//2531 2534//2534 2532//2532
f 2532//2532 2534//2534 2535//2535
f 2532//2532 2535//2535 2533//2533
f 2533//2533 2535//2535 2536//2536
usemtl leaf_1
f 2537//2537 2540//2540 2538//2538
f 2538//2538 2540//2540 2541//2541
f 2538//2538 2541//2541 2539//2539
f 2539//2539 2541//2541 2542//2542
f 2540//2540 2543//2543 2541//2541
f 2541//2541 2543//2543 2544//2544
f 2541//2541 2544//2544 2542//2542
f 2542//2542 2544//2544 2545//2545
f 2543//2543 2546//2546 2544//2544
f 2544//2544 2546//2546 2547//2547
f 2544//2544 2547//2547 2545//2545
f 2545//2545 2547//2547 2548//2548
f 2546//2546 2549//2549 2547//2547
f 2547//2547 2549//2549 2550//2550
f 2547//2547 2550//2550 2548//2548
f 2548//2548 2550//2550 2551//2551
f 2549//2549 2552//2552 2550//2550
f 2550//2550 2552//2552 2553//2553
f 2550//2550 2553//2553 2551//2551
f 2551//2551 2553//2553 2554//2554
usemtl leaf_2
f 2555//2555 2558//2558 2556//2556
f 2556//2556 2558//2558 2559//2559
f 2556//2556 2559//2559 2557//2557
f 2557//2557 2559//2559 2560//2560
f 2558//2558 2561//2561 2559//2559
f 2559//2559 2561//2561 2562//2562
f 2559//2559 2562//2562 2560//2560
f 2560//2560 2562//2562 2563//2563
f 2561//2561 2564//2564 2562//2562
f 2562//2562 2564//2564 2565//2565
f 2562//2562 2565//2565 2563//2563
f 2563//2563 2565//2565 2566//2566
f 2564//2564 2567//2567 2565//2565
f 2565//2565 2567//2567 2568//2568
f 2565//2565 2568//2568 2566//2566
f 2566//2566 2568//2568 2569//2569
f 2567//2567 2570//2570 2568//2568
f 2568//2568 2570//2570 2571//2571
f 2568//2568 2571//2571 2569//2569
f 2569//2569 2571//2571 2572//2572
usemtl leaf_3
f 2573//2573 2576//2576 2574//2574
f 2574//2574 2576//2576 2577//2577
f 2574//2574 2577//2577 2575//2575
f 2575//2575 2577//2577 2578//2578
f 2576//2576 2579//2579 2577//2577
f 2577//2577 2579//2579 2580//2580
f 2577//2577 2580//2580 2578//2578
f 2578//2578 2580//2580 2581//2581
f 2579//2579 2582//2582 2580//2580
f 2580//2580 2582//2582 2583//2583
f 2580//2580 2583//2583 2581//2581
f 2581//2581 2583//2583 2584//2584
f 2582//2582 2585//2585 2583//2583
f 2583//2583 2585//2585 2586//2586
f 2583//2583 2586//2586 2584//2584
f 2584//2584 2586//2586 2587//2587
f 2585//2585 2588//2588 2586//2586
f 2586//2586 2588//2588 2589//2589
f 2586//2586 2589//2589 2587//2587
f 2587//2587 2589//2589 2590//2590
usemtl leaf_0
f 2591//2591 2594//2594 2592//2592
f 2592//2592 2594//2594 2595//2595
f 2592//2592 2595//2595 2593//2593
f 2593//2593 2595//2595 2596//2596
f 2594//2594 2597//2597 2595//2595
f 2595//2595 2597//2597 2598//2598
f 2595//2595 2598//2598 2596//2596
f 2596//2596 2598//2598 2599//2599
f 2597//2597 2600//2600 2598//2598
f 2598//2598 2600//2600 2601//2601
f 2598//2598 2601//2601 2599//2599
f 2599//2599 2601//2601 2602//2602
f 2600//2600 2603//2603 2601//2601
f 2601//2601 2603//2603 2604//2604
f 2601//2601 2604//2604 2602//2602
f 2602//2602 2604//2604 2605//2605
f 2603//2603 2606//2606 2604//2604
f 2604//2604 2606//2606 2607//2607
f 2604//2604 2607//2607 2605//2605
f 2605//2605 2607//2607 2608//2608
usemtl leaf_1
f 2609//2609 2612//2612 2610//2610
f 2610//2610 2612//2612 2613//2613
f 2610//2610 2613//2613 2611//2611
f 2611//2611 2613//2613 2614//2614
f 2612//2612 2615//2615 2613//2613
f 2613//2613 2615//2615 2616//2616
f 2613//2613 2616//2616 2614//2614
f 2614//2614 2616//2616 2617//2617
f 2615//2615 2618//2618 2616//2616
f 2616//2616 2618//2618 2619//2619
f 2616//2616 2619//2619 2617//2617
f 2617//2617 2619//2619 2620//2620
f 2618//2618 2621//2621 2619//2619
f 2619//2619 2621//2621 2622//2622
f 2619//2619 2622//2622 2620//2620
f 2620//2620 2622//2622 2623//2623
f 2621//2621 2624//2624 2622//2622
f 2622//2622 2624//2624 2625//2625
f 2622//2622 2625//2625 2623//2623
f 2623//2623 2625//2625 2626//2626
usemtl leaf_2
f 2627//2627 2630//2630 2628//2628
f 2628//2628 2630//2630 2631//2631
f 2628//2628 2631//2631 2629//2629
f 2629//2629 2631//2631 2632//2632
f 2630//2630 2633//2633 2631//2631
f 2631//2631 2633//2633 2634//2634
f 2631//2631 2634//2634 2632//2632
f 2632//2632 2634//2634 2635//2635
f 2633//2633 2636//2636 2634//2634
f 2634//2634 2636//2636 2637//2637
f 2634//2634 2637//2637 2635//2635
f 2635//2635 2637//2637 2638//2638
f 2636//2636 2639//2639 2637//2637
f 2637//2637 2639//2639 2640//2640
f 2637//2637 2640//2640 2638//2638
f 2638//2638 2640//2640 2641//2641
f 2639//2639 2642//2642 2640//2640
f 2640//2640 2642//2642 2643//2643
f 2640//2640 2643//2643 2641//2641
f 2641//2641 2643//2643 2644//2644
usemtl leaf_3
f 2645//2645 2648//2648 2646//2646
f 2646//2646 2648//2648 2649//2649
f 2646//2646 2649//2649 2647//2647
f 2647//2647 2649//2649 2650//2650
f 2648//2648 2651//2651 2649//2649
f 2649//2649 2651//2651 2652//2652
f 2649//2649 2652//2652 2650//2650
f 2650//2650 2652//2652 2653//2653
f 2651//2651 2654//2654 2652//2652
f 2652//2652 2654//2654 2655//2655
f 2652//2652 2655//2655 2653//2653
f 2653//2653 2655//2655 2656//2656
f 2654//2654 2657//2657 2655//2655
f 2655//2655 2657//2657 2658//2658
f 2655//2655 2658//2658 2656//2656
f 2656//2656 2658//2658 2659//2659
f 2657//2657 2660//2660 2658//2658
f 2658//2658 2660//2660 2661//2661
f 2658//2658 2661//2661 2659//2659
f 2659//2659 2661//2661 2662//2662
usemtl leaf_0
f 2663//2663 2666//2666 2664//2664
f 2664//2664 2666//2666 2667//2667
f 2664//2664 2667//2667 2665//2665
f 2665//2665 2667//2667 2668//2668
f 2666//2666 2669//2669 2667//2667
f 2667//2667 2669//2669 2670//2670
f 2667//2667 2670//2670 2668//2668
f 2668//2668 2670//2670 2671//2671
f 2669//2669 2672//2672 2670//2670
f 2670//2670 2672//2672 2673//2673
f 2670//2670 2673//2673 2671//2671
f 2671//2671 2673//2673 2674//2674
f 2672//2672 2675//2675 2673//2673
f 2673//2673 2675//2675 2676//2676
f 2673//2673 2676//2676 2674//2674
f 2674//2674 2676//2676 2677//2677
f 2675//2675 2678//2678 2676//2676
f 2676//2676 2678//2678 2679//2679
f 2676//2676 2679//2679 2677//2677
f 2677//2677 2679//2679 2680//2680
usemtl leaf_1
f 2681//2681 2684//2684 2682//2682
f 2682//2682 2684//2684 2685//2685
f 2682//2682 2685//2685 2683//2683
f 2683//2683 2685//2685 2686//2686
f 2684//2684 2687//2687 2685//2685
f 2685//2685 2687//2687 2688//2688
f 2685//2685 2688//2688 2686//2686
f 2686//2686 2688//2688 2689//2689
f 2687//2687 2690//2690 2688//2688
f 2688//2688 2690//2690 2691//2691
f 2688//2688 2691//2691 2689//2689
f 2689//2689 2691//2691 2692//2692
f 2690//2690 2693//2693 2691//2691
f 2691//2691 2693//2693 2694//2694
f 2691//2691 2694//2694 2692//2692
f 2692//2692 2694//2694 2695//2695
f 2693//2693 2696//2696 2694//2694
f 2694//2694 2696//2696 2697//2697
f 2694//2694 2697//2697 2695//2695
f 2695//2695 2697//2697 2698//2698
usemtl leaf_2
f 2699//2699 2702//2702 2700//2700
f 2700//2700 2702//2702 2703//2703
f 2700//2700 2703//2703 2701//2701
f 2701//2701 2703//2703 2704//2704
f 2702//2702 2705//2705 2703//2703
f 2703//2703 2705//2705 2706//2706
f 2703//2703 2706//2706 2704//2704
f 2704//2704 2706//2706 2707//2707
f 2705//2705 2708//2708 2706//2706
f 2706//2706 2708//2708 2709//2709
f 2706//2706 2709//2709 2707//2707
f 2707//2707 2709//2709 2710//2710
f 2708//2708 2711//2711 2709//2709
f 2709//2709 2711//2711 2712//2712
f 2709//2709 2712//2712 2710//2710
f 2710//2710 2712//2712 2713//2713
f 2711//2711 2714//2714 2712//2712
f 2712//2712 2714//2714 2715//2715
f 2712//2712 2715//2715 2713//2713
f 2713//2713 2715//2715 2716//2716
usemtl leaf_3
f 2717//2717 2720//2720 2718//2718
f 2718//2718 2720//2720 2721//2721
f 2718//2718 2721//2721 2719//2719
f 2719//2719 2721//2721 2722//2722
f 2720//2720 2723//2723 2721//2721
f 2721//2721 2723//2723 2724//2724
f 2721//2721 2724//2724 2722//2722
f 2722//2722 2724//2724 2725//2725
f 2723//2723 2726//2726 2724//2724
f 2724//2724 2726//2726 2727//2727
f 2724//2724 2727//2727 2725//2725
f 2725//2725 2727//2727 2728//2728
f 2726//2726 2729//2729 2727//2727
f 2727//2727 2729//2729 2730//2730
f 2727//2727 2730//2730 2728//2728
f 2728//2728 2730//2730 2731//2731
f 2729//2729 2732//2732 2730//2730
f 2730//2730 2732//2732 2733//2733
f 2730//2730 2733//2733 2731//2731
f 2731//2731 2733//2733 2734//2734
usemtl leaf_0
f 2735//2735 2738//2738 2736//2736
f 2736//2736 2738//2738 2739//2739
f 2736//2736 2739//2739 2737//2737
f 2737//2737 2739//2739 2740//2740
f 2738//2738 2741//2741 2739//2739
f 2739//2739 2741//2741 2742//2742
f 2739//2739 2742//2742 2740//2740
f 2740//2740 2742//2742 2743//2743
f 2741//2741 2744//2744 2742//2742
f 2742//2742 2744//2744 2745//2745
f 2742//2742 2745//2745 2743//2743
f 2743//2743 2745//2745 2746//2746
f 2744//2744 2747//2747 2745//2745
f 2745//2745 2747//2747 2748//2748
f 2745//2745 2748//2748 2746//2746
f 2746//2746 2748//2748 2749//2749
f 2747//2747 2750//2750 2748//2748
f 2748//2748 2750//2750 2751//2751
f 2748//2748 2751//2751 2749//2749
f 2749//2749 2751//2751 2752//2752
usemtl leaf_1
f 2753//2753 2756//2756 2754//2754
f 2754//2754 2756//2756 2757//2757
f 2754//2754 2757//2757 2755//2755
f 2755//2755 2757//2757 2758//2758
f 2756//2756 2759//2759 2757//2757
f 2757//2757 2759//2759 2760//2760
f 2757//2757 2760//2760 2758//2758
f 2758//2758 2760//2760 2761//2761
f 2759//2759 2762//2762 2760//2760
f 2760//2760 2762//2762 2763//2763
f 2760//2760 2763//2763 2761//2761
f 2761//2761 2763//2763 2764//2764
f 2762//2762 2765//2765 2763//2763
f 2763//2763 2765//2765 2766//2766
f 2763//2763 2766//2766 2764//2764
f 2764//2764 2766//2766 2767//2767
f 2765//2765 2768//2768 2766//2766
f 2766//2766 2768//2768 2769//2769
f 2766//2766 2769//2769 2767//2767
f 2767//2767 2769//2769 2770//2770
usemtl leaf_2
f 2771//2771 2774//2774 2772//2772
f 2772//2772 2774//2774 2775//2775
f 2772//2772 2775//2775 2773//2773
f 2773//2773 2775//2775 2776//2776
f 2774//2774 2777//2777 2775//2775
f 2775//2775 2777//2777 2778//2778
f 2775//2775 2778//2778 2776//2776
f 2776//2776 2778//2778 2779//2779
f 2777//2777 2780//2780 2778//2778
f 2778//2778 2780//2780 2781//2781
f 2778//2778 2781//2781 2779//2779
f 2779//2779 2781//2781 2782//2782
f 2780//2780 2783//2783 2781//2781
f 2781//2781 2783//2783 2784//2784
f 2781//2781 2784//2784 2782//2782
f 2782//2782 2784//2784 2785//2785
f 2783//2783 2786//2786 2784//2784
f 2784//2784 2786//2786 2787//2787
f 2784//2784 2787//2787 2785//2785
f 2785//2785 2787//2787 2788//2788
usemtl leaf_3
f 2789//2789 2792//2792 2790//2790
f 2790//2790 2792//2792 2793//2793
f 2790//2790 2793//2793 2791//2791
f 2791//2791 2793//2793 2794//2794
f 2792//2792 2795//2795 2793//2793
f 2793//2793 2795//2795 2796//2796
f 2793//2793 2796//2796 2794//2794
f 2794//2794 2796//2796 2797//2797
f 2795//2795 2798//2798 2796//2796
f 2796//2796 2798//2798 2799//2799
f 2796//2796 2799//2799 2797//2797
f 2797//2797 2799//2799 2800//2800
f 2798//2798 2801//2801 2799//2799
f 2799//2799 2801//2801 2802//2802
f 2799//2799 2802//2802 2800//2800
f 2800//2800 2802//2802 2803//2803
f 2801//2801 2804//2804 2802//2802
f 2802//2802 2804//2804 2805//2805
f 2802//2802 2805//2805 2803//2803
f 2803//2803 2805//2805 2806//2806
usemtl leaf_0
f 2807//2807 2810//2810 2808//2808
f 2808//2808 2810//2810 2811//2811
f 2808//2808 2811//2811 2809//2809
f 2809//2809 2811//2811 2812//2812
f 2810//2810 2813//2813 2811//2811
f 2811//2811 2813//2813 2814//2814
f 2811//2811 2814//2814 2812//2812
f 2812//2812 2814//2814 2815//2815
f 2813//2813 2816//2816 2814//2814
f 2814//2814 2816//2816 2817//2817
f 2814//2814 2817//2817 2815//2815
f 2815//2815 2817//2817 2818//2818
f 2816//2816 2819//2819 2817//2817
f 2817//2817 2819//2819 2820//2820
f 2817//2817 2820//2820 2818//2818
f 2818//2818 2820//2820 2821//2821
f 2819//2819 2822//2822 2820//2820
f 2820//2820 2822//2822 2823//2823
f 2820//2820 2823//2823 2821//2821
f 2821//2821 2823//2823 2824//2824
usemtl leaf_1
f 2825//2825 2828//2828 2826//2826
f 2826//2826 2828//2828 2829//2829
f 2826//2826 2829//2829 2827//2827
f 2827//2827 2829//2829 2830//2830
f 2828//2828 2831//2831 2829//2829
f 2829//2829 2831//2831 2832//2832
f 2829//2829 2832//2832 2830//2830
f 2830//2830 2832//2832 2833//2833
f 2831//2831 2834//2834 2832//2832
f 2832//2832 2834//2834 2835//2835
f 2832//2832 2835//2835 2833//2833
f 2833//2833 2835//2835 2836//2836
f 2834//2834 2837//2837 2835//2835
f 2835//2835 2837//2837 2838//2838
f 2835//2835 2838//2838 2836//2836
f 2836//2836 2838//2838 2839//2839
f 2837//2837 2840//2840 2838//2838
f 2838//2838 2840//2840 2841//2841
f 2838//2838 2841//2841 2839//2839
f 2839//2839 2841//2841 2842//2842
usemtl leaf_2
f 2843//2843 2846//2846 2844//2844
f 2844//2844 2846//2846 2847//2847
f 2844//2844 2847//2847 2845//2845
f 2845//2845 2847//2847 2848//2848
f 2846//2846 2849//2849 2847//2847
f 2847//2847 2849//2849 2850//2850
f 2847//2847 2850//2850 2848//2848
f 2848//2848 2850//2850 2851//2851
f 2849//2849 2852//2852 2850//2850
f 2850//2850 2852//2852 2853//2853
f 2850//2850 2853//2853 2851//2851
f 2851//2851 2853//2853 2854//2854
f 2852//2852 2855//2855 2853//2853
f 2853//2853 2855//2855 2856//2856
f 2853//2853 2856//2856 2854//2854
f 2854//2854 2856//2856 2857//2857
f 2855//2855 2858//2858 2856//2856
f 2856//2856 2858//2858 2859//2859
f 2856//2856 2859//2859 2857//2857
f 2857//2857 2859//2859 2860//2860
usemtl leaf_3
f 2861//2861 2864//2864 2862//2862
f 2862//2862 2864//2864 2865//2865
f 2862//2862 2865//2865 2863//2863
f 2863//2863 2865//2865 2866//2866
f 2864//2864 2867//2867 2865//2865
f 2865//2865 2867//2867 2868//2868
f 2865//2865 2868//2868 2866//2866
f 2866//2866 2868//2868 2869//2869
f 2867//2867 2870//2870 2868//2868
f 2868//2868 2870//2870 2871//2871
f 2868//2868 2871//2871 2869//2869
f 2869//2869 2871//2871 2872//2872
f 2870//2870 2873//2873 2871//2871
f 2871//2871 2873//2873 2874//2874
f 2871//2871 2874//2874 2872//2872
f 2872//2872 2874//2874 2875//2875
f 2873//2873 2876//2876 2874//2874
f 2874//2874 2876//2876 2877//2877
f 2874//2874 2877//2877 2875//2875
f 2875//2875 2877//2877 2878//2878
usemtl leaf_0
f 2879//2879 2882//2882 2880//2880
f 2880//2880 2882//2882 2883//2883
f 2880//2880 2883//2883 2881//2881
f 2881//2881 2883//2883 2884//2884
f 2882//2882 2885//2885 2883//2883
f 2883//2883 2885//2885 2886//2886
f 2883//2883 2886//2886 2884//2884
f 2884//2884 2886//2886 2887//2887
f 2885//2885 2888//2888 2886//2886
f 2886//2886 2888//2888 2889//2889
f 2886//2886 2889//2889 2887//2887
f 2887//2887 2889//2889 2890//2890
f 2888//2888 2891//2891 2889//2889
f 2889//2889 2891//2891 2892//2892
f 2889//2889 2892//2892 2890//2890
f 2890//2890 2892//2892 2893//2893
f 2891//2891 2894//2894 2892//2892
f 2892//2892 2894//2894 2895//2895
f 2892//2892 2895//2895 2893//2893
f 2893//2893 2895//2895 2896//2896
usemtl leaf_1
f 2897//2897 2900//2900 2898//2898
f 2898//2898 2900//2900 2901//2901
f 2898//2898 2901//2901 2899//2899
f 2899//2899 2901//2901 2902//2902
f 2900//2900 2903//2903 2901//2901
f 2901//2901 2903//2903 2904//2904
f 2901//2901 2904//2904 2902//2902
f 2902//2902 2904//2904 2905//2905
f 2903//2903 2906//2906 2904//2904
f 2904//2904 2906//2906 2907//2907
f 2904//2904 2907//2907 2905//2905
f 2905//2905 2907//2907 2908//2908
f 2906//2906 2909//2909 2907//2907
f 2907//2907 2909//2909 2910//2910
f 2907//2907 2910//2910 2908//2908
f 2908//2908 2910//2910 2911//2911
f 2909//2909 2912//2912 2910//2910
f 2910//2910 2912//2912 2913//2913
f 2910//2910 2913//2913 2911//2911
f 2911//2911 2913//2913 2914//2914
usemtl leaf_2
f 2915//2915 2918//2918 2916//2916
f 2916//2916 2918//2918 2919//2919
f 2916//2916 2919//2919 2917//2917
f 2917//2917 2919//2919 2920//2920
f 2918//2918 2921//2921 2919//2919
f 2919//2919 2921//2921 2922//2922
f 2919//2919 2922//2922 2920//2920
f 2920//2920 2922//2922 2923//2923
f 2921//2921 2924//2924 2922//2922
f 2922//2922 2924//2924 2925//2925
f 2922//2922 2925//2925 2923//2923
f 2923//2923 2925//2925 2926//2926
f 2924//2924 2927//2927 2925//2925
f 2925//2925 2927//2927 2928//2928
f 2925//2925 2928//2928 2926//2926
f 2926//2926 2928//2928 2929//2929
f 2927//2927 2930//2930 2928//2928
f 2928//2928 2930//2930 2931//2931
f 2928//2928 2931//2931 2929//2929
f 2929//2929 2931//2931 2932//2932
usemtl leaf_3
f 2933//2933 2936//2936 2934//2934
f 2934//2934 2936//2936 2937//2937
f 2934//2934 2937//2937 2935//2935
f 2935//2935 2937//2937 2938//2938
f 2936//2936 2939//2939 2937//2937
f 2937//2937 2939//2939 2940//2940
f 2937//2937 2940//2940 2938//2938
f 2938//2938 2940//2940 2941//2941
f 2939//2939 2942//2942 2940//2940
f 2940//2940 2942//2942 2943//2943
f 2940//2940 2943//2943 2941//2941
f 2941//2941 2943//2943 2944//2944
f 2942//2942 2945//2945 2943//2943
f 2943//2943 2945//2945 2946//2946
f 2943//2943 2946//2946 2944//2944
f 2944//2944 2946//2946 2947//2947
f 2945//2945 2948//2948 2946//2946
f 2946//2946 2948//2948 2949//2949
f 2946//2946 2949//2949 2947//2947
f 2947//2947 2949//2949 2950//2950
usemtl leaf_0
f 2951//2951 2954//2954 2952//2952
f 2952//2952 2954//2954 2955//2955
f 2952//2952 2955//2955 2953//2953
f 2953//2953 2955//2955 2956//2956
f 2954//2954 2957//2957 2955//2955
f 2955//2955 2957//2957 2958//2958
f 2955//2955 2958//2958 2956//2956
f 2956//2956 2958//2958 2959//2959
f 2957//2957 2960//2960 2958//2958
f 2958//2958 2960//2960 2961//2961
f 2958//2958 2961//2961 2959//2959
f 2959//2959 2961//2961 2962//2962
f 2960//2960 2963//2963 2961//2961
f 2961//2961 2963//2963 2964//2964
f 2961//2961 2964//2964 2962//2962
f 2962//2962 2964//2964 2965//2965
f 2963//2963 2966//2966 2964//2964
f 2964//2964 2966//2966 2967//2967
f 2964//2964 2967//2967 2965//2965
f 2965//2965 2967//2967 2968//2968
usemtl leaf_1
f 2969//2969 2972//2972 2970//2970
f 2970//2970 2972//2972 2973//2973
f 2970//2970 2973//2973 2971//2971
f 2971//2971 2973//2973 2974//2974
f 2972//2972 2975//2975 2973//2973
f 2973//2973 2975//2975 2976//2976
f 2973//2973 2976//2976 2974//2974
f 2974//2974 2976//2976 2977//2977
f 2975//2975 2978//2978 2976//2976
f 2976//2976 2978//2978 2979//2979
f 2976//2976 2979//2979 2977//2977
f 2977//2977 2979//2979 2980//2980
f 2978//2978 2981//2981 2979//2979
f 2979//2979 2981//2981 2982//2982
f 2979//2979 2982//2982 2980//2980
f 2980//2980 2982//2982 2983//2983
f 2981//2981 2984//2984 2982//2982
f 2982//2982 2984//2984 2985//2985
f 2982//2982 2985//2985 2983//2983
f 2983//2983 2985//2985 2986//2986
usemtl leaf_2
f 2987//2987 2990//2990 2988//2988
f 2988//2988 2990//2990 2991//2991
f 2988//2988 2991//2991 2989//2989
f 2989//2989 2991//2991 2992//2992
f 2990//2990 2993//2993 2991//2991
f 2991//2991 2993//2993 2994//2994
f 2991//2991 2994//2994 2992//2992
f 2992//2992 2994//2994 2995//2995
f 2993//2993 2996//2996 2994//2994
f 2994//2994 2996//2996 2997//2997
f 2994//2994 2997//2997 2995//2995
f 2995//2995 2997//2997 2998//2998
f 2996//2996 2999//2999 2997//2997
f 2997//2997 2999//2999 3000//3000
f 2997//2997 3000//3000 2998//2998
f 2998//2998 3000//3000 3001//3001
f 2999//2999 3002//3002 3000//3000
f 3000//3000 3002//3002 3003//3003
f 3000//3000 3003//3003 3001//3001
f 3001//3001 3003//3003 3004//3004
usemtl leaf_3
f 3005//3005 3008//3008 3006//3006
f 3006//3006 3008//3008 3009//3009
f 3006//3006 3009//3009 3007//3007
f 3007//3007 3009//3009 3010//3010
f 3008//3008 3011//3011 3009//3009
f 3009//3009 3011//3011 3012//3012
f 3009//3009 3012//3012 3010//3010
f 3010//3010 3012//3012 3013//3013
f 3011//3011 3014//3014 3012//3012
f 3012//3012 3014//3014 3015//3015
f 3012//3012 3015//3015 3013//3013
f 3013//3013 3015//3015 3016//3016
f 3014//3014 3017//3017 3015//3015
f 3015//3015 3017//3017 3018//3018
f 3015//3015 3018//3018 3016//3016
f 3016//3016 3018//3018 3019//3019
f 3017//3017 3020//3020 3018//3018
f 3018//3018 3020//3020 3021//3021
f 3018//3018 3021//3021 3019//3019
f 3019//3019 3021//3021 3022//3022
usemtl leaf_0
f 3023//3023 3026//3026 3024//3024
f 3024//3024 3026//3026 3027//3027
f 3024//3024 3027//3027 3025//3025
f 3025//3025 3027//3027 3028//3028
f 3026//3026 3029//3029 3027//3027
f 3027//3027 3029//3029 3030//3030
f 3027//3027 3030//3030 3028//3028
f 3028//3028 3030//3030 3031//3031
f 3029//3029 3032//3032 3030//3030
f 3030//3030 3032//3032 3033//3033
f 3030//3030 3033//3033 3031//3031
f 3031//3031 3033//3033 3034//3034
f 3032//3032 3035//3035 3033//3033
f 3033//3033 3035//3035 3036//3036
f 3033//3033 3036//3036 3034//3034
f 3034//3034 3036//3036 3037//3037
f 3035//3035 3038//3038 3036//3036
f 3036//3036 3038//3038 3039//3039
f 3036//3036 3039//3039 3037//3037
f 3037//3037 3039//3039 3040//3040
usemtl leaf_1
f 3041//3041 3044//3044 3042//3042
f 3042//3042 3044//3044 3045//3045
f 3042//3042 3045//3045 3043//3043
f 3043//3043 3045//3045 3046//3046
f 3044//3044 3047//3047 3045//3045
f 3045//3045 3047//3047 3048//3048
f 3045//3045 3048//3048 3046//3046
f 3046//3046 3048//3048 3049//3049
f 3047//3047 3050//3050 3048//3048
f 3048//3048 3050//3050 3051//3051
f 3048//3048 3051//3051 3049//3049
f 3049//3049 3051//3051 3052//3052
f 3050//3050 3053//3053 3051//3051
f 3051//3051 3053//3053 3054//3054
f 3051//3051 3054//3054 3052//3052
f 3052//3052 3054//3054 3055//3055
f 3053//3053 3056//3056 3054//3054
f 3054//3054 3056//3056 3057//3057
f 3054//3054 3057//3057 3055//3055
f 3055//3055 3057//3057 3058//3058
usemtl leaf_2
f 3059//3059 3062//3062 3060//3060
f 3060//3060 3062//3062 3063//3063
f 3060//3060 3063//3063 3061//3061
f 3061//3061 3063//3063 3064//3064
f 3062//3062 3065//3065 3063//3063
f 3063//3063 3065//3065 3066//3066
f 3063//3063 3066//3066 3064//3064
f 3064//3064 3066//3066 3067//3067
f 3065//3065 3068//3068 3066//3066
f 3066//3066 3068//3068 3069//3069
f 3066//3066 3069//3069 3067//3067
f 3067//3067 3069//3069 3070//3070
f 3068//3068 3071//3071 3069//3069
f 3069//3069 3071//3071 3072//3072
f 3069//3069 3072//3072 3070//3070
f 3070//3070 3072//3072 3073//3073
f 3071//3071 3074//3074 3072//3072
f 3072//3072 3074//3074 3075//3075
f 3072//3072 3075//3075 3073//3073
f 3073//3073 3075//3075 3076//3076
