# PlantSim plant model
mtllib plant_cherry_lod1.mtl
g branches
v 1.003702 4.466341 -0.389469
v 1.035664 4.414396 -0.383905
v -0.219389 1.685232 -0.052520
v 1.095094 4.467547 -0.398268
v 1.085124 4.409101 -0.382613
v 1.153148 4.418879 -0.380465
v 1.178465 4.461132 -0.392989
v 0.961966 4.474581 -0.378523
v 1.242061 4.475323 -0.391473
v 1.298422 4.473282 -0.381807
v 1.329386 4.462697 -0.353705
v 0.961824 4.503767 -0.379359
v 0.995382 4.545204 -0.390624
v 1.094187 4.536687 -0.406253
v 1.169295 4.535567 -0.404964
v 1.237856 4.550573 -0.398146
v 1.315886 4.537175 -0.381605
v -0.346852 4.313308 0.192391
v 1.007324 4.608689 -0.394059
v 1.094547 4.611889 -0.408225
v 1.165140 4.603909 -0.404903
v -0.039276 3.923726 0.121286
v 1.293031 4.594349 -0.378758
v 1.016025 4.676905 -0.395712
v 1.238519 4.628626 -0.386756
v 1.089107 4.681687 -0.407800
v 1.171246 4.699263 -0.390976
v 0.102169 4.835118 0.434022
v 1.209799 4.668443 -0.386052
v 1.025941 4.755117 -0.385610
v 1.091925 4.747177 -0.395338
v 1.142131 4.751548 -0.386241
v 1.078409 4.794381 -0.367783
v 0.942392 4.377577 -0.344028
v 0.941635 4.324594 -0.316570
v 1.014886 4.319437 -0.328957
v 1.080934 4.324132 -0.326755
v 0.999505 4.389958 -0.368537
v 1.078087 4.375199 -0.365014
v 1.161829 4.368449 -0.340612
v 0.557464 3.997889 0.162550
v 0.797346 5.005926 0.033819
v 1.237006 4.397842 -0.343945
v -0.202299 4.012437 0.044448
v 0.937740 4.455999 -0.360641
v 0.887871 4.407337 -0.319710
v 0.868232 5.007905 0.023662
v 1.311431 4.413604 -0.321638
v 0.331881 3.714187 0.163769
v 0.883039 4.462342 -0.321587
v -0.493187 4.843733 0.476654
v 1.361466 4.465568 -0.324916
v 0.943726 4.544443 -0.363674
v 0.885494 4.516897 -0.315777
v 1.363278 4.544862 -0.335733
v 0.935437 4.609040 -0.344831
v 1.318545 4.621276 -0.341288
v -0.032405 2.666812 0.180737
v 0.942670 4.677507 -0.333670
v 0.542746 3.711359 0.161869
v -0.065280 3.710289 -0.084910
v 1.247057 4.696313 -0.347968
v 0.476890 3.717879 0.181721
v 1.296307 4.674017 -0.322075
v 0.963988 4.747046 -0.336096
v 1.172737 4.774024 -0.348054
v 1.238413 4.748267 -0.315449
v -0.243767 4.341200 0.552309
v 0.995767 4.779505 -0.343943
v 1.012897 4.802959 -0.328495
v 1.093105 4.826696 -0.315042
v 0.911574 4.303651 -0.296991
v 0.867868 4.314199 -0.280434
v 0.930441 4.245745 -0.273235
v 1.017813 4.241452 -0.257280
v 1.098962 4.287148 -0.273797
v 1.164062 4.309664 -0.265126
v 1.156150 4.333657 -0.305163
v -0.341529 4.992731 -0.043735
v 0.850780 4.375004 -0.281576
v -0.178063 4.313778 0.619863
v 1.251151 4.361110 -0.280756
v 1.314177 4.385221 -0.263902
v 0.845264 4.465784 -0.272332
v -0.019506 0.939177 -0.232372
v 1.380124 4.461590 -0.270141
v 0.856530 4.544683 -0.264781
v 1.400643 4.536277 -0.250500
v 0.874634 4.611013 -0.254401
v 1.372068 4.579252 -0.315265
v 1.378423 4.610905 -0.264429
v -0.411424 5.002015 0.123031
v 0.905499 4.621377 -0.297225
v 0.920302 4.697714 -0.264882
v 1.322200 4.698272 -0.260430
v 1.288948 4.746185 -0.252377
v 0.951345 4.763917 -0.259401
v -0.182465 3.196501 0.167064
v 1.252206 4.779190 -0.259386
v 1.016627 4.821384 -0.262921
v 1.091088 4.841474 -0.265313
v 1.158835 4.833695 -0.267467
v 1.207250 4.807683 -0.269228
v -0.028102 0.483397 -0.234299
v -0.029652 1.318726 -0.234522
v 0.025734 1.327937 -0.236517
v -0.027011 1.378955 -0.234124
v -0.205252 0.932304 0.108912
v 0.043501 1.381242 -0.231900
v -0.027784 3.133237 -0.234628
v -0.013913 3.165466 -0.233986
v 0.848039 4.225479 -0.253567
v 0.793611 4.167192 -0.230818
v 0.867694 4.167768 -0.237325
v -0.911450 4.557937 0.532007
v 0.946809 4.185476 -0.239880
v 0.992104 4.192227 -0.231506
v 0.782220 4.243317 -0.237107
v -0.708227 4.306378 0.343319
v 1.367602 4.651496 -0.244389
v 0.782921 4.311368 -0.238052
v 1.088785 4.260819 -0.243840
v 1.220748 4.329472 -0.252474
v -1.085620 4.385592 -0.238287
v -1.025295 4.399287 -0.234041
v 0.806972 4.397467 -0.244578
v -0.247826 3.352101 0.150020
v 1.276629 4.349080 -0.235476
v 0.324377 4.939535 0.737253
v -1.091566 4.453228 -0.238211
v 0.270484 4.542047 0.355194
v -1.125981 4.418725 -0.237998
v 0.187676 2.724366 -0.042190
v -1.029919 4.460493 -0.231243
v 0.814448 4.464735 -0.236349
v 1.360736 4.411097 -0.232493
v 1.011602 4.813931 -0.195079
v 1.168371 4.837805 -0.190436
v 1.089740 4.838896 -0.186780
v -0.042427 -0.043952 -0.208257
v -0.097271 -0.081085 -0.180822
v 0.182450 3.941060 0.337188
v -0.043277 -0.118194 -0.178344
v 0.046429 -0.046802 -0.206842
v 0.044578 -0.105262 -0.185165
v 0.091877 -0.100708 -0.169662
v -1.153414 4.250068 -0.165292
v 0.114230 -0.039352 -0.181276
v 0.499957 3.480080 -0.030284
v -0.119168 -0.041832 -0.178029
v -0.035085 0.044418 -0.213363
v -0.112068 0.028760 -0.188181
v 0.033324 0.047457 -0.214760
v 0.109010 0.036696 -0.187752
v -0.047311 0.114970 -0.204132
v 0.111075 0.111945 -0.179546
v -0.115139 0.106082 -0.176779
v 0.047972 0.115871 -0.204264
v -0.053773 0.196827 -0.188842
v -0.096292 0.169811 -0.176061
v 0.041257 0.186815 -0.193913
v -0.187835 2.064835 -0.114962
v 0.102774 0.184652 -0.169501
v -0.037523 0.262361 -0.192611
v 0.153928 -0.158564 0.011987
v 0.048621 0.259149 -0.189709
v -0.031658 0.341806 -0.210785
v -0.115444 0.335513 -0.177316
v 0.043225 0.332762 -0.206679
v 0.105354 0.337086 -0.182566
v -0.109502 0.406579 -0.200913
v -0.062398 0.375448 -0.215389
v 0.119623 0.407309 -0.195487
v -0.133561 3.634688 0.355594
v -0.024930 0.426285 -0.230631
v -0.267449 4.988586 0.631356
v 0.138348 3.635823 0.352554
v 0.032143 0.419593 -0.228783
v -0.134678 0.480230 -0.195435
v 0.025113 0.475812 -0.234435
v 0.103802 0.490167 -0.211417
v 0.182992 1.082695 -0.108617
v 0.168218 0.484293 -0.167274
v 0.716904 4.985808 -0.034631
v -0.148574 1.150660 -0.142786
v -0.122640 0.564016 -0.195562
v 0.037537 0.550650 -0.228947
v 0.169102 1.156233 -0.117275
v 0.159482 0.548141 -0.170648
v -0.069896 0.569802 -0.218628
v -0.018985 0.569392 -0.228430
v 0.118252 0.570201 -0.195573
v -0.034480 0.637949 -0.208481
v -0.108140 0.640924 -0.181362
v 0.041826 0.646331 -0.205894
v 0.112128 0.636411 -0.179574
v -0.052506 0.707288 -0.190953
v 0.053601 0.708623 -0.190351
v -0.029782 0.787618 -0.206566
v -0.101700 0.778205 -0.179027
v 0.043549 0.780801 -0.202092
v -0.068898 0.848697 -0.213974
v 0.101890 0.786219 -0.179925
v 0.116868 0.856235 -0.192362
v -0.122546 0.846749 -0.188434
v -0.722744 4.773833 0.332563
v -0.020820 0.864152 -0.226686
v -0.243888 4.325624 0.495501
v -0.883131 4.712051 0.490052
v 0.744110 4.793562 0.310321
v 0.032313 0.866255 -0.225062
v -0.145392 0.313096 -0.144584
v -0.133083 0.926552 -0.192481
v -0.070428 0.938660 -0.222506
v 0.033185 0.942726 -0.230670
v 0.103243 0.937458 -0.208630
v 0.182081 0.339961 -0.108934
v 0.165838 0.931030 -0.165086
v -0.120896 1.009618 -0.193921
v -0.211855 1.306713 -0.104433
v 0.123674 1.008502 -0.191072
v -0.069137 1.014791 -0.216584
v -0.019008 1.014966 -0.226632
v -1.204469 4.194717 0.075897
v 0.033410 1.017347 -0.225010
v -0.034962 1.083248 -0.209607
v -0.111506 1.086920 -0.180703
v 0.045418 1.094665 -0.206494
v 0.117504 1.071448 -0.178548
v 0.193728 1.767525 -0.118748
v -0.046166 1.154318 -0.202863
v 0.107921 1.152594 -0.176703
v -0.106790 1.173742 -0.179889
v 0.050431 1.157876 -0.201118
v -0.054381 1.232261 -0.214551
v 0.033085 1.212966 -0.215198
v 0.114803 1.240668 -0.191277
v -0.122351 1.243047 -0.189515
v 0.467527 4.020472 0.058878
v -0.025348 1.268889 -0.228725
v -0.170368 0.778687 0.115768
v 0.033359 1.262674 -0.226366
v 1.244785 4.807932 -0.175478
v -0.135685 1.323365 -0.195620
v 0.103744 1.307685 -0.211730
v 0.164511 1.315442 -0.171764
v -0.122885 1.397248 -0.201337
v 0.118835 1.396218 -0.202110
v -0.389794 4.469686 0.213192
v 0.166865 1.379289 -0.168983
v -0.070352 1.411579 -0.222633
v -0.117911 1.468662 -0.187505
v -0.044377 1.460705 -0.217472
v 0.033193 1.462998 -0.220484
v 0.123272 1.465838 -0.183265
v -0.041116 1.539765 -0.205009
v -0.108663 1.535404 -0.178789
v 0.051896 1.530957 -0.203471
v 0.109616 1.548671 -0.176397
v -0.045006 1.617312 -0.208060
v -0.145912 2.243606 -0.145789
v -0.113971 1.611890 -0.178329
v -0.155835 0.036448 -0.154370
v 0.051975 1.604049 -0.204578
v 0.116337 1.611674 -0.177061
v -0.142058 2.291701 -0.138929
v -0.123092 1.685188 -0.189567
v -0.050095 1.677155 -0.218642
v 0.033529 1.660118 -0.218973
v 0.144774 2.313874 -0.133920
v 0.116759 1.687755 -0.191447
v -0.019291 1.707841 -0.227629
v 0.032920 1.711071 -0.225887
v 0.235337 3.592962 -0.149302
v -0.145447 2.366358 -0.139358
v -0.124324 1.756299 -0.193095
v -0.070169 1.757197 -0.218274
v -0.019328 1.758775 -0.227949
v 0.033755 1.760901 -0.226542
v 0.150000 2.355949 -0.131097
v 0.111929 1.768354 -0.197744
v -0.115788 1.833006 -0.185666
v 1.117612 4.524879 0.094724
v -0.043626 1.834404 -0.212445
v 0.043666 1.839136 -0.213188
v -0.105099 1.613677 0.182451
v -0.217045 4.476376 -0.039115
v 0.124071 1.836575 -0.178425
v -0.037264 1.913816 -0.199522
v -0.096789 1.919486 -0.178141
v 0.051182 1.912685 -0.196523
v 0.107220 1.910919 -0.171383
v -0.132154 -0.127925 0.117160
v -0.041792 1.989351 -0.203248
v 0.128654 -0.122748 0.123076
v 0.051207 1.979117 -0.199195
v -0.072244 -0.144145 0.149791
v -0.112288 1.990544 -0.173337
v 0.101522 1.988349 -0.180402
v -0.124726 2.061367 -0.182648
v -0.040456 2.059791 -0.217330
v 0.032864 2.055902 -0.217817
v 0.109726 2.070242 -0.191026
v -0.148279 1.550537 -0.143937
v -0.116645 2.143225 -0.191627
v -0.044190 2.129911 -0.218539
v 0.033812 2.131868 -0.221867
v 0.114642 2.145008 -0.192049
v -0.147730 1.602347 -0.149289
v -0.108295 2.206644 -0.185574
v -0.043228 2.207897 -0.208585
v -0.677908 4.813709 0.355898
v -1.177926 4.450792 0.123356
v 0.045836 2.215064 -0.208121
v 0.339925 4.963519 0.507106
v 0.111873 2.226101 -0.176942
v -0.046173 2.282349 -0.194313
v 0.051159 2.295994 -0.192085
v -0.041355 2.351528 -0.194903
v -0.093507 2.367007 -0.177922
v 0.055382 2.367646 -0.193761
v -0.040077 2.435588 -0.202820
v 0.045283 2.432473 -0.201783
v 0.104311 2.367288 -0.170815
v 0.109883 2.444005 -0.177425
v -0.112911 2.439631 -0.174642
v 0.225055 2.105682 0.008885
v -0.037494 2.511587 -0.200576
v -0.094746 2.511474 -0.181896
v 0.051024 2.515794 -0.197365
v 0.107333 2.525950 -0.170336
v 0.326456 3.566807 0.179881
v -0.041106 2.574752 -0.186073
v 0.039588 2.582331 -0.186278
v -0.529448 4.425424 0.499650
v -0.039456 2.736278 -0.189923
v -0.022556 2.680853 -0.184687
v 0.038257 2.734915 -0.191157
v -0.492227 4.468194 0.484767
v -0.099785 2.734054 -0.166399
v -0.561437 4.383706 0.478832
v -0.036199 2.808897 -0.199828
v -0.099946 2.811483 -0.178612
v 0.042918 2.815445 -0.198633
v 0.106730 2.807248 -0.173395
v -0.019550 3.514822 -0.136737
v -0.036039 2.882899 -0.199907
v 0.105796 3.509552 -0.125739
v 0.108991 2.884393 -0.172006
v 0.337119 4.744706 0.902473
v 0.482684 4.890386 0.714379
v -0.109652 2.887142 -0.172027
v 0.028321 3.487072 -0.134045
v 0.057772 2.895143 -0.194995
v -0.037333 3.564418 -0.122570
v -0.037072 2.957927 -0.202692
v -0.115384 2.969627 -0.171288
v 0.033672 3.543306 -0.092090
v 0.050791 2.969679 -0.201607
v -0.041615 3.032573 -0.215672
v 0.125360 3.551484 -0.096749
v 0.111113 2.963060 -0.173034
v 0.111141 3.038713 -0.192562
v -0.122947 3.040669 -0.186044
v 0.032264 3.046161 -0.221104
v -0.132277 3.109524 -0.194886
v -0.074477 3.091558 -0.220954
v 0.030811 3.099298 -0.229012
v -0.226558 1.357561 -0.078110
v 0.108823 3.107079 -0.207050
v -0.560820 4.452469 0.573940
v -0.178855 5.058994 0.188663
v 0.166472 3.110261 -0.170864
v -0.119746 3.185892 -0.201852
v 0.024212 3.155093 -0.231631
v 0.166250 3.190484 -0.178935
v -0.063582 3.198969 -0.218961
v -0.258110 4.087460 -0.117855
v -0.280846 4.682069 -0.186563
v -0.870764 4.464354 -0.174796
v 0.043057 3.206981 -0.223096
v 0.101261 3.189684 -0.210567
v -0.133146 3.258952 -0.192520
v -0.045314 3.268773 -0.208893
v 0.043856 3.257198 -0.209252
v 0.118425 3.266406 -0.190746
v -0.143910 2.732741 -0.129372
v -0.112055 3.340749 -0.196338
v 0.135527 2.725049 -0.136705
v 0.112416 3.328972 -0.184227
v -0.099000 3.877934 0.455766
v -0.172170 2.734070 -0.092033
v -0.189810 3.325943 -0.174258
v -0.027156 3.352746 -0.192368
v -0.439999 3.623645 0.028756
v 0.033376 3.342067 -0.186386
v 0.093938 3.886853 0.463520
v 0.173080 2.744906 -0.094819
v 0.187546 3.340163 -0.187017
v 0.042036 3.864366 0.475643
v 0.250691 3.348708 -0.180399
v -0.181481 2.812077 -0.093959
v -0.194114 3.414590 -0.183257
v 1.266544 4.386768 0.227676
v -0.146535 2.813552 -0.143018
v -0.107415 3.416950 -0.192579
v -0.039656 3.415509 -0.179663
v 0.178210 2.816954 -0.099586
v 0.190311 3.409770 -0.189940
v 0.041549 3.805602 0.452089
v 0.261920 3.420073 -0.184648
v -0.175457 2.888768 -0.105534
v -0.183206 3.484114 -0.189600
v -0.145708 2.889648 -0.143614
v -0.113925 3.487285 -0.184969
v 0.165159 2.898170 -0.117777
v 0.192977 3.470044 -0.179830
v -0.183171 2.963923 -0.097304
v -0.187340 3.556786 -0.191762
v -0.263671 3.557106 -0.187501
v -0.145480 2.939341 -0.143669
v -0.127689 3.558694 -0.176855
v -0.261639 3.628950 -0.198799
v -0.191330 3.630924 -0.195506
v -0.134807 3.623416 -0.176918
v -0.324976 3.639972 -0.183997
v 0.415139 3.638262 -0.189640
v -0.631216 4.016068 0.115258
v 0.356130 3.648840 -0.185633
v -0.912229 4.552124 -0.133433
v -0.327908 3.711162 -0.181954
v -0.866312 4.529554 -0.117977
v -0.275761 3.717838 -0.193432
v -0.817234 4.513339 -0.086207
v -0.184423 3.705672 -0.185854
v 0.408273 3.705302 -0.183753
v -0.256796 3.765077 -0.184923
v 0.566492 3.866657 -0.186411
v 1.236090 4.204260 -0.145680
v 0.633610 3.864079 -0.179115
v 0.865322 4.859299 0.289193
v -0.345231 3.928549 -0.190594
v -0.401957 3.862918 -0.180065
v -0.325699 3.875142 -0.186917
v 0.624659 4.537432 -0.132499
v 0.623489 3.918370 -0.186023
v -0.414054 3.928345 -0.190744
v 0.599058 4.529134 -0.090552
v 0.559760 3.929867 -0.179378
v 0.742940 3.901505 0.144821
v 0.103172 3.860259 0.113021
v -1.098220 4.211059 -0.142589
v -0.492040 3.994995 -0.190901
v -0.480628 3.938100 -0.171044
v -1.025974 4.203385 -0.145202
v -0.409701 4.018707 -0.205605
v -0.337212 4.003680 -0.186857
v 0.723738 3.835836 0.122112
v -0.482191 4.074438 -0.214952
v -0.563235 4.614812 -0.112346
v -1.169800 4.222803 -0.133575
v -0.559527 4.021475 -0.175038
v -0.344346 4.087164 -0.193356
v 0.707051 4.077332 -0.202657
v 0.640840 4.009912 -0.181487
v 0.715790 4.005921 -0.187793
v 1.376171 4.690426 -0.116759
v 0.791423 4.015356 -0.185675
v 0.848169 4.029055 -0.178842
v 1.434906 4.600134 -0.095795
v 0.867031 4.067333 -0.195216
v -0.564212 4.689269 -0.115201
v -0.566901 4.077751 -0.197710
v -0.413845 4.086848 -0.216750
v 0.635061 4.082668 -0.175426
v 1.412609 4.629253 -0.123907
v 0.792403 4.088718 -0.214905
v -0.096317 3.479684 0.301643
v 0.937771 4.095594 -0.184991
v 0.181137 0.626333 -0.115174
v -0.641719 4.146320 -0.189854
v -0.631759 4.097623 -0.176984
v -0.564381 4.771125 -0.114334
v -0.557176 4.172606 -0.209231
v 0.705348 4.387448 0.173703
v 1.306668 4.298621 0.208592
v -0.487814 4.164879 -0.218968
v -0.405624 4.164634 -0.214254
v -0.326838 4.167487 -0.178363
v 0.706951 4.171198 -0.206451
v -0.175748 4.850310 0.872591
v -0.935404 4.168192 0.116719
v 0.641970 4.164231 -0.167906
v 0.758267 4.126917 -0.221465
v 0.856450 4.129153 -0.223900
v 0.938840 4.139408 -0.213307
v -0.640245 4.346488 0.453244
v 1.026186 4.786893 -0.094660
v 1.018626 4.159389 -0.194706
v 0.260927 3.560040 -0.168924
v -0.631894 4.227586 -0.193402
v -0.706331 4.167217 -0.175484
v 1.545772 4.456759 0.042369
v 1.068023 4.794479 -0.097554
v 1.079890 4.180341 -0.176927
v -0.698988 4.236857 -0.188136
v 1.207991 4.558091 0.138814
v -0.559792 4.255644 -0.192489
v -0.479213 4.244651 -0.203105
v -0.407411 4.252708 -0.196223
v -0.339471 4.243001 -0.168939
v 1.303189 4.182837 -0.086737
v 1.304396 4.757020 -0.193273
v 0.695213 4.240209 -0.194152
v 1.097078 4.227455 -0.206364
v 1.164957 4.247554 -0.194700
v -0.564676 3.946008 -0.109443
v -1.177572 4.318777 -0.196041
v 0.201533 1.981172 -0.046832
v -0.518027 3.907282 -0.129613
v -0.488451 4.531769 -0.169825
v -1.095937 4.312691 -0.213480
v -1.094417 4.244345 -0.173742
v -1.014185 4.248636 -0.184566
v -0.415520 4.530576 -0.195503
v -1.005851 4.317052 -0.215503
v 0.859339 4.160276 0.201364
v 0.519324 4.840959 0.026752
v -0.331543 4.543125 -0.192903
v -0.930779 4.315065 -0.210098
v -0.949834 4.230708 -0.175656
v -0.869599 4.248037 -0.185620
v -0.276606 4.523254 -0.160095
v -0.236822 3.957407 -0.140559
v -0.850627 4.314372 -0.199943
v 0.982121 4.634787 0.081527
v -0.202957 3.923708 -0.115005
v -0.788169 4.313985 -0.185254
v -0.789966 4.248239 -0.181745
v -1.089937 4.548695 -0.200376
v -0.491533 4.305608 -0.184367
v -0.999953 4.538332 -0.196171
v -0.427623 4.310017 -0.183946
v -0.038778 3.250419 0.250620
v 0.714037 4.314276 -0.198046
v -0.139232 1.920617 0.147515
v 1.248149 4.293831 -0.201643
v 0.659030 4.763183 -0.172091
v 0.609069 4.186816 -0.131633
v 1.233430 4.243174 -0.172888
v 1.304693 4.312524 -0.182764
v 0.187095 0.041987 -0.111000
v -1.213821 4.308238 -0.169435
v -1.064171 4.340333 -0.226092
v 0.715165 4.387880 -0.187860
v -1.175136 4.392546 -0.213934
v -1.229328 4.377790 -0.171628
v -0.937280 4.379228 -0.217813
v -0.854164 4.397658 -0.195226
v -0.791222 4.377993 -0.176231
v 0.768076 4.389558 -0.219319
v 1.335263 4.371892 -0.204288
v -1.172323 4.471021 -0.207059
v -1.218877 4.459043 -0.172284
v -0.347025 4.694348 -0.201605
v -0.938238 4.450857 -0.207415
v 0.773448 4.445953 -0.211214
v 0.712915 4.456927 -0.180188
v 1.370155 4.391639 -0.184189
v 1.406772 4.457551 -0.181208
v -0.423450 4.701564 -0.199364
v -1.000352 4.486489 -0.219868
v -0.347795 4.318141 -0.162550
v -0.950828 4.520996 -0.184506
v 0.793866 3.926429 -0.127668
v 0.789760 4.530654 -0.213048
v -0.566290 4.313391 -0.171769
v -1.164019 4.541390 -0.177790
v 0.716614 4.535537 -0.191876
v 0.775577 3.870030 -0.091065
v 1.418436 4.530502 -0.190377
v -0.260953 4.903768 0.331067
v 1.426013 4.541441 -0.166924
v -0.420860 4.611361 -0.207745
v -0.498416 4.607930 -0.177865
v -0.351220 4.610997 -0.208191
v -0.244999 4.006378 -0.129352
v -0.258360 4.609768 -0.172397
v 0.706610 4.624334 -0.202344
v 0.207418 3.639088 -0.090550
v 0.790013 4.620339 -0.213995
v -0.786511 4.384909 0.415335
v 0.883792 3.992089 -0.127057
v 0.235809 3.632656 -0.128356
v 0.826133 4.589193 -0.222601
v 1.413387 4.588812 -0.180911
v 1.320534 4.653507 0.097865
v -0.478557 4.682206 -0.185669
v -0.629959 4.085428 0.177441
v 0.644124 4.612543 -0.170634
v 1.373331 4.675358 -0.183392
v 0.708466 4.692552 -0.201131
v 0.651216 4.691942 -0.179181
v 0.791800 4.700575 -0.207057
v -0.170376 4.099516 0.500792
v -0.146433 2.518295 -0.140811
v 0.878151 4.705481 -0.204131
v -0.413630 4.752597 -0.186126
v -0.342416 4.765924 -0.183148
v -0.103679 4.533803 0.738487
v 0.719562 4.757117 -0.190642
v 0.286351 3.773657 -0.087089
v 0.864634 4.765556 -0.181967
v 0.337991 3.782688 -0.129726
v 0.924361 4.760329 -0.191455
v 0.788205 4.777900 -0.189059
v -0.124879 -0.127389 -0.124798
v -0.041771 -0.177814 -0.116729
v 0.035364 -0.180739 -0.116921
v 1.509346 4.514085 0.159361
v 0.096274 -0.166894 -0.099480
v 0.125528 -0.120558 -0.132360
v -0.165819 -0.089371 -0.108216
v 0.177681 -0.041589 -0.116856
v -0.153162 -0.015212 -0.156057
v -0.175469 -0.046842 -0.120010
v 0.411545 3.475697 0.132691
v -0.181603 0.044294 -0.118114
v 0.172789 0.114312 -0.118276
v -0.170998 0.112638 -0.121228
v -0.141613 0.183869 -0.139803
v -0.228974 4.709025 0.232713
v -0.850207 4.475573 0.274090
v 0.170872 0.186750 -0.100549
v 0.196685 2.894738 -0.049740
v -0.104574 0.263331 -0.164354
v 0.144428 0.251651 -0.131009
v -0.142292 0.259682 -0.133281
v 0.101265 0.262882 -0.165219
v 0.198180 2.352040 0.028406
v -0.204310 1.000923 -0.101468
v -0.165701 0.410129 -0.160512
v -0.168503 0.929927 -0.163306
v -0.185305 0.343645 -0.106495
v -0.204830 0.933643 -0.110704
v -0.156671 0.353259 -0.151175
v 0.165343 1.006484 -0.159004
v 0.189794 0.403539 -0.126095
v -0.160635 1.004368 -0.162929
v -0.207903 0.423173 -0.101742
v 0.196930 1.012516 -0.110338
v 0.170146 0.412536 -0.156462
v -0.177295 1.081888 -0.115570
v -0.170520 0.481196 -0.165500
v -0.151516 1.073014 -0.151918
v -0.210815 0.491136 -0.105325
v 0.204438 0.488189 -0.117536
v -0.170034 1.163162 -0.119382
v -0.162259 0.557242 -0.164861
v -0.203320 0.559537 -0.107751
v -0.847103 4.674502 0.298165
v 0.198849 0.567105 -0.111279
v -0.152017 0.626859 -0.152558
v 0.218890 2.138177 0.041318
v -0.183914 0.629470 -0.108927
v -0.149386 0.661145 -0.141252
v 0.171769 0.709606 -0.096688
v -0.099877 0.724732 -0.167773
v 0.414128 4.933115 0.713610
v -0.141512 0.704114 -0.137391
v 0.109091 0.709570 -0.163082
v 0.143741 0.726982 -0.134139
v -0.145280 0.754681 -0.137392
v -0.619400 4.047329 -0.154353
v 0.178739 0.788833 -0.105888
v -0.159739 0.849812 -0.157432
v 0.198369 2.279222 0.031476
v -0.176044 0.793355 -0.112775
v 0.186749 0.852934 -0.124101
v -0.196350 0.859053 -0.109986
v 0.167689 0.862292 -0.153581
v 0.201615 0.934404 -0.116004
v -0.160212 1.245809 -0.158665
v -0.192180 1.232464 -0.108664
v 0.187735 1.235595 -0.118407
v -0.403493 4.647192 0.222101
v -1.018301 4.237875 0.163153
v 0.168301 1.257048 -0.154606
v -0.171919 1.324754 -0.165806
v 0.208238 1.315828 -0.111718
v -0.167187 1.398880 -0.165477
v -0.205427 1.389208 -0.115491
v 0.207933 1.394535 -0.107828
v -0.161712 1.465441 -0.152968
v -0.562690 4.856424 0.491080
v -0.195151 1.460671 -0.105470
v -0.407498 4.072532 0.216428
v 0.181709 1.468209 -0.125844
v -0.161813 2.140670 -0.156048
v -0.174745 1.520539 -0.113973
v 0.167944 2.120331 -0.151753
v 0.175428 1.544256 -0.109431
v -0.409213 3.940444 0.187995
v 0.178264 1.620928 -0.116794
v -0.170979 2.293996 -0.103401
v -0.162703 1.698808 -0.159411
v -0.193819 1.677971 -0.110841
v -0.180854 2.215019 -0.112024
v -0.156485 1.639928 -0.152294
v 0.190984 1.688874 -0.118869
v 0.170350 2.289965 -0.101906
v 0.168668 1.703271 -0.153426
v -0.179000 2.368772 -0.094018
v -0.162662 1.771928 -0.160760
v -0.196261 1.752798 -0.116534
v -0.411838 4.685313 0.221588
v 0.179929 2.368703 -0.091465
v 0.164977 1.754369 -0.159436
v -0.157423 1.832460 -0.152759
v -0.188116 1.826293 -0.112270
v 0.182520 1.835398 -0.117576
v -0.145402 1.921730 -0.141771
v -0.219328 1.465557 -0.040240
v 0.169283 1.918902 -0.110529
v 0.147882 1.967321 -0.138176
v -0.147154 2.000528 -0.147781
v 0.178929 1.985494 -0.101546
v -0.157784 2.055989 -0.154577
v -0.633121 4.815511 0.546239
v 0.184184 2.067263 -0.121664
v -0.197929 2.137892 -0.102306
v 0.191736 2.145184 -0.112976
v -0.178212 1.598673 -0.111966
v -0.154019 2.198418 -0.152830
v 0.180615 2.214735 -0.112417
v 0.942942 4.911318 -0.115598
v -0.102919 2.298530 -0.168505
v -0.120534 1.769984 0.192890
v 0.104561 2.284265 -0.170103
v 0.175096 2.435862 -0.109427
v -0.171001 2.442450 -0.118511
v 0.141984 4.078989 0.522876
v 0.176526 2.511076 -0.104128
v -0.107132 2.587347 -0.154848
v 0.129912 2.590568 -0.135535
v -0.133206 2.596936 -0.130006
v 0.093002 2.592383 -0.162561
v 0.856756 3.954041 -0.105064
v -0.125194 2.656104 -0.129752
v -0.083607 2.652134 -0.161664
v -0.277416 4.232021 -0.110869
v 0.032079 2.673123 -0.181393
v 0.080942 2.669063 -0.165163
v 0.128484 2.662999 -0.129813
v 0.453336 4.482249 0.499909
v 0.099012 2.736456 -0.165786
v 0.148858 2.961510 -0.140325
v 0.187656 3.544353 -0.150322
v 0.177783 2.972271 -0.105938
v -0.162361 3.046052 -0.156105
v -0.408915 4.767877 0.458024
v -0.186855 3.026754 -0.113470
v 0.163062 3.034572 -0.150178
v 0.443304 4.775754 0.455697
v 0.192526 3.032896 -0.108393
v 0.170239 -0.086596 0.105776
v -0.171688 3.110512 -0.164155
v -0.204612 3.103595 -0.117833
v -0.477106 4.093794 0.228504
v 0.208380 3.098632 -0.113393
v 1.314962 4.462537 0.232996
v -0.172396 3.184186 -0.168641
v 0.213898 3.177388 -0.138644
v -0.211322 3.185520 -0.125225
v -0.182146 3.260538 -0.166610
v -0.215451 3.243453 -0.132131
v 0.206893 3.266501 -0.168337
v 0.307842 4.331636 0.483573
v 0.254540 3.207194 -0.104420
v 0.271194 3.255513 -0.129870
v -0.245996 3.270026 -0.106017
v 0.267895 3.291327 -0.153642
v 0.236880 4.233874 0.492420
v -1.165441 4.598952 -0.105605
v 0.317811 3.280564 -0.103744
v -0.317184 4.486771 0.482945
v -0.264464 3.339186 -0.120801
v 0.309944 3.333905 -0.150785
v 0.346870 3.330478 -0.114903
v -0.007707 3.801390 0.455874
v -0.250319 3.407632 -0.155394
v -0.284768 3.404768 -0.125379
v 0.033198 3.424376 -0.162584
v 0.106924 3.419811 -0.171203
v 0.339726 3.423685 -0.159145
v 0.362184 3.403610 -0.141196
v -0.256693 3.487626 -0.168258
v 0.271779 3.481882 -0.180656
v 0.396369 3.415511 -0.111910
v 0.425279 3.480543 -0.127159
v -0.298024 3.477390 -0.142564
v -0.042943 3.483514 -0.160649
v 0.140816 3.498622 -0.150641
v 0.329220 3.494918 -0.174914
v 0.377227 3.489772 -0.159157
v 0.328168 3.282250 0.096246
v -0.333082 3.581792 -0.165441
v -0.358481 3.550963 -0.134520
v -0.333989 3.490557 -0.114693
v -0.069694 3.527370 -0.157500
v 0.179651 3.575525 -0.120937
v 0.335854 3.574777 -0.180144
v 0.409470 3.558034 -0.172928
v 0.494238 3.550428 -0.134592
v -0.399598 3.575109 -0.094942
v -0.685023 4.042875 -0.091270
v -0.085966 3.634180 -0.142911
v 0.477184 3.593595 -0.166685
v 0.542413 3.576450 -0.108395
v 0.570044 3.630158 -0.108615
v -1.018408 4.586549 -0.165031
v -0.414291 3.634510 -0.107910
v -0.227727 4.093807 -0.050276
v 0.278581 3.647388 -0.157041
v 0.496662 3.635527 -0.168076
v -0.416880 3.703228 -0.125178
v -0.120007 3.691875 -0.157847
v -0.095752 3.709772 -0.128135
v 0.291614 3.699753 -0.150516
v 0.264166 3.714172 -0.114995
v 0.330109 3.718046 -0.161630
v 0.476745 3.699826 -0.180140
v 0.543299 3.722610 -0.165565
v 0.579422 3.699612 -0.139350
v -0.407343 3.782192 -0.157062
v -0.342730 3.782710 -0.175441
v -0.202019 3.787905 -0.165186
v -0.122258 3.781756 -0.104952
v -0.329348 3.708058 0.179564
v 0.303045 3.744956 -0.133994
v 0.492559 3.776329 -0.177496
v 0.630970 3.722342 -0.116443
v 1.230134 4.768259 -0.036353
v -1.011709 4.175410 -0.110402
v -0.443195 3.770828 -0.127367
v 0.405101 3.791331 -0.158382
v 0.567608 3.799708 -0.178460
v 0.623322 3.786084 -0.159277
v 0.656930 3.774837 -0.140229
v 0.707055 3.786583 -0.102973
v -1.053854 4.653747 -0.079520
v -0.453170 3.852857 -0.155520
v -0.503612 3.855062 -0.111844
v -1.096100 4.182134 -0.104256
v -0.470309 3.786290 -0.106053
v -0.259953 3.865680 -0.167355
v -0.168471 3.851424 -0.110677
v -0.797551 4.146856 -0.135768
v -0.167600 3.812638 -0.133969
v 0.381849 3.812058 -0.135543
v 1.016295 4.119811 -0.164140
v 0.431264 3.842193 -0.152225
v 0.407748 3.869794 -0.117808
v 0.491807 3.859500 -0.170565
v 0.729934 3.861516 -0.135616
v 1.313140 4.232888 -0.133922
v 0.718007 3.888245 -0.155499
v -0.252174 4.528071 -0.143286
v -0.274671 3.931901 -0.168767
v 0.493547 3.953804 -0.150293
v 0.468686 3.952800 -0.132867
v 0.700047 3.945692 -0.175214
v 0.762331 3.936339 -0.154942
v -0.589269 3.988148 -0.128284
v -0.227882 4.587234 -0.145863
v -0.271301 3.978695 -0.159189
v 0.587378 4.604613 -0.103296
v 0.563667 4.009116 -0.160017
v 0.489268 4.012295 -0.101879
v -0.048283 3.631583 -0.096858
v -0.634717 4.015932 -0.109111
v 0.538010 4.032153 -0.133826
v 0.912503 4.037746 -0.152219
v 0.946728 4.016684 -0.093683
v 0.965008 4.057621 -0.135092
v 1.521098 4.392391 -0.050970
v -0.718236 4.084165 -0.117431
v -0.667132 4.058390 -0.128605
v 0.568205 4.085001 -0.125339
v 1.019227 4.078885 -0.115580
v -1.248456 4.456771 0.027375
v -0.775078 4.180709 -0.162866
v -0.770984 4.105105 -0.103829
v -0.276904 4.768436 -0.171328
v -0.264253 4.154419 -0.111013
v -0.491517 4.388138 0.415567
v 0.577844 4.156450 -0.100728
v 1.098714 4.137833 -0.126895
v -0.936329 4.160252 -0.105137
v 0.835989 4.954998 0.240105
v -0.910854 4.199090 -0.155214
v -0.865191 4.151733 -0.113726
v -0.271812 4.376218 -0.099222
v -0.858644 4.197196 -0.158004
v -0.470220 4.763407 0.399329
v 1.160157 4.150281 -0.106664
v 1.165361 4.193315 -0.153747
v 0.652664 4.235115 -0.162149
v 1.224957 4.179418 -0.119777
v -0.225009 1.256465 -0.037336
v 0.613370 4.234979 -0.120288
v -0.637061 4.392974 -0.104331
v -1.253778 4.309484 -0.123008
v -1.223049 4.239966 -0.111231
v -0.711261 4.311717 -0.171607
v -0.639631 4.317501 -0.165160
v -0.733085 4.474305 0.034865
v -0.292298 4.312291 -0.119714
v -0.229643 0.550105 0.032672
v 0.671751 4.323913 -0.166777
v 0.622489 4.300933 -0.114818
v 1.386348 4.300092 -0.129722
v -0.405444 4.369152 -0.178316
v 1.355553 4.323814 -0.156037
v 1.398803 4.374215 -0.142424
v -0.212079 4.482620 0.028245
v -1.259837 4.394364 -0.126647
v -0.136425 4.753727 -0.088065
v -1.276151 4.328001 -0.088788
v -0.706150 4.390248 -0.128979
v -0.572513 4.387486 -0.130053
v -0.486628 4.390347 -0.166788
v -0.339931 4.392832 -0.159814
v -0.083404 4.861562 0.536925
v -0.233555 1.377581 -0.041209
v 0.620298 4.385363 -0.107038
v -0.193631 4.537414 0.041038
v -1.246970 4.454775 -0.123562
v 0.984167 4.767039 0.120491
v -0.224330 4.695125 -0.155872
v -0.802048 4.429754 -0.157734
v 0.421671 3.927958 0.097676
v -0.784466 4.458751 -0.118787
v -1.263731 4.238440 0.033619
v -0.173556 4.764322 -0.128985
v -0.756364 4.413781 -0.141942
v 0.105486 4.619820 0.120859
v -0.481395 4.456392 -0.164793
v -0.557022 4.459521 -0.104312
v -0.425591 4.460012 -0.180474
v -0.350429 4.465188 -0.173713
v -0.260830 4.462276 -0.115437
v 0.630581 4.456867 -0.120493
v 1.455505 4.391864 -0.107853
v 1.464307 4.469663 -0.098217
v -1.205103 4.503789 -0.167750
v -0.837140 4.487593 -0.138768
v 0.667660 4.495603 -0.159539
v 1.450835 4.526169 -0.111694
v -1.216187 4.533524 -0.114159
v -0.895264 4.520229 -0.150831
v -0.557757 4.542919 -0.104186
v -0.642744 4.139688 0.207816
v 0.665507 4.542129 -0.168571
v -1.142495 4.577747 -0.161840
v -1.177047 4.567309 -0.142332
v -1.096212 4.592525 -0.166503
v 0.091243 3.647012 0.396831
v -1.007370 4.623092 -0.117923
v -0.947413 4.601328 -0.106997
v -1.100647 4.625949 -0.118140
v 0.219189 1.238369 -0.044928
v -0.195744 4.618890 -0.111627
v 0.217474 1.461980 -0.047514
v -0.170685 4.688886 -0.100700
v -0.037012 2.376799 0.197571
v 0.574833 4.688658 -0.111137
v -0.475983 4.761688 -0.168789
v 1.312739 4.756081 -0.110829
v -0.482800 4.817685 -0.155991
v -0.222532 4.771090 -0.156513
v 0.169368 3.704423 0.340959
v -0.178933 4.827087 -0.137559
v 0.646402 4.827948 -0.158326
v -0.040314 2.275305 0.196013
v -0.551427 3.871023 -0.029679
v 0.567251 4.770679 -0.116571
v -0.482642 4.861017 -0.148098
v -0.563536 4.833996 -0.108569
v -0.414275 4.828707 -0.162516
v -0.350177 4.843288 -0.158201
v -0.263992 4.832147 -0.158155
v -0.222648 4.819482 -0.153667
v 0.571137 4.835002 -0.114982
v 0.724335 4.833408 -0.170356
v 0.784162 4.827336 -0.174689
v -0.566249 4.606471 0.666665
v 0.857367 4.838270 -0.164981
v 0.923525 4.815385 -0.160271
v 0.930616 4.857559 -0.143682
v 0.994863 4.824590 -0.119811
v 1.097789 4.811763 -0.113611
v 1.165736 4.821020 -0.117357
v 1.225073 4.811162 -0.113676
v -0.485756 4.908423 -0.129044
v -0.554359 4.898602 -0.101380
v 0.223732 3.678188 -0.087374
v -0.418412 4.868982 -0.149739
v -0.325039 4.908151 -0.127395
v -0.245697 4.867114 -0.146839
v -0.264097 4.900245 -0.132224
v -0.178967 4.908847 -0.110138
v 0.636882 4.897271 -0.131240
v 0.672190 4.876309 -0.151265
v 0.719015 4.875620 -0.156344
v 0.796398 4.878132 -0.158718
v 0.868641 4.876792 -0.154701
v -0.405272 4.911438 -0.129595
v 0.709805 4.928150 -0.123424
v 0.783970 4.924839 -0.134772
v -0.693999 4.411633 0.560269
v 0.859778 4.934002 -0.130581
v -0.110249 -0.165320 -0.092430
v 0.166175 -0.101245 -0.099233
v 0.179929 -0.113068 -0.042123
v -0.175647 0.185863 -0.093926
v 0.193228 0.186204 -0.049956
v -0.169397 0.260796 -0.100351
v 0.172817 0.268265 -0.095063
v -0.169828 0.706848 -0.102702
v 0.201869 0.653640 -0.051087
v -0.177330 1.910490 -0.101286
v 1.305680 4.636909 0.118767
v 0.196886 1.908231 -0.054670
v -0.176893 1.995897 -0.111085
v -0.403760 4.793460 0.229716
v 0.196739 2.269564 -0.051341
v 0.466008 4.882723 0.517354
v -0.179591 2.519331 -0.096340
v -0.164141 2.579654 -0.098763
v -0.187696 4.599771 0.269345
v 0.171767 2.572711 -0.087138
v 0.154616 2.658513 -0.094606
v -0.159160 2.695650 -0.099150
v -0.114490 0.562429 0.200662
v -0.224523 3.089100 -0.073483
v -0.230016 3.132203 -0.078218
v 0.233738 3.136623 -0.089883
v -0.913677 4.674650 0.500003
v -0.235976 3.181881 -0.080884
v -0.072078 0.421941 0.221543
v -0.271288 3.262344 -0.045168
v 0.386084 3.332368 -0.050595
v 0.387160 3.359168 -0.090674
v -0.269815 4.383669 0.491787
v 0.104226 1.171332 0.179199
v -0.308709 3.402603 -0.091995
v -0.331129 3.416658 -0.053747
v 0.428101 3.402979 -0.033506
v -0.165259 4.152650 0.275947
v 0.481702 3.492725 -0.092271
v -0.641768 4.698977 0.640770
v 0.528321 3.523492 -0.075010
v 0.181158 3.635451 -0.038320
v 0.621961 3.658076 -0.049320
v -0.453499 3.730999 -0.088344
v 0.660302 3.700992 -0.045128
v 0.736844 3.783353 -0.038844
v -0.137352 3.849333 -0.050573
v -0.118850 4.377946 0.674886
v 0.323879 3.817328 -0.074621
v 0.355772 3.836415 -0.089272
v -0.534653 3.879284 -0.084573
v 0.425620 3.934989 -0.095556
v 0.864627 3.928284 -0.037362
v -0.201560 4.009809 -0.050173
v 0.404045 3.936623 -0.045591
v -0.222435 4.021646 -0.092546
v 0.524310 4.065133 -0.090290
v -0.027964 4.985541 0.443814
v 1.034505 4.057682 -0.052589
v -0.850636 4.124531 -0.077223
v 1.103352 4.110603 -0.086506
v -1.160874 4.183899 -0.090536
v -0.239391 4.171014 -0.045715
v 1.381220 4.238204 -0.100023
v 1.427881 4.252952 -0.085075
v 1.460353 4.302282 -0.091140
v -0.231286 4.445216 0.042689
v -1.279988 4.372343 -0.080530
v -0.248749 4.314538 0.026258
v -0.727387 4.440702 -0.080751
v -1.259236 4.464270 -0.049247
v -0.108381 1.686341 0.197428
v -0.768541 4.488940 -0.042555
v -0.848497 4.554018 -0.041662
v -0.214603 4.534750 -0.098255
v -1.215527 4.554985 -0.046912
v 0.563934 4.612039 -0.055460
v -1.083959 4.657600 -0.043827
v -0.216241 -0.024283 -0.020269
v 1.021468 4.762380 -0.049924
v -0.122854 4.832257 -0.095187
v -0.099158 4.846280 -0.043841
v 1.257182 4.798159 -0.107607
v -0.133267 4.906629 -0.081766
v 0.577188 4.900957 -0.094455
v 0.989778 4.892482 -0.086717
v -0.153863 4.935695 -0.074638
v 1.001613 4.912986 -0.039518
v -0.528765 4.950032 -0.077599
v -0.483219 4.962038 -0.083111
v -0.403367 4.959258 -0.093327
v -0.327419 4.958462 -0.090344
v -0.269216 4.960923 -0.083161
v 0.173389 3.857714 0.334951
v -0.214902 4.950151 -0.086328
v 0.622670 4.948559 -0.070356
v 0.663920 4.951037 -0.087906
v 0.708110 4.963178 -0.082784
v 0.784021 4.968383 -0.096094
v 0.851603 4.976668 -0.093137
v -0.406253 4.910536 0.795054
v 0.915403 4.976305 -0.083786
v 0.859876 4.998550 -0.048793
v -0.120317 -0.178544 -0.047235
v -0.042043 -0.210503 -0.039323
v 0.031682 -0.212007 -0.042759
v -0.595929 4.681788 -0.040336
v 0.118356 -0.178047 -0.039550
v -0.175167 -0.122456 -0.039876
v 0.211697 -0.027217 -0.041203
v -0.216393 0.043875 -0.019325
v 0.214820 0.023988 -0.041070
v -0.206290 0.103051 -0.047305
v 0.208213 0.100300 -0.042683
v -0.193477 0.197713 -0.041695
v -0.192671 0.271017 -0.043011
v 0.186649 0.264456 -0.057772
v -0.214551 0.348786 -0.028492
v 0.210246 0.345276 -0.042459
v -0.218074 0.387198 -0.061945
v -0.226669 0.412506 -0.040256
v 0.231014 0.424503 -0.025804
v -0.233156 0.488699 -0.038467
v -0.321039 4.907629 0.249679
v 0.232628 0.486582 -0.034161
v -0.218777 0.581639 -0.066300
v -0.227195 0.560788 -0.040525
v 0.222185 0.578774 -0.044689
v 0.230566 0.559925 -0.021022
v -0.212956 0.630431 -0.026958
v -0.195058 0.696583 -0.044859
v 0.192672 0.717680 -0.047047
v -0.211307 0.801341 -0.025942
v 0.205707 0.792426 -0.042712
v -0.221030 0.857511 -0.048395
v 0.223851 0.869701 -0.043165
v 1.490351 4.574581 0.118490
v -0.228858 0.898975 -0.038367
v 0.230995 0.934560 -0.034298
v 0.231789 0.898074 -0.023835
v -0.229906 0.950885 -0.041345
v -0.218520 1.036315 -0.049077
v 0.177654 1.901478 0.101024
v -0.225866 1.007851 -0.033865
v 0.220866 1.016258 -0.047897
v 0.230078 0.983632 -0.023649
v -0.208663 1.088621 -0.038133
v 0.208772 1.092048 -0.040956
v -0.204162 1.165305 -0.040834
v 0.204728 1.164699 -0.042999
v -0.217074 1.226121 -0.037657
v -0.232559 1.309894 -0.041118
v 0.232713 1.314253 -0.037636
v 0.233322 1.386995 -0.037219
v 0.229455 1.430071 -0.024934
v -0.206383 1.529078 -0.034125
v 0.206314 1.538071 -0.041276
v -0.214076 1.629689 -0.028667
v 0.208750 1.611505 -0.043177
v -1.212170 4.530728 0.033324
v 0.220921 1.685100 -0.042916
v -0.225018 1.693744 -0.032418
v -0.221157 1.782909 -0.051804
v -0.226300 1.743857 -0.036923
v 0.224820 1.760212 -0.043417
v -0.213361 1.843120 -0.035670
v 0.214369 1.836564 -0.042722
v -0.199929 1.908389 -0.041481
v -0.203208 1.982839 -0.039151
v -0.218282 2.060077 -0.033746
v 0.216204 2.058005 -0.042614
v -0.220347 2.133260 -0.037952
v 0.220116 2.133270 -0.043313
v -0.213645 2.200792 -0.027927
v 0.211364 2.208371 -0.042517
v -0.197639 2.280645 -0.041388
v -0.196307 2.354825 -0.042322
v 0.194804 2.356661 -0.045953
v -0.202757 2.429543 -0.043375
v 0.203018 2.430266 -0.042760
v -0.199051 2.526050 -0.039626
v 0.204831 2.497926 -0.035512
v 0.184744 2.588498 -0.041446
v -0.175694 2.606593 -0.058534
v 0.595493 4.689048 0.152503
v -0.557911 4.914888 0.099731
v -0.177303 2.667394 -0.049176
v 0.574653 4.907623 0.099677
v 0.179178 2.664015 -0.034674
v -0.191449 2.746423 -0.039588
v -0.199067 2.821595 -0.040479
v 0.199821 2.824601 -0.037400
v -0.199633 2.896440 -0.040091
v -0.204749 2.971325 -0.037465
v 0.203779 2.972260 -0.046781
v -0.119344 0.495587 0.204657
v -0.218530 3.039240 -0.042385
v -0.225437 3.057504 -0.039241
v 0.111769 0.494113 0.206870
v -0.934772 4.592543 0.098191
v 0.221555 3.047629 -0.044023
v -0.072437 0.566336 0.217860
v 0.189339 4.765268 0.117888
v -0.237462 3.118791 -0.037635
v 0.074980 0.570776 0.219110
v 0.241854 3.112381 -0.042303
v -0.329667 4.617078 0.428295
v -0.923601 4.684132 0.417006
v 0.233576 3.072035 -0.023451
v -0.035761 0.333764 0.208300
v -0.251890 3.196279 -0.033965
v -0.338252 4.742966 0.439549
v 0.054143 0.346308 0.208474
v 0.283157 3.199210 -0.040825
v 0.338010 3.260335 -0.028791
v -0.313185 3.351607 -0.028897
v 0.456518 3.439065 -0.024922
v -0.367901 3.481885 -0.041742
v -0.382495 3.500333 -0.037992
v -0.417345 3.559978 -0.034822
v 0.102631 3.579670 -0.051214
v 0.534177 3.510791 -0.030810
v 0.572042 3.566142 -0.031580
v -0.003382 3.589635 -0.068041
v 0.017989 3.621125 -0.023743
v 0.046964 3.586646 -0.041600
v 0.590064 3.603559 -0.052784
v -0.443350 3.639566 -0.041606
v -0.657741 3.999044 -0.028555
v -0.014165 3.637442 -0.042538
v 0.132563 3.605500 -0.030117
v -0.469789 3.724717 -0.042000
v -0.036562 3.719393 -0.026454
v 0.236993 3.727609 -0.058547
v 0.213886 3.698094 -0.029127
v 0.695688 3.730194 -0.028966
v -1.079595 4.154439 -0.041024
v -0.510361 3.792324 -0.028749
v -0.105164 3.809635 -0.031126
v -0.068288 3.766953 -0.025690
v 0.278571 3.793638 -0.025809
v 0.343673 3.856874 -0.029502
v 0.786518 3.856514 -0.039964
v 0.768832 3.824492 -0.025800
v -0.155307 3.887340 -0.049330
v 0.384274 3.899777 -0.057843
v -0.576856 3.918511 -0.042929
v -0.168963 3.936313 -0.032202
v -0.614758 3.961366 -0.028806
v 0.432058 3.991865 -0.031395
v 0.915421 3.968710 -0.046355
v 0.953090 3.996484 -0.026886
v -0.711519 4.039223 -0.041458
v -0.165748 0.193053 0.108347
v 0.469665 4.031944 -0.037890
v 1.007635 4.036985 -0.039453
v -0.798199 4.086890 -0.037467
v -0.214530 4.057953 -0.028782
v 0.495366 4.063227 -0.033075
v 0.531551 4.105150 -0.045854
v -0.173670 0.331238 0.118425
v 1.087998 4.085056 -0.041947
v -0.943614 4.136423 -0.050151
v -0.990145 4.142872 -0.038067
v -0.866095 4.114823 -0.029109
v 1.172204 4.122614 -0.039177
v 1.198299 4.138025 -0.062395
v 1.237847 4.141249 -0.028527
v 0.165055 3.051802 0.155032
v -1.215873 4.188600 -0.049705
v -1.164918 4.165581 -0.036401
v 0.575639 4.227015 -0.038311
v 0.559046 4.172040 -0.042379
v 1.333202 4.175943 -0.048400
v -1.258096 4.229367 -0.042952
v -0.043088 1.674597 0.219667
v -0.253515 4.252417 -0.057225
v 1.378782 4.186526 -0.032810
v 1.472634 4.240596 -0.040494
v -0.159608 1.322362 0.175639
v -1.285200 4.310179 -0.038949
v -0.064852 1.759590 0.219683
v -0.254322 4.314806 -0.051651
v 0.588776 4.312056 -0.041780
v -0.159363 4.375879 0.282921
v 1.513816 4.253723 -0.016780
v -0.805508 4.398273 0.254422
v 1.519529 4.313920 -0.042623
v 0.335796 4.616927 0.847237
v -0.420034 4.603711 0.720275
v -1.283332 4.384860 -0.041611
v -0.038978 1.544358 0.203445
v -0.243971 4.389050 -0.041272
v 0.590837 4.384413 -0.039385
v -0.153196 1.685754 0.165464
v -0.709775 4.448059 -0.045898
v -0.668329 4.424666 -0.055337
v -0.634006 4.442006 -0.026921
v -0.035794 1.611005 0.209966
v -0.231099 4.440661 -0.040346
v 0.589568 4.459195 -0.040470
v 1.517094 4.470101 -0.033535
v -0.590230 4.487553 -0.030278
v -0.195381 4.524307 -0.026269
v -0.793653 4.513988 -0.017334
v -0.589602 4.539479 -0.021710
v 1.156010 4.761272 -0.032572
v 0.574647 4.554190 -0.031235
v 1.475873 4.551361 -0.055115
v -1.154628 4.623478 -0.036347
v -0.930820 4.622463 -0.042263
v -0.886146 4.592112 -0.027835
v -0.591722 4.607741 -0.038703
v 0.826042 4.639221 0.233042
v -0.163341 4.618637 -0.033174
v 0.054352 1.612912 0.205321
v 1.460457 4.603524 -0.025718
v -0.155797 4.651512 -0.050641
v -1.011251 4.659781 -0.044055
v -0.143622 4.688434 -0.046706
v 0.544766 4.677887 -0.038734
v 0.117494 1.390406 0.203579
v 1.377822 4.682821 -0.033283
v -0.598704 4.731094 -0.039738
v -0.112041 4.753286 -0.036304
v 0.533092 4.727098 -0.035477
v 1.034907 4.688472 -0.018850
v 1.078454 4.760111 -0.056477
v 1.086442 4.705294 -0.018637
v -0.234009 1.319340 0.032646
v 1.306701 4.743103 -0.041191
v -0.608683 4.780375 -0.021717
v 0.525633 4.822439 -0.057045
v 0.521372 4.769842 -0.028523
v -0.613231 4.837636 -0.027135
v 0.519693 4.844789 -0.027969
v 1.022464 4.847158 -0.025035
v -0.576225 4.920885 -0.043077
v -0.118880 4.908597 -0.041296
v 0.559245 4.914175 -0.037198
v -0.495568 4.986513 -0.035034
v 0.204137 1.307648 0.116683
v -0.421488 4.988908 -0.054330
v -0.256344 4.988206 -0.036852
v -0.191836 4.969734 -0.033503
v 0.647063 4.968550 -0.039028
v -0.268357 3.251626 0.040970
v 0.783208 4.992284 -0.049928
v 0.932008 4.986595 -0.040834
v -0.122145 -0.178623 0.033420
v -0.043649 -0.208217 0.033024
v 0.045567 -0.210888 0.022073
v 0.116101 -0.179624 0.043043
v -0.180814 -0.113149 0.042126
v 0.180403 -0.116219 0.034712
v -0.212352 -0.036756 0.025411
v 0.211718 -0.040752 0.020802
v -0.214982 0.033101 0.031247
v 0.213178 0.046854 0.033770
v -0.204948 0.122066 0.033607
v 0.204737 0.122307 0.031978
v -0.195745 0.188410 0.023671
v 0.193922 0.195409 0.031107
v -0.190107 0.259625 0.041928
v 0.194121 0.272192 0.031213
v -0.208320 0.340282 0.045536
v 0.207333 0.335402 0.040482
v -0.222623 0.383226 0.033406
v 0.221355 0.393156 0.035258
v -0.229986 0.425962 0.024947
v 0.230783 0.418453 0.023738
v -0.233831 0.491730 0.023730
v 0.230512 0.488104 0.050877
v 0.231521 0.554458 0.024421
v -0.212492 0.628107 0.032027
v 0.207422 0.640738 0.032784
v -0.192639 0.720001 0.035872
v 0.195002 0.716691 0.029077
v -0.205102 0.790296 0.040299
v 0.207714 0.793034 0.029958
v -0.220027 0.850714 0.044542
v -0.228330 0.871082 0.001294
v 0.229163 0.882249 0.013055
v -0.230868 0.937383 0.022292
v 0.230769 0.954587 0.032148
v -0.227698 0.996209 0.031533
v 0.226901 1.014505 0.011902
v -0.219912 1.038065 0.034417
v 0.208556 1.088551 0.033519
v -0.210305 1.084629 0.031635
v -0.203034 1.162961 0.039294
v 0.204633 1.165379 0.033624
v -0.215325 1.218102 0.038606
v 0.216282 1.228052 0.041688
v -0.228520 1.269422 0.024510
v 0.229521 1.254659 -0.011341
v 0.229673 1.262898 0.023936
v 0.230722 1.303742 0.042289
v -0.234104 1.385586 0.022905
v 0.233018 1.383851 0.037665
v -0.218470 1.463830 0.040542
v 0.219148 1.460114 0.034989
v 0.205781 1.535292 0.034333
v -0.204111 1.543481 0.038143
v -0.210099 1.619031 0.040505
v 0.210879 1.612456 0.029527
v -0.219098 1.683730 0.050062
v 0.218914 1.674473 0.041739
v 0.168117 1.385202 0.166920
v 1.320232 4.712725 -0.006631
v -0.228085 1.715016 0.000817
v 0.228082 1.709325 0.008945
v -0.227664 1.759955 0.006148
v 0.229099 1.759649 0.007802
v -0.216762 1.826640 0.036367
v 0.214842 1.833045 0.032258
v 1.086801 4.391657 0.173262
v -0.200216 1.907580 0.031784
v 0.200194 1.905609 0.033609
v -0.201700 1.979517 0.037823
v 0.204535 1.984196 0.031561
v -0.217186 2.062422 0.038846
v 0.216587 2.055068 0.033772
v -0.218190 2.139535 0.048855
v -0.213320 2.195692 0.037337
v 0.211492 2.205384 0.032137
v -0.196819 2.280722 0.035210
v -0.198024 2.356981 0.029325
v 0.044590 -0.185796 0.109683
v -0.203151 2.427943 0.033123
v -0.728097 4.050266 0.049225
v -0.112853 3.852381 0.039718
v 0.203919 2.430343 0.030525
v -0.201725 2.503126 0.032925
v 0.200761 2.502082 0.034005
v -0.187203 2.578230 0.031687
v 0.185283 2.584350 0.036956
v -0.179947 2.658187 0.028325
v 0.176387 2.662272 0.037869
v -0.190661 2.735310 0.029444
v 0.189095 2.733282 0.039330
v -0.200783 2.818258 0.022828
v 0.201023 2.816342 0.022154
v -0.198293 2.884188 0.039014
v 0.199089 2.884004 0.037854
v -0.203637 2.962380 0.030394
v 0.205640 2.967617 0.022761
v -0.227713 3.062575 0.023932
v 0.537695 4.699183 0.507230
v 0.216724 3.027792 0.039775
v -0.453833 4.587391 0.512207
v -0.238657 3.121927 0.024454
v 0.499215 4.687298 0.472940
v -0.572217 4.293427 0.370213
v 0.232707 3.069187 0.023358
v 0.479178 4.537757 0.484825
v -0.556574 4.789174 0.327393
v 0.275123 3.187945 0.035161
v -0.465726 4.550005 0.493879
v -0.247773 3.182401 0.046884
v 0.304131 3.218316 0.012300
v -0.210743 3.723974 0.244256
v 0.327834 3.253335 0.040831
v -0.291208 3.307986 0.036596
v -0.312996 3.356166 0.036728
v -0.118106 1.153948 0.167041
v 0.391030 3.337764 0.035503
v -0.330715 3.409525 0.037919
v 0.424397 3.398027 0.040861
v 0.131276 2.592810 0.134800
v -0.384810 3.508492 0.039911
v 0.489992 3.474421 0.044193
v -0.412062 3.546620 0.030410
v -0.863793 4.701522 0.334441
v 0.531650 3.511447 0.038802
v 0.568456 3.561566 0.043551
v 0.032556 3.657750 0.010126
v 0.113196 3.641176 0.022608
v 0.175883 3.654132 0.032990
v 0.619403 3.651536 0.036343
v -0.459362 3.698566 0.044173
v -0.443528 4.543179 0.417015
v 1.248530 4.147525 0.048141
v 0.035827 3.718752 0.024292
v 0.573649 3.941436 0.181714
v -0.503045 3.786871 0.039688
v 0.820404 3.902403 0.062020
v 1.392344 4.179444 0.041405
v 0.216094 3.706819 0.033249
v 1.440333 4.193385 0.037500
v 0.859828 3.926585 0.036364
v 0.238818 3.737256 0.038575
v -0.508338 4.333811 0.381821
v 0.687125 3.724179 0.043304
v -0.082861 3.799424 0.001020
v 0.734628 3.779783 0.042949
v 0.119866 3.495249 0.285513
v -0.549046 3.872082 0.031675
v 0.285756 3.795896 0.040838
v 0.337202 3.851400 0.026583
v -0.339614 3.866373 0.183424
v -0.109563 4.920376 0.038793
v 0.768884 3.823460 0.020202
v -0.582316 3.923522 0.036380
v 0.787176 3.858452 0.043585
v -0.167756 3.925954 0.043133
v 0.402538 3.939082 0.031923
v -0.652741 3.997878 0.045055
v 0.920975 3.970872 0.035798
v -0.707058 4.034662 0.034752
v 0.434484 3.998431 0.018156
v 0.960436 4.004571 0.033764
v 1.003505 4.034055 0.034392
v -0.150264 3.889582 0.046569
v -0.788303 4.081954 0.034163
v -0.217764 4.077307 0.018698
v 0.506222 4.073093 0.032288
v 1.077526 4.082224 0.047863
v -0.949429 4.135646 0.038148
v -0.906402 4.122582 0.005491
v -0.236840 4.162996 0.032400
v -0.023709 3.201960 0.243238
v 0.554639 4.161947 0.029805
v 1.147675 4.112449 0.025891
v -0.073768 3.376950 0.287630
v 1.198934 4.130108 0.029059
v -0.616826 3.964656 0.044442
v -0.005814 3.749478 0.018213
v -1.221105 4.185300 0.038522
v -1.172236 4.167719 0.025015
v -1.083963 4.154704 0.031229
v 0.265034 4.766374 0.416518
v -1.010834 4.147101 0.028555
v 0.114723 3.712163 0.059264
v 1.312747 4.160501 0.030510
v -0.247503 4.236172 0.032672
v 0.576078 4.222111 0.046824
v 1.479398 4.214602 0.041136
v 1.515669 4.243540 0.028977
v -0.087308 4.768104 0.022599
v -1.283885 4.312722 0.022775
v 0.105409 -0.105513 0.161055
v 0.588681 4.315972 0.031065
v 1.547161 4.316910 0.027312
v -1.278125 4.371925 0.027044
v -0.886868 4.584846 0.042719
v -0.243110 4.392307 0.030763
v 0.105716 -0.047234 0.183135
v 1.165653 4.617991 0.054708
v 0.591170 4.388623 0.031252
v 1.554294 4.387688 0.034070
v 0.589859 4.461766 0.032611
v -0.634444 4.476006 0.039303
v -0.843285 4.546236 0.047979
v 0.579462 4.542727 0.043972
v 1.516600 4.537056 0.035157
v 1.517452 4.511651 -0.005927
v -0.113902 -0.036300 0.180665
v -1.161592 4.604875 0.034982
v -0.596985 4.613972 0.028136
v 0.562217 4.603676 0.031976
v 1.461240 4.611246 0.043686
v -0.931778 4.623073 0.045490
v -0.171086 4.602897 0.051470
v 1.013629 4.609811 0.031097
v 1.066723 4.648254 -0.000329
v 0.052402 -0.039841 0.207765
v 1.091709 4.613564 0.021669
v -1.070331 4.659293 0.029579
v -1.010297 4.661038 0.024949
v 0.487945 3.549223 0.137321
v -0.968477 4.652417 -0.009257
v -0.597503 4.686121 0.033856
v -0.118160 4.695624 0.037192
v 0.545256 4.676834 0.039762
v 1.003246 4.679702 0.029084
v -0.046069 3.781956 0.442591
v 1.153643 4.687303 0.014524
v 1.309417 4.688935 0.035277
v 1.393027 4.661000 0.029366
v 0.401008 3.853128 0.123370
v -0.605645 4.768140 0.030946
v 0.532014 4.748316 0.053328
v -0.045553 1.829595 0.214336
v 1.006963 4.754702 0.036821
v 1.230867 4.688229 0.038826
v -0.375308 4.161694 0.216646
v -0.612440 4.830924 0.026369
v 1.083822 4.534850 0.056621
v 0.519253 4.777740 0.019855
v -0.342167 3.782406 0.176801
v -0.084720 4.845355 0.014185
v 0.038269 4.170114 0.200791
v 0.637127 3.791669 0.158913
v 1.018983 4.832712 0.030425
v -0.609457 4.888221 -0.013046
v -0.609078 4.888248 0.013961
v 0.167127 3.855344 0.194818
v 0.562854 4.919556 0.041422
v 0.640275 3.860725 0.176366
v 1.006512 4.901355 0.040786
v -0.549478 4.961866 0.033709
v -0.526647 4.982252 -0.001080
v -0.185568 4.983296 0.043732
v 0.646336 4.975738 0.034015
v 0.119600 4.010983 0.193917
v 0.943819 4.983458 0.045651
v 0.976454 4.964412 -0.005942
v -0.261868 3.632406 0.203686
v -0.476765 5.001137 0.039216
v -0.605658 4.047750 0.165393
v -0.415746 5.013587 0.031428
v -0.340330 5.012565 0.030969
v -0.265799 5.004807 0.029944
v 0.708401 4.993103 0.045552
v -0.220561 0.587292 0.053608
v 0.221888 0.563962 0.060000
v 0.220031 0.877058 0.060599
v 0.219291 1.013844 0.059945
v -0.227355 1.427058 0.047529
v 0.224859 1.409759 0.064006
v 0.172145 4.699388 0.132810
v 1.408754 4.221965 0.141002
v -0.219270 1.782471 0.060542
v 0.221557 1.756872 0.058596
v -0.211539 3.024712 0.060449
v 0.502997 4.620789 0.478680
v 0.239835 3.111157 0.053039
v -0.356238 3.464674 0.053295
v 0.454236 3.442039 0.051219
v 0.590645 3.602342 0.047734
v 0.653867 3.695098 0.053901
v -0.035509 3.806446 0.037026
v 0.036417 3.802397 0.048672
v 0.083650 3.785438 0.057359
v 0.328319 3.824174 0.068610
v 1.019246 4.054024 0.064167
v 0.376618 3.873893 0.073655
v -0.226537 4.085432 0.056208
v 0.534189 4.108077 0.047083
v -0.867633 4.120766 0.053682
v -1.261434 4.402049 0.053569
v -0.772686 4.490730 0.053799
v 1.012682 4.525441 0.049030
v 1.018166 4.484208 0.062251
v -0.593662 4.727877 0.065362
v -1.193451 4.546343 0.054678
v -0.802963 4.513627 0.048757
v -0.049337 4.764024 0.055563
v -0.609091 4.521839 0.054629
v -0.149332 4.649944 0.049640
v -0.029442 -0.046191 0.210693
v -1.095358 4.646760 0.060467
v 0.113308 5.077459 0.258893
v -0.969158 4.650305 0.036368
v -0.414626 3.802499 0.161326
v -0.054278 4.834869 0.052223
v -0.174922 3.872198 0.179998
v -0.586715 4.906653 0.050912
v -0.105452 4.174779 0.611138
v 0.785736 4.155406 0.210475
v 0.183065 3.800739 0.180588
v 0.528496 4.838160 0.066501
v 0.125277 4.928730 0.057202
v -0.100498 -0.170105 0.092465
v -0.030839 -0.180902 0.117918
v 0.090612 -0.165508 0.112421
v -0.157322 -0.109238 0.104571
v -0.182129 -0.041141 0.111750
v 0.180444 -0.043385 0.116116
v -0.179790 0.033939 0.125547
v 0.188980 0.042584 0.109903
v -0.180853 0.107382 0.110223
v 0.174646 0.117241 0.116047
v -0.164186 3.876188 0.375707
v 0.168351 0.182558 0.104922
v 0.173895 0.269853 0.094122
v -0.165484 0.268991 0.104405
v 0.188447 0.340222 0.100465
v -0.194747 0.406609 0.118216
v 0.190394 0.411345 0.129224
v -0.207964 0.486182 0.111340
v 0.200635 0.485919 0.122705
v 0.105432 1.922125 0.170848
v -0.196984 0.558381 0.117708
v -0.167131 3.935915 0.403592
v 0.191236 0.560638 0.128254
v -0.175994 0.627539 0.123563
v 0.181959 0.636136 0.111064
v -0.167504 0.705637 0.104374
v 0.172959 0.707779 0.095602
v 0.176663 0.787157 0.110027
v -0.185419 0.853886 0.126303
v 0.190788 0.858362 0.121690
v 0.201509 0.935308 0.117180
v -0.194790 1.003666 0.116351
v 0.190070 1.005750 0.126614
v 0.635769 4.318047 0.129575
v -0.177177 1.086510 0.117251
v 0.182024 1.083139 0.110545
v 0.174731 1.167198 0.112535
v 0.145087 1.979255 0.144322
v -0.171758 1.175061 0.120057
v -0.192705 1.251168 0.116467
v 0.190574 1.243012 0.118337
v -0.208731 1.321108 0.111654
v -0.200936 1.393803 0.120586
v 0.199043 1.377389 0.127087
v -0.180332 1.473473 0.125713
v 0.187084 1.453003 0.124297
v -0.178129 1.546803 0.107067
v 0.175175 1.530156 0.113107
v 0.191887 3.789765 0.277076
v -0.174948 1.621178 0.123102
v 0.175082 1.603495 0.117045
v -0.187316 1.696098 0.125798
v 0.193650 1.689373 0.117363
v -0.198656 1.757783 0.110283
v 0.194635 1.763446 0.120510
v -0.181973 1.832124 0.120057
v -0.023890 2.438599 0.205924
v 0.180260 1.838086 0.120371
v -0.168213 1.917380 0.114757
v -0.177031 1.993498 0.108557
v 0.178538 1.983303 0.104998
v -0.179152 2.067792 0.129766
v 0.190752 2.062298 0.114337
v -0.191700 2.140510 0.114102
v 0.191538 2.136019 0.117411
v -0.176224 2.216104 0.119764
v 0.176182 2.217465 0.117700
v -0.168212 2.292593 0.105908
v 0.174532 2.291723 0.095077
v -0.167453 2.362866 0.112098
v -0.025124 2.958192 0.202864
v 0.172554 2.357194 0.100292
v 0.194774 4.097354 0.408372
v -0.177897 2.437913 0.109856
v 0.174952 2.432368 0.111808
v -0.168357 2.514973 0.114973
v 0.175123 2.508677 0.106078
v -0.164307 2.582137 0.095584
v 0.167259 2.580500 0.089553
v -0.160264 2.674447 0.091083
v -0.132802 2.666386 0.124970
v 0.139095 2.655123 0.116148
v -1.084120 4.321850 0.173721
v 0.158766 2.688634 0.095689
v -0.163599 2.738991 0.106679
v 0.172618 2.757152 0.098709
v -0.169667 2.810872 0.115705
v 0.169866 2.807139 0.113798
v -0.175547 2.886930 0.103897
v 0.178659 2.888246 0.099292
v -0.169973 2.961454 0.117945
v 0.175178 2.972482 0.110734
v -0.183371 3.028652 0.120729
v 0.186233 3.036247 0.122542
v -0.208105 3.109559 0.113455
v 0.234072 3.132462 0.087168
v 0.209328 3.104481 0.116270
v -0.232422 3.183483 0.094585
v 0.249002 3.198621 0.108583
v -0.253542 3.278814 0.105211
v 0.280388 3.263234 0.124829
v 0.456345 4.490905 0.685078
v -0.263897 3.324991 0.116947
v 0.382641 3.361091 0.097591
v 0.336008 3.325639 0.121924
v -0.286642 3.410213 0.125449
v 0.405539 3.419076 0.104348
v -0.342254 3.485144 0.101409
v -0.306920 3.411742 0.099466
v 0.476599 3.498372 0.104846
v -0.393610 3.575785 0.105443
v 0.544197 3.577049 0.105386
v -0.412324 3.633002 0.110066
v 0.568493 3.637375 0.115442
v -0.428301 3.710261 0.116018
v 1.381303 4.191698 0.102456
v 0.186241 3.704086 0.107977
v -0.114044 3.030794 0.187204
v 0.206073 3.649609 0.116237
v 0.265795 3.717409 0.114529
v -0.197052 5.003493 0.702704
v 0.631589 3.716218 0.109789
v -0.461220 3.731817 0.076987
v 0.170404 3.760273 0.126419
v 0.133020 3.802941 0.100697
v 0.680446 3.741015 0.084905
v -0.470526 3.788718 0.108250
v 0.287305 3.764876 0.102602
v 0.334876 3.795220 0.112282
v 1.304809 4.184048 0.112765
v 0.703429 3.789069 0.109275
v -0.502182 3.850326 0.110895
v -0.030443 3.853141 0.072944
v 0.044841 3.836597 0.068042
v 0.360432 3.842202 0.088200
v -0.536260 3.889533 0.095598
v -0.206124 3.933810 0.116007
v -0.158352 3.879107 0.103332
v -0.105572 3.878483 0.114840
v -0.609345 3.974324 0.084443
v -0.032803 3.883135 0.095211
v 0.033269 3.876310 0.090160
v 0.049659 3.931239 0.125449
v 0.776531 3.872762 0.091852
v -0.563080 3.944917 0.110923
v -0.123012 3.245476 0.221398
v 0.796148 3.923557 0.121815
v 0.868485 3.958325 0.100683
v -0.784452 4.103015 0.093502
v -0.217048 4.010815 0.089590
v -0.242525 4.008029 0.126536
v 1.073281 4.101655 0.095197
v 0.495286 4.009845 0.110958
v 0.931472 4.018178 0.108633
v 0.877976 3.993321 0.131636
v -0.680894 4.041152 0.098995
v -0.722674 4.078767 0.109754
v 0.120298 4.694172 0.655846
v -0.256502 4.084330 0.121191
v 0.548642 4.081729 0.107151
v 1.003482 4.078979 0.116645
v -0.406016 4.836886 0.859778
v -0.865944 4.151400 0.112219
v -0.267368 4.170386 0.115141
v 0.577952 4.165617 0.098886
v 1.102128 4.138226 0.118670
v 1.165897 4.158955 0.112328
v -0.129013 4.823986 0.843761
v -1.146594 4.191284 0.102331
v -1.094938 4.175833 0.092105
v -0.248603 4.858683 0.896438
v -1.011973 4.177953 0.110874
v 0.647579 3.775381 0.144878
v 1.232081 4.172686 0.115024
v -0.071186 4.653075 0.083452
v -0.632195 4.602805 0.116140
v -1.234055 4.244181 0.095391
v -0.116730 5.108928 0.325076
v -1.174360 4.243464 0.128673
v -0.277673 4.240474 0.112534
v 1.244136 4.610729 0.116469
v 0.615406 4.249366 0.118016
v -0.175778 4.240150 0.576657
v 1.461756 4.232032 0.130974
v 0.960311 4.602413 0.112652
v 1.514937 4.251628 0.103690
v -1.233946 4.324996 0.111410
v -0.274208 4.315022 0.097127
v 1.536959 4.312618 0.111886
v -0.276009 4.386397 0.106123
v -0.167239 3.840656 0.351454
v 0.627268 4.388423 0.116641
v -1.230765 4.385685 0.099915
v 1.544295 4.389724 0.123126
v -1.212213 4.464793 0.087338
v -0.874574 4.536832 0.106497
v -0.266314 4.460273 0.118440
v -0.180690 3.934370 0.329010
v 0.035308 4.552397 0.132328
v 0.631926 4.458079 0.122309
v 0.788800 4.852632 0.313761
v 0.949496 4.464839 0.108891
v -0.735702 4.298508 0.267310
v 1.002397 4.415085 0.117431
v 0.851155 4.819949 0.302703
v 1.023244 4.448240 0.097029
v 1.536118 4.462891 0.126607
v -1.161656 4.540411 0.102315
v -0.213523 4.538619 0.100860
v -0.797157 4.484137 0.113570
v -0.706754 4.488163 0.093323
v 0.859508 4.974378 0.185890
v -0.034129 4.534253 0.143420
v -0.643155 4.497503 0.075473
v -0.168328 3.709888 0.341186
v 0.615355 4.532698 0.119318
v 1.080778 4.472389 0.113854
v -0.582117 4.826712 0.357266
v -0.718736 4.523649 0.118816
v -0.643609 4.541695 0.097966
v 0.211209 4.843464 0.352197
v 0.944576 4.548223 0.115840
v -0.465589 4.591990 0.570708
v 1.161049 4.546363 0.112386
v 1.515622 4.539818 0.110653
v -0.572527 4.698553 0.119888
v -1.136296 4.595203 0.091762
v -0.183110 4.621243 0.112598
v 0.126806 5.006386 0.356624
v 0.583867 4.617426 0.106904
v 0.568089 4.686851 0.110971
v 1.182157 4.585507 0.092923
v -1.086076 4.612171 0.104879
v -1.008892 4.620774 0.104616
v -0.597503 4.642890 0.104024
v -0.106845 4.616460 0.121035
v -0.024626 4.609493 0.096040
v -0.189224 4.976152 0.786503
v -0.281509 3.465032 0.149633
v 0.051978 4.609238 0.102300
v 1.398950 4.640246 0.103944
v 1.453451 4.606909 0.114544
v -0.040287 4.690408 0.067588
v 0.031107 4.683791 0.067964
v 1.313095 4.213039 0.149881
v 0.116531 4.679562 0.096823
v 0.985549 4.688272 0.091364
v 1.369557 4.653478 0.088878
v 0.781156 4.732793 0.288350
v 1.381997 4.529442 0.225408
v -0.576661 4.771065 0.107202
v 0.030941 4.757874 0.058955
v 0.098538 4.767769 0.065945
v 0.128391 4.730241 0.084587
v 0.555827 4.765569 0.116529
v -0.573964 4.837293 0.112414
v 1.009744 4.163382 0.172765
v 0.411725 3.796562 0.158022
v 0.028752 4.832348 0.059988
v 0.939382 4.174875 0.188767
v 0.351289 3.756300 0.155676
v 0.106390 4.836016 0.060535
v 0.032097 0.782121 0.204287
v 0.205792 4.842358 0.090363
v 0.555967 4.835465 0.114076
v 0.987266 4.846691 0.123584
v -0.418852 3.879782 0.177598
v -0.031251 4.890885 0.068227
v 0.447724 3.857191 0.153971
v 0.045889 4.897396 0.065928
v 0.558746 3.858696 0.184198
v 0.175140 4.911503 0.068832
v 0.105832 0.796751 0.181896
v 0.250110 4.856153 0.120639
v 0.118266 1.014207 0.193833
v 0.260212 4.919176 0.119495
v 0.984829 4.901058 0.107431
v -0.157747 1.022322 0.162734
v -0.035126 4.937037 0.080286
v 0.073901 1.016417 0.217151
v 0.220673 4.919298 0.085461
v -0.525879 4.966608 0.083878
v -0.489246 4.974221 0.113657
v -0.116092 4.989031 0.098014
v -0.042401 4.984390 0.096994
v 0.157907 0.611860 0.152196
v 0.034843 4.999908 0.097104
v 0.098225 4.995344 0.088919
v 0.326434 3.641544 0.178442
v 0.137090 4.971236 0.073363
v -0.045330 3.716175 0.430390
v 0.037943 0.638721 0.209336
v 0.199688 4.989695 0.096610
v 0.095929 0.633041 0.191053
v 0.251528 4.984369 0.133492
v 0.646594 4.963987 0.107122
v 0.707340 4.987324 0.113660
v 0.923342 4.975594 0.113729
v 0.965572 4.926586 0.121744
v -0.347266 5.008967 0.117326
v -0.117474 0.632798 0.176577
v -0.256094 5.007697 0.113874
v -0.045015 0.644293 0.205568
v -0.181287 5.004232 0.107043
v 0.787670 4.998866 0.117571
v 0.869779 4.996482 0.111936
v -0.110316 -0.101703 0.159619
v 0.852206 4.538872 0.185559
v -0.028931 -0.154527 0.154035
v 0.021347 -0.153903 0.156052
v 0.043383 -0.109675 0.182371
v -0.150529 0.033857 0.160249
v 0.155048 0.033899 0.154237
v -0.112663 0.106394 0.175752
v -0.140536 0.184855 0.140030
v 0.139279 0.179828 0.143152
v -0.132102 0.235106 0.141999
v 0.137219 0.255787 0.138727
v 0.098913 0.194286 0.170352
v -0.117227 0.274801 0.158619
v 0.108048 0.274171 0.164090
v -0.113065 0.336715 0.177471
v 0.148536 0.311822 0.141599
v -0.154429 0.374562 0.161454
v 0.158192 0.358549 0.150577
v 0.169573 0.426556 0.159903
v 0.168845 0.495121 0.166671
v 0.164170 0.554638 0.164072
v 0.033635 4.033947 0.156961
v -0.159367 0.576713 0.164187
v -0.136003 0.704797 0.144801
v 0.144931 0.661953 0.145033
v 0.135526 0.710540 0.143270
v 0.111830 0.711282 0.163302
v -0.141693 0.772912 0.148263
v 0.144471 0.758761 0.139199
v -0.151685 0.823416 0.158109
v 0.033042 5.052477 0.134827
v 0.162043 0.853194 0.157294
v 0.166121 0.926880 0.164524
v 0.161956 1.001300 0.163162
v -0.108005 1.082708 0.181004
v 0.607578 4.919750 0.138479
v 0.157069 1.058629 0.150929
v 0.148216 1.112821 0.145296
v 0.145006 1.153766 0.146881
v -0.152527 1.236635 0.163253
v 0.163393 1.250031 0.157057
v 0.171279 1.303862 0.163882
v 0.340876 4.678388 0.886692
v -0.161066 1.453344 0.158593
v 0.159707 1.447427 0.160418
v -0.117613 1.534166 0.170913
v 0.144224 1.550424 0.148552
v 0.157890 1.645697 0.152107
v -0.045684 2.575459 0.184180
v 0.162786 1.695620 0.159175
v 0.161587 1.769768 0.161204
v -0.159009 1.770977 0.164926
v -0.152735 1.822646 0.160368
v 0.622902 4.691082 0.635358
v -0.109259 1.850535 0.183036
v 0.141299 1.920086 0.144541
v -0.126651 1.986930 0.163443
v 0.107080 1.986400 0.175472
v 0.030955 0.865566 0.224811
v 0.191036 5.036180 0.132876
v -0.150408 2.069460 0.164273
v 0.159359 2.067945 0.154567
v -0.153825 2.142833 0.163932
v 0.159738 2.142295 0.158949
v -0.115419 2.207932 0.178429
v -0.137485 2.291796 0.144817
v 0.145697 2.247170 0.144753
v 0.138704 2.300482 0.141555
v 0.099391 2.276837 0.173144
v -0.139569 2.358611 0.144466
v 0.142664 2.375797 0.142814
v 0.109063 2.356034 0.166727
v -0.116770 2.435182 0.170003
v -0.141396 2.513532 0.148962
v -0.106536 4.554238 0.751105
v 0.142886 2.515023 0.146981
v -0.129886 2.571028 0.142141
v 0.117256 2.527909 0.165140
v -0.103720 2.597027 0.155901
v 0.097801 2.570805 0.165845
v -0.095712 2.663284 0.156517
v 0.105790 2.665209 0.151634
v 0.349387 4.450779 0.710335
v -0.112576 2.739126 0.160280
v 0.137998 2.731966 0.137884
v -0.126083 2.729944 0.149253
v 0.100999 2.738057 0.166186
v -0.123166 2.806692 0.162340
v -0.123539 2.883133 0.161468
v 0.147420 2.844485 0.143400
v -0.858772 4.469956 0.162717
v 0.143237 2.894316 0.144537
v -0.104154 2.963505 0.175845
v -0.502416 4.862202 0.551137
v 0.139831 2.941512 0.146871
v 0.117385 2.963220 0.167479
v -0.159504 3.047285 0.157347
v -0.203782 3.167618 0.136366
v 0.182193 3.121829 0.158555
v 0.206865 3.179975 0.146933
v -0.216890 3.228914 0.135443
v -0.181940 3.264677 0.183283
v 0.183051 3.248580 0.186414
v 0.241510 3.273342 0.161185
v 0.257542 3.328922 0.174700
v 0.309652 3.346985 0.157343
v -0.243961 3.412740 0.170760
v 0.345898 3.380839 0.143145
v 0.335595 3.426975 0.162707
v 1.239937 4.547866 0.168348
v -0.264399 3.493921 0.171329
v 0.347761 3.483009 0.165827
v -0.351509 3.538920 0.133120
v -0.338940 3.583205 0.163982
v -0.320887 3.524714 0.150777
v 0.399146 3.511357 0.159719
v 0.194486 3.567707 0.194068
v 0.253879 3.566669 0.167295
v 0.852035 4.026858 0.171660
v 0.272040 3.637324 0.156473
v 0.473963 3.565897 0.159108
v 1.264830 4.434823 0.225663
v -0.379495 3.637106 0.150545
v 0.244017 3.646398 0.141451
v 0.776081 4.010276 0.186475
v 0.201001 3.638427 0.176810
v 0.498223 3.630269 0.167140
v -0.394667 3.727258 0.154062
v 0.196845 3.715805 0.182675
v 0.587236 3.717730 0.141601
v -0.486275 4.249689 0.311518
v 0.317804 3.741328 0.144214
v -0.422082 3.773309 0.149339
v 0.723419 4.977490 0.177148
v -0.462524 3.858906 0.155490
v -0.483812 3.933305 0.167279
v -0.250997 3.859874 0.173900
v -0.135403 3.893692 0.158222
v 0.111897 3.931391 0.160632
v 0.485795 3.879830 0.166237
v 0.692899 3.883825 0.164314
v -0.522537 3.934358 0.146465
v -0.237267 3.931777 0.146871
v -0.112919 3.942106 0.167529
v 0.470693 3.941087 0.138798
v 0.503522 3.938351 0.161522
v -0.410843 4.927010 0.210894
v 0.718270 3.931849 0.168146
v -0.557115 4.006724 0.166729
v -0.527164 3.961766 0.158083
v -0.278608 4.008315 0.160925
v -0.667765 4.074820 0.146947
v -0.028623 3.997564 0.144466
v 0.025555 4.001901 0.144844
v 0.786247 3.960758 0.157974
v -0.051272 4.032580 0.159551
v 0.553693 4.030337 0.145473
v 0.591972 4.060349 0.156704
v -0.703922 4.110274 0.153686
v -0.288040 4.074362 0.158884
v 0.616638 4.097909 0.162676
v 0.936188 4.084708 0.163636
v 0.945691 4.069983 0.147894
v -0.346615 4.855025 0.892220
v -0.782056 4.135468 0.132697
v -0.710866 4.160089 0.182699
v -0.290172 4.126912 0.155066
v 0.643194 4.153579 0.170074
v 1.001979 4.118786 0.153500
v 0.268863 4.824835 0.851561
v 1.039923 4.127746 0.142718
v -0.043193 5.108016 0.336574
v -1.082857 4.216718 0.135811
v -0.246269 3.776758 0.193509
v -0.837506 4.198177 0.160516
v -0.212161 3.784616 0.209484
v -0.781642 4.171608 0.158558
v 0.468540 4.826584 0.835634
v 0.610990 4.177497 0.139163
v 0.644799 4.229553 0.155280
v 0.476093 3.791858 0.177419
v 1.078480 4.174004 0.158353
v -0.337092 4.611672 0.206943
v -0.945454 4.220809 0.165503
v -0.263946 4.619184 0.179238
v -0.868528 4.226883 0.172736
v 0.559844 3.779093 0.174847
v 1.160741 4.199351 0.157941
v 1.231472 4.235899 0.174743
v 0.189426 4.674389 0.179309
v 1.366178 4.238226 0.166157
v -1.156511 4.319708 0.155920
v -1.100695 4.257378 0.155642
v -0.304781 4.305792 0.140740
v -0.306214 4.270099 0.147025
v 1.445706 4.254151 0.163331
v 0.239827 4.774219 0.192642
v 0.882747 4.400298 0.161457
v 1.466925 4.311252 0.188369
v -0.192536 5.063484 0.346428
v -0.304604 4.351862 0.138422
v 0.922488 4.375426 0.155246
v 1.515552 4.326819 0.162686
v -1.172384 4.373579 0.146424
v 0.326809 4.535356 0.367776
v -0.537728 4.767681 0.154341
v -1.143068 4.384792 0.156989
v -0.349468 4.389188 0.186323
v 0.941045 4.401357 0.138157
v 1.018582 4.378129 0.154229
v -1.088380 4.455297 0.164182
v 1.106138 4.437855 0.162448
v -0.634293 4.828726 0.357462
v -1.124282 4.477258 0.148573
v -1.072290 4.526439 0.156466
v -0.251948 4.525467 0.140193
v -0.844123 4.492107 0.139146
v -0.810796 4.451080 0.196347
v -0.328358 4.468233 0.171849
v -0.296039 4.477097 0.153073
v 0.653045 4.537234 0.159731
v 0.895365 4.471055 0.149847
v 1.162971 4.455821 0.180200
v 0.729298 4.852320 0.309375
v 1.150382 4.497774 0.149761
v -1.115220 4.549756 0.131661
v -0.944739 4.555890 0.137304
v -1.007590 4.541119 0.159249
v -0.939834 4.523000 0.157576
v -0.803008 4.535637 0.183571
v -0.265612 4.538864 0.156012
v 0.040272 4.517909 0.152229
v -0.466706 4.686927 0.333026
v 0.906684 4.538814 0.154288
v 1.180395 4.517701 0.153739
v 1.461277 4.546519 0.189996
v -0.759525 4.563217 0.149167
v -0.723106 4.585000 0.141078
v -0.727705 4.224785 0.206106
v -0.139741 4.595543 0.166453
v -0.113455 4.534605 0.181751
v -0.403218 4.312547 0.260287
v 0.084836 4.557053 0.145237
v 1.450590 4.589992 0.158322
v -0.721041 4.632475 0.167856
v 0.778224 4.222593 0.201109
v 0.165947 4.614177 0.192915
v 0.054094 4.233462 0.214245
v 0.642928 4.611703 0.172364
v 0.194245 4.975844 0.336758
v 0.969733 4.679387 0.124714
v 0.675133 4.676436 0.221813
v 1.311401 4.596979 0.166594
v -0.114517 4.310640 0.648341
v 1.385669 4.599664 0.173644
v -0.631806 4.677575 0.183770
v -0.555888 4.685871 0.188524
v -0.204863 4.660798 0.184681
v 0.925496 4.692406 0.190105
v 1.166981 4.385892 0.204108
v 0.587442 4.770692 0.165318
v 0.943743 4.749804 0.186178
v -0.537241 4.847221 0.154488
v 0.266327 4.834418 0.180780
v 0.587138 4.837014 0.164195
v 0.962092 4.839220 0.171028
v -0.529015 4.892064 0.150631
v 0.289094 4.911711 0.183267
v 0.626943 4.905643 0.182300
v -0.517370 4.935534 0.131531
v -0.478136 4.907659 0.182270
v 0.931590 4.909892 0.190399
v -0.269347 4.389084 0.575192
v -0.468978 4.958935 0.157336
v -0.643461 4.776951 0.580241
v -0.409905 4.969873 0.176860
v -0.705743 4.762447 0.563296
v -0.329627 4.976876 0.191788
v -0.262257 4.999040 0.187731
v -0.113000 5.042761 0.137212
v -0.150574 0.865062 0.170521
v -0.031958 5.046360 0.130790
v -0.265793 4.967858 0.586901
v 0.123470 5.041128 0.123589
v 0.197509 5.047646 0.174958
v 0.570138 4.756896 0.554726
v 0.794055 4.985815 0.188499
v -0.320967 4.462202 0.550456
v -0.115983 5.073036 0.164078
v 0.104970 5.071208 0.185600
v -0.041641 -0.104510 0.185517
v -0.108945 0.036412 0.188698
v 0.103730 0.030226 0.193280
v 0.105972 0.106470 0.181369
v 0.047689 0.045139 0.211526
v -0.044749 0.117775 0.206149
v 0.035122 0.126810 0.205983
v -0.108479 0.195853 0.165504
v -0.036742 0.187748 0.193849
v 0.035084 0.200277 0.193483
v -0.048941 0.266099 0.187361
v 0.024912 0.287159 0.198697
v 0.102703 0.339425 0.186048
v -0.115190 0.415869 0.200960
v 0.115885 0.410737 0.196216
v 0.108827 1.691115 0.196796
v -0.155378 0.409451 0.170068
v -0.156830 0.482793 0.176319
v 0.121217 0.569653 0.195034
v 0.036654 0.706640 0.194337
v -0.106634 0.717121 0.166067
v -0.032799 0.701982 0.193778
v -0.113312 0.784643 0.173888
v -0.039815 0.786297 0.204025
v 0.863832 4.606159 0.206511
v -0.103677 0.856120 0.201199
v 0.100040 0.858246 0.201596
v -0.158377 0.939469 0.171681
v 0.509395 4.852641 0.551376
v -0.123259 0.926635 0.198592
v 0.103885 0.934910 0.208099
v 0.863510 4.460608 0.169270
v -0.111663 1.001727 0.200560
v 0.102645 1.100669 0.181527
v -0.038423 1.081836 0.208936
v -0.043697 1.163778 0.203525
v 0.041952 1.085544 0.209204
v 0.050131 1.170154 0.202388
v -0.109082 1.239862 0.195677
v 0.101279 1.237847 0.198214
v 0.121526 1.305403 0.200464
v -0.494505 4.674024 0.726480
v -0.122520 1.307618 0.203360
v -0.121152 1.386745 0.203696
v -0.158064 1.407753 0.172289
v -0.106456 1.452357 0.198393
v 0.104153 1.468832 0.195165
v -0.050442 1.470300 0.213569
v 0.104248 1.544631 0.178737
v 0.041133 1.531021 0.205981
v 0.108110 1.616682 0.182328
v 0.105945 1.769026 0.202143
v 0.106532 1.849038 0.186146
v -0.773035 4.672156 0.610246
v 0.045092 1.832611 0.214599
v -0.092880 1.927543 0.178946
v -0.035982 1.897157 0.200851
v -0.169109 5.046652 0.396850
v 0.037749 1.897718 0.200772
v -0.037066 1.989536 0.203165
v -0.782812 4.530439 0.632941
v 0.036346 1.988016 0.204220
v -0.102556 2.057699 0.194851
v 0.059899 2.048181 0.210374
v 0.108738 2.071064 0.193712
v -0.106258 2.142294 0.197316
v 0.120552 2.144366 0.189115
v 0.102219 2.204996 0.188643
v 0.035170 2.223973 0.207909
v -0.110586 2.279832 0.168457
v -0.041516 2.217853 0.208233
v 0.037311 2.289561 0.195562
v -0.091300 2.349131 0.176251
v 0.030571 2.380526 0.201234
v 0.102685 2.434747 0.178680
v 0.035183 2.435769 0.205173
v -0.111618 2.525172 0.168896
v -0.032112 2.505377 0.202148
v 0.041102 2.502967 0.200680
v 0.047247 2.587186 0.182250
v 0.052991 2.654027 0.173784
v -0.053866 2.732877 0.185347
v 0.033286 2.727922 0.189551
v -0.035688 2.813440 0.199726
v 0.027955 2.814711 0.203440
v 0.099115 2.805780 0.175916
v -0.030686 2.887398 0.200481
v 0.041185 2.884020 0.197453
v 0.102587 2.888469 0.173282
v -0.190882 4.417502 0.685278
v 0.036115 2.974820 0.203267
v -0.039386 3.022732 0.215062
v 0.107924 3.032611 0.192128
v 0.055145 3.031108 0.214092
v -0.157235 3.110661 0.177445
v -0.114846 3.110054 0.207735
v 0.121318 3.111202 0.204318
v -0.130690 3.192189 0.208132
v 0.176629 3.181672 0.176777
v 0.129525 3.176276 0.209113
v -0.196856 3.336780 0.195509
v 0.187919 3.326257 0.207600
v -0.210162 3.423739 0.202043
v 0.267827 3.417813 0.187244
v 0.209205 3.404462 0.209429
v -0.203818 3.479325 0.209061
v 0.250253 3.485744 0.188407
v 0.192498 3.494195 0.214267
v -0.265571 3.556623 0.187059
v -0.212249 3.548771 0.211423
v 0.403770 3.570937 0.178205
v -0.326330 3.639772 0.180127
v 0.402504 3.643271 0.189836
v -0.264973 3.705704 0.201903
v 0.409976 3.710209 0.184028
v 0.140128 3.887181 0.165842
v -0.345682 3.935560 0.187587
v -0.281635 3.943651 0.170241
v 0.150231 3.940344 0.210740
v 0.625555 3.942637 0.187275
v -0.491919 4.002851 0.192405
v -0.420335 4.022058 0.205352
v -0.338745 4.012710 0.186564
v -0.126230 4.008724 0.198595
v 0.644734 4.010415 0.184297
v -0.436000 4.613818 0.240201
v 0.720019 4.011187 0.191760
v -0.562238 4.077334 0.207950
v -0.103862 4.087653 0.203116
v 0.112006 4.082270 0.207018
v -0.353338 4.090962 0.199951
v 0.866421 4.759738 0.269941
v -0.035817 4.088752 0.177862
v 0.052156 4.104176 0.184708
v 0.711283 4.087844 0.203164
v 0.791989 4.083140 0.208346
v 0.852251 4.102536 0.199726
v 0.414113 4.630522 0.854130
v -0.330051 4.164173 0.187660
v -0.041528 4.161355 0.200447
v -0.414219 4.448650 0.262507
v 0.725740 4.169476 0.204983
v -0.171629 4.611837 0.201171
v -0.786147 4.240937 0.187476
v -0.338019 4.233351 0.188422
v 0.852920 4.224691 0.196947
v 1.146068 4.216224 0.170887
v 0.136621 4.582757 0.173743
v 0.698934 4.239736 0.181475
v 0.946671 4.239540 0.188721
v 1.020856 4.239277 0.187022
v 1.100194 4.250893 0.186427
v 1.311156 4.251209 0.181834
v -1.015351 4.299099 0.185126
v -0.937859 4.319050 0.201223
v -0.868540 4.320983 0.200573
v -0.800019 4.324200 0.207542
v 0.704294 4.313204 0.175519
v 0.796810 4.313119 0.188349
v 1.480729 4.393803 0.207082
v 0.865685 4.308928 0.183073
v 1.516763 4.404451 0.178587
v 0.937064 4.310134 0.175354
v 1.016479 4.311299 0.178603
v 1.086326 4.312603 0.190333
v 1.177145 4.308298 0.203052
v 1.235204 4.318843 0.212239
v 0.220205 4.734149 0.195448
v 0.796819 4.388484 0.183733
v 1.393933 4.299351 0.204023
v -0.802030 4.372537 0.208065
v -0.479204 4.766107 0.196259
v -1.083877 4.386106 0.174297
v -0.432522 4.761123 0.217964
v -1.008333 4.387220 0.190763
v -0.930951 4.386557 0.201000
v -0.871933 4.380691 0.200011
v -0.028888 4.389457 0.196521
v 0.614957 4.771675 0.199024
v 0.042922 4.390314 0.198530
v -1.016035 4.458555 0.179553
v -0.950679 4.468342 0.178827
v -0.381562 4.420834 0.214384
v -0.035689 4.460796 0.176114
v -0.101101 4.463502 0.203497
v -0.189857 4.242462 0.323990
v 0.046606 4.453617 0.181108
v 0.081125 4.398797 0.210427
v 0.103138 4.474980 0.199733
v 0.705888 4.460680 0.176133
v -0.106344 5.080223 0.388224
v 0.798024 4.462458 0.186555
v 1.514878 4.468349 0.174693
v -0.345689 4.542750 0.195349
v 1.234063 4.471840 0.205697
v 1.466442 4.467688 0.212712
v -0.828187 4.523126 0.213908
v 0.544891 4.552594 0.638416
v -0.393245 4.534846 0.215642
v -0.074369 4.526865 0.159698
v 0.121722 4.534716 0.193974
v -0.130700 4.154022 0.241399
v 0.715049 4.549190 0.195657
v 0.777802 4.546870 0.204602
v 1.304082 4.539042 0.209374
v -0.785529 4.604245 0.195089
v 0.709295 4.609484 0.213675
v 0.915598 4.615807 0.173243
v 1.384454 4.566274 0.210156
v 0.636771 4.692746 0.197767
v -0.750699 4.657461 0.203017
v -0.710910 4.676476 0.199987
v -0.488270 4.700443 0.196846
v -0.250767 4.684872 0.200491
v -0.481293 4.835630 0.197588
v 0.618365 4.836954 0.207808
v 0.899978 4.939860 0.206079
v 0.264387 4.998491 0.195564
v 0.689051 4.946950 0.214357
v -0.512022 4.485189 0.535871
v -0.229773 5.025746 0.200242
v 0.254453 4.700918 0.384408
v -0.027233 5.087066 0.173005
v 0.435022 4.444688 0.552484
v 0.048897 5.088131 0.196153
v -0.909270 4.623697 0.537915
v -0.114211 5.104671 0.212495
v -0.039909 5.105286 0.207562
v -0.039395 0.047501 0.212428
v 0.560887 4.819585 0.713218
v -0.020404 0.416038 0.230721
v 0.031081 0.419162 0.229104
v -0.042164 0.494835 0.231458
v 0.032714 0.495915 0.234063
v -0.018373 0.570950 0.227919
v 0.032668 0.572928 0.227424
v -0.064042 0.863324 0.219809
v -0.019413 0.862375 0.226848
v -0.068437 0.939305 0.223421
v -0.019198 0.938859 0.232213
v 0.032345 0.942452 0.231059
v -0.066522 1.015253 0.217301
v 0.728321 4.631536 0.229689
v -0.018064 1.014615 0.225953
v 0.032383 1.017585 0.225390
v -0.536211 4.769001 0.701488
v 0.080501 4.639787 0.590235
v -0.042839 1.230782 0.217730
v 0.593244 4.761310 0.725468
v 0.051642 1.217734 0.211490
v -0.019253 1.259934 0.228735
v 0.031856 1.263160 0.226903
v -0.041725 1.314344 0.233195
v 0.032113 1.313402 0.234573
v 0.338240 4.989808 0.562777
v -0.035257 1.378489 0.232686
v 0.251013 4.391454 0.356320
v 0.033224 1.389424 0.233796
v 0.199533 4.379595 0.311954
v 0.080922 1.364446 0.225065
v 0.144129 4.770038 0.554626
v -0.069174 1.410192 0.222767
v 0.044578 1.461629 0.219744
v -0.264090 4.977651 0.792204
v 0.052699 1.662144 0.214937
v -0.863425 4.460152 0.330534
v -0.018004 1.706976 0.227378
v 0.234336 4.679649 0.370236
v 0.032359 1.710496 0.225812
v -0.230217 4.778646 0.314473
v -0.017969 1.758451 0.227842
v 0.228738 4.782050 0.310484
v 0.032458 1.761474 0.226694
v -0.031853 2.054859 0.217909
v -0.040534 2.130861 0.219456
v 0.049267 2.131523 0.218242
v -0.006640 3.056014 0.227871
v 0.575270 4.685362 0.544293
v -0.039253 3.123506 0.234019
v 0.031468 3.121789 0.235033
v 0.078791 3.148418 0.228053
v -0.075798 3.184811 0.232189
v 0.031338 3.197143 0.242391
v 0.079753 3.198517 0.232882
v 0.032236 3.261469 0.255241
v 0.088967 3.271665 0.243864
v 0.124642 3.244245 0.221375
v -0.094735 3.281465 0.243963
v -0.112213 3.334469 0.254837
v 0.114253 3.334804 0.250781
v -0.154555 3.332086 0.228126
v -0.171406 3.409165 0.232490
v -0.111933 3.409375 0.275798
v 0.163923 3.414837 0.239339
v 0.113305 3.414741 0.273690
v -0.134057 3.491606 0.274169
v 0.167913 3.469281 0.238404
v -0.178310 3.489066 0.230371
v -0.168907 3.561848 0.255815
v 0.165746 3.577619 0.258517
v -0.190261 3.632142 0.267119
v 0.182273 3.635647 0.271431
v 0.860377 4.916539 0.264128
v -0.229932 3.681158 0.227807
v 0.196884 3.718555 0.268046
v 0.122483 3.787740 0.403305
v -0.190765 3.778322 0.279846
v -0.180146 3.860247 0.276277
v 0.180064 3.860117 0.271437
v -0.165880 3.907050 0.219924
v -0.168712 3.939734 0.245888
v 0.176476 3.950483 0.272146
v -0.170453 4.009423 0.260212
v -0.100831 4.690041 0.793560
v 0.174085 4.007981 0.266847
v -0.499486 4.054754 0.214656
v 0.169113 4.071421 0.272861
v -0.146355 4.075551 0.235919
v 0.149174 4.101495 0.250168
v -0.552118 4.157607 0.257552
v -0.486609 4.156304 0.255029
v -0.423018 4.169367 0.240348
v 0.092107 4.171269 0.218217
v 0.136135 4.158864 0.249249
v -0.633299 4.185526 0.248715
v -0.116376 4.227472 0.239588
v -0.701885 4.252900 0.253100
v -0.646913 4.223928 0.274793
v -0.409611 4.239076 0.252874
v -0.041948 4.240560 0.212592
v 0.117781 4.244803 0.245243
v -0.124328 4.301201 0.249842
v -0.042913 4.304245 0.212433
v -0.213627 4.681784 0.344877
v 0.028433 4.311380 0.210035
v 0.123422 4.320977 0.249826
v -0.169614 4.535246 0.262546
v -0.766587 4.334757 0.263515
v -0.120661 4.373888 0.243791
v -0.079457 4.330439 0.221548
v 1.381445 4.349058 0.226053
v -0.405867 4.381310 0.266313
v -0.080679 4.381908 0.214684
v 0.125950 4.389833 0.242754
v 1.220335 4.384284 0.218404
v 1.318065 4.385551 0.233354
v 1.394967 4.388335 0.232457
v -0.210897 4.696914 0.271356
v -0.824290 4.432914 0.255884
v -0.734639 4.697985 0.239688
v -0.143032 4.454080 0.248173
v 0.721574 4.690121 0.251221
v 0.139231 4.463800 0.240269
v 1.387991 4.461153 0.237469
v -0.414915 4.511009 0.245125
v 0.170928 4.533423 0.269918
v -0.855162 4.537839 0.257217
v 0.189466 4.607709 0.269597
v 0.789642 4.593357 0.221106
v -0.804695 4.641591 0.233957
v -0.859430 4.614304 0.276476
v -0.497348 4.677639 0.261236
v 0.766802 4.635382 0.236438
v -0.163974 4.451462 0.279678
v -0.793920 4.681654 0.262425
v -0.335384 4.686207 0.218503
v 0.216306 4.700717 0.251451
v 0.173763 4.449346 0.283754
v 0.783091 4.680359 0.257399
v 0.858159 4.697501 0.246945
v -0.653867 4.753086 0.274873
v -0.626428 4.724396 0.239768
v -0.548744 4.703771 0.243288
v -0.343307 4.755061 0.230283
v -0.260429 4.759437 0.250580
v 0.666392 4.720626 0.232602
v 0.706725 4.750161 0.275903
v 0.242679 4.777772 0.258214
v 0.655577 4.774346 0.245506
v 0.918344 4.825275 0.238280
v -0.409527 4.833335 0.230096
v -0.340661 4.842765 0.244009
v -0.282814 4.835608 0.268273
v 0.264029 4.845798 0.274813
v 0.651316 4.848924 0.248449
v -0.414608 4.879590 0.225112
v 0.280536 4.919391 0.260295
v 0.024185 5.103890 0.262916
v 0.664941 4.904449 0.240112
v 0.913191 4.879452 0.238750
v -0.289533 4.917227 0.274015
v 0.711819 4.909418 0.272002
v 0.134325 4.750716 0.624682
v -0.262678 4.991121 0.260480
v 0.257051 4.989779 0.263113
v 0.781723 4.962865 0.238109
v -0.200181 5.072816 0.263758
v 0.195382 5.045310 0.255986
v -0.162728 5.105863 0.260909
v -0.116028 5.114420 0.256518
v -0.045351 5.117048 0.270502
v 0.067877 5.092391 0.262163
v -0.036802 3.322564 0.276660
v 0.035561 3.347228 0.285732
v -0.034223 3.407972 0.307213
v 0.010868 3.374045 0.301083
v 0.050630 3.386037 0.298948
v 0.054221 3.430123 0.307732
v -0.142135 3.565574 0.295028
v 0.139129 3.547632 0.286210
v -0.202222 4.461972 0.337825
v 0.105251 3.570213 0.336270
v 0.181088 3.667769 0.312216
v -0.186079 4.003378 0.334298
v 0.187552 4.009474 0.338220
v -0.168511 4.080371 0.269090
v -0.185126 4.095546 0.320639
v 0.168540 4.157294 0.286963
v -0.450804 4.222012 0.276293
v -0.162653 4.226517 0.278159
v -0.192301 4.163887 0.336137
v 0.167831 4.239065 0.286156
v -0.641180 4.255735 0.318174
v -0.573746 4.211358 0.299240
v -0.555690 4.244388 0.326152
v 0.195774 4.229562 0.327202
v -0.438452 4.304947 0.305089
v -0.158618 4.301118 0.281029
v 0.171121 4.325268 0.288576
v -0.198747 4.313540 0.341677
v -0.797694 4.376801 0.331756
v -0.430782 4.383663 0.321658
v -0.200225 4.387721 0.340570
v 0.169373 4.378081 0.284020
v 0.205406 4.459330 0.316681
v -0.428100 4.473007 0.327283
v -0.886750 4.522073 0.308303
v -0.430437 4.547891 0.320000
v 0.203361 4.537852 0.323043
v -0.882242 4.638482 0.304311
v -0.455934 4.625911 0.268068
v -0.443346 4.613964 0.340398
v -0.207966 4.626711 0.335030
v 0.213620 4.678244 0.330208
v -0.764100 4.727170 0.293064
v -0.697256 4.752651 0.286900
v -0.566992 4.749082 0.281495
v 0.211246 4.740982 0.336540
v 0.694291 4.825415 0.290183
v 0.794467 4.776401 0.307423
v 0.840167 4.779042 0.300390
v -0.243489 4.836129 0.336810
v -0.653254 4.282600 0.349871
v 0.784277 4.926276 0.282818
v -0.256462 4.976206 0.320421
v -0.233831 5.026175 0.323563
v 0.207007 5.023728 0.296705
v 0.033594 5.082808 0.341174
v 0.108820 5.046586 0.328509
v -0.156518 5.100064 0.313559
v -0.034199 3.480911 0.324462
v 0.025166 3.510276 0.339351
v 0.077494 3.493224 0.315291
v -0.102414 3.568047 0.338804
v -0.043164 3.551015 0.356325
v 0.049287 3.545915 0.352994
v -0.155897 3.634846 0.329285
v 0.173806 3.782221 0.336164
v -0.166857 3.790640 0.349156
v 0.186624 4.096116 0.324878
v 0.193728 4.166653 0.337878
v -0.479835 4.308197 0.341853
v 0.203949 4.306646 0.324494
v -0.215893 4.529632 0.355949
v -0.752743 4.332623 0.327252
v 0.233958 4.307670 0.363207
v -0.825763 4.404860 0.351106
v -0.458428 4.371898 0.364378
v 0.263649 4.468340 0.356253
v -0.916569 4.544295 0.346754
v -0.917223 4.624306 0.338180
v 0.211700 4.604609 0.333998
v -0.913582 4.682847 0.363497
v -0.782446 4.753932 0.348696
v -0.502121 4.760702 0.341086
v -0.213811 4.746443 0.344187
v -0.651610 4.792789 0.317604
v 0.236379 4.844131 0.325559
v 0.237313 4.895475 0.327966
v 0.186429 4.932935 0.358747
v 0.176612 5.025493 0.313189
v -0.010714 3.585154 0.386973
v 0.033365 3.585343 0.383354
v -0.100794 3.644749 0.389193
v -0.040844 3.629398 0.406494
v 0.042330 3.628199 0.405619
v -0.118262 3.707645 0.396505
v 0.105456 3.711060 0.404211
v 0.504722 4.519976 0.664026
v -0.115125 3.797552 0.411019
v -0.121212 3.866509 0.430640
v 0.151589 3.861544 0.392052
v -0.276184 4.995156 0.720192
v 0.172655 3.950863 0.397373
v -0.176685 4.009212 0.417336
v -0.188431 4.075522 0.414886
v 0.177367 4.021714 0.419876
v -0.205288 4.158472 0.412593
v 0.210507 4.167969 0.413720
v -0.220305 4.240721 0.410222
v 0.224591 4.235901 0.388622
v 0.237747 4.245848 0.418326
v 0.266044 4.317431 0.408514
v -0.710555 4.331922 0.401582
v -0.647192 4.315554 0.402525
v -0.566047 4.333599 0.415599
v -0.233835 4.313099 0.434000
v -0.250493 4.394284 0.422414
v 0.286315 4.378296 0.389535
v -0.261540 4.533108 0.399918
v -0.867828 4.453413 0.405616
v -0.440450 4.469094 0.382369
v 0.338220 4.455165 0.399796
v -0.257624 4.462112 0.408497
v -0.923991 4.524941 0.412381
v -0.812317 4.505665 0.596931
v 0.364801 4.547916 0.379935
v 0.416927 4.533710 0.417591
v -0.359212 4.683896 0.437074
v -0.945173 4.607201 0.422703
v -0.439762 4.614006 0.419689
v -0.227628 4.601367 0.368313
v 0.260457 4.611316 0.359915
v 0.328281 4.608159 0.367684
v 0.420845 4.613844 0.402988
v -0.885102 4.721846 0.385036
v -0.266786 4.614573 0.394173
v 0.371158 4.621507 0.377787
v 0.403267 4.685999 0.405276
v -0.412929 4.685279 0.431111
v -0.259789 4.699183 0.394328
v -0.039053 4.900110 0.465516
v 0.338803 4.690362 0.387163
v -0.858648 4.726985 0.362105
v -0.460730 4.717173 0.377058
v 0.179814 4.768770 0.409999
v -0.862326 4.740368 0.417767
v -0.781712 4.775771 0.407517
v -0.255152 4.766669 0.417020
v -0.210870 4.791233 0.395394
v -0.742724 4.796855 0.408537
v -0.696487 4.825793 0.415458
v -0.554800 4.843069 0.406347
v -0.499423 4.820705 0.424150
v -0.212035 4.836898 0.405635
v 0.164585 4.842774 0.391961
v -0.623149 4.851499 0.420977
v -0.232289 4.892959 0.384107
v 0.173598 4.897766 0.375413
v -0.229129 4.974083 0.382334
v 0.108579 4.916965 0.405888
v 0.087671 4.974699 0.393818
v 0.045990 4.993694 0.408072
v -0.183552 4.989228 0.419687
v 0.036616 5.032828 0.390290
v -0.036390 5.050906 0.409893
v -0.034958 5.092037 0.373145
v -0.604926 4.520205 0.662608
v 0.033637 3.718117 0.434117
v 0.046506 3.789889 0.445122
v 0.122255 3.858033 0.427780
v -0.144711 3.949732 0.449990
v 0.141940 3.921932 0.439015
v -0.160712 4.018319 0.462774
v 0.169813 4.036166 0.453335
v 0.177280 4.092789 0.481481
v -0.200935 4.165638 0.476252
v 0.281048 4.298106 0.483733
v 0.305460 4.342206 0.447425
v -0.763247 4.392584 0.471765
v -0.715663 4.355058 0.440640
v -0.009807 4.105645 0.607591
v 0.327783 4.387865 0.433980
v 0.338286 4.372974 0.481168
v -0.859461 4.464018 0.482250
v 0.494906 4.695566 0.846265
v -0.465830 4.454861 0.432827
v -0.289781 4.443390 0.472184
v 0.391959 4.475039 0.429473
v -0.302998 4.528983 0.434966
v -0.345973 4.539370 0.483519
v 0.461076 4.598134 0.434948
v 0.458640 4.675730 0.439059
v -0.437963 4.760450 0.439822
v 0.337425 4.764816 0.414129
v 0.417731 4.752163 0.435288
v -0.845138 4.740852 0.481881
v -0.783618 4.769243 0.480382
v 0.125278 4.784419 0.437627
v 0.183144 4.787432 0.479667
v 0.397909 4.823394 0.445883
v -0.734078 4.796782 0.484519
v -0.253739 4.808081 0.443564
v -0.256595 4.555807 0.777284
v 0.268098 4.836605 0.444858
v 0.343032 4.842787 0.437247
v -0.640667 4.838023 0.499503
v -0.194728 4.907761 0.427270
v 0.059157 4.870776 0.445074
v 0.333916 4.889956 0.448363
v 0.029048 4.924768 0.442488
v 0.543214 4.823277 0.571917
v -0.123924 5.006065 0.439635
v -0.036169 4.976618 0.450890
v -0.042177 3.864893 0.475505
v -0.028136 3.927667 0.507829
v -0.100415 3.937249 0.485104
v 0.054753 3.927464 0.502958
v 0.115004 3.939003 0.473664
v -0.120467 4.011202 0.503313
v 0.131635 4.015834 0.496111
v 0.199168 4.163578 0.500052
v -0.808982 4.435791 0.502870
v -0.216147 4.237144 0.498143
v -0.703471 4.379614 0.495225
v -0.621725 4.378493 0.502931
v 0.416716 4.451661 0.485617
v 0.390903 4.414416 0.510146
v -0.338942 4.789538 0.458239
v -0.918038 4.534191 0.488379
v -0.932148 4.613528 0.498360
v -0.409059 4.605046 0.484268
v -0.375104 4.562068 0.499828
v 0.031243 4.687590 0.503698
v 0.085730 4.689445 0.497812
v 0.043793 4.755370 0.472517
v 0.117036 4.745740 0.488664
v 0.494497 4.764159 0.488330
v -0.020631 4.783247 0.498617
v -0.704767 4.817822 0.479140
v -0.419217 4.835554 0.491867
v -0.344723 4.838347 0.487322
v -0.269718 4.847320 0.476742
v -0.220682 4.853417 0.467613
v -0.043291 4.835167 0.482986
v -0.090958 4.843434 0.503428
v 0.039683 4.827105 0.460012
v 0.188565 4.819093 0.500071
v -0.514843 4.858871 0.653209
v 0.238286 4.845573 0.464814
v 0.432395 4.829938 0.466435
v 0.477939 4.831614 0.500302
v -0.166660 4.895894 0.484355
v -0.105421 4.905221 0.482517
v 0.018264 4.876408 0.456712
v 0.255737 4.920063 0.490736
v 0.218276 4.879385 0.499581
v 0.414005 4.905412 0.486970
v 0.335433 4.918816 0.466806
v -0.100588 4.967706 0.455790
v -0.045503 4.017006 0.545217
v 0.034356 4.003651 0.541456
v 0.070906 3.985117 0.522684
v -0.093932 4.047109 0.543433
v 0.099151 4.029264 0.530461
v -0.109672 4.085371 0.556092
v 0.099612 4.084662 0.562941
v -0.153872 4.119441 0.540491
v 0.173397 4.169503 0.553561
v -0.168482 4.172204 0.552426
v 0.201469 4.231770 0.570777
v -0.209748 4.293381 0.564297
v 0.244661 4.264674 0.543948
v 0.271869 4.309252 0.577263
v 0.307713 4.337866 0.559514
v 0.344501 4.370843 0.560956
v -0.787793 4.460089 0.570234
v -0.764435 4.424356 0.534086
v -0.024381 4.772989 0.559887
v -0.628803 4.408294 0.555906
v -0.266615 4.515553 0.740039
v 0.396267 4.412645 0.578739
v -0.838425 4.481816 0.547816
v 0.473476 4.481712 0.560776
v -0.898047 4.525301 0.523540
v -0.860840 4.532825 0.566741
v -0.498150 4.543523 0.560818
v -0.400731 4.559932 0.551766
v -0.365004 4.516295 0.556696
v 0.506421 4.525246 0.567049
v -0.434462 4.587932 0.553167
v 0.563112 4.609377 0.563224
v 0.534300 4.557719 0.571107
v -0.864186 4.612113 0.573128
v 0.035544 4.643700 0.523331
v 0.037322 4.630674 0.559814
v 0.537929 4.629829 0.513913
v -0.859778 4.692517 0.539061
v 0.027738 4.670540 0.561167
v 0.106922 4.698008 0.560603
v -0.779714 4.741424 0.540440
v -0.006547 4.721213 0.555527
v -0.571524 4.835215 0.562400
v -0.052309 4.831805 0.555817
v 0.178141 4.839767 0.549915
v -0.410452 4.873873 0.530426
v -0.412282 4.898917 0.567073
v -0.330213 4.882332 0.517327
v -0.247695 4.901392 0.513458
v -0.105131 4.914467 0.559559
v 0.483045 4.896889 0.566087
v -0.324504 4.928643 0.564772
v -0.263112 4.937952 0.548464
v -0.189217 4.933114 0.537738
v 0.205235 4.909771 0.565308
v 0.447551 4.936594 0.557576
v 0.235458 4.947992 0.545425
v 0.273319 4.979856 0.575608
v 0.406072 4.967224 0.553355
v 0.038758 4.068678 0.580866
v 0.558591 4.697961 0.791566
v -0.046700 4.084981 0.589151
v -0.118567 4.144334 0.588164
v 0.116909 4.139010 0.588234
v -0.141372 4.202576 0.597706
v -0.246285 4.384199 0.617917
v -0.729062 4.431526 0.582236
v -0.292961 4.428749 0.596433
v 0.340555 4.390792 0.627789
v -0.325747 4.478897 0.632516
v -0.393853 4.544571 0.628955
v -0.510192 4.563771 0.600122
v -0.440319 4.586365 0.629915
v -0.793877 4.692701 0.581993
v -0.732345 4.716187 0.597398
v -0.013979 4.746572 0.632901
v -0.040633 4.388671 0.672140
v -0.619593 4.752806 0.611108
v -0.573412 4.779082 0.629680
v 0.595485 4.775421 0.630216
v -0.550789 4.820930 0.622460
v -0.034875 4.843529 0.632543
v 0.549380 4.841123 0.635493
v -0.475170 4.881436 0.582471
v -0.053820 4.899547 0.626923
v 0.174027 4.842188 0.640538
v -0.416632 4.923641 0.628969
v 0.472786 4.916098 0.632277
v -0.330125 4.965141 0.637513
v -0.178192 4.969056 0.573378
v -0.109880 4.976262 0.629615
v -0.112238 4.960172 0.591015
v 0.397719 4.970120 0.636627
v -0.190497 4.997174 0.625743
v 0.042215 4.104707 0.603050
v -0.044982 4.166805 0.629741
v 0.030303 4.166277 0.632805
v 0.102175 4.179071 0.614657
v -0.720856 4.621461 0.655841
v -0.101332 4.242889 0.633180
v 0.610949 4.648105 0.642690
v 0.046792 4.219510 0.645722
v 0.108931 4.245348 0.637970
v 0.181030 4.248957 0.605810
v 0.187265 4.302581 0.637405
v -0.187348 4.367415 0.650041
v 0.263355 4.331656 0.620460
v 0.263630 4.361327 0.651395
v -0.717704 4.475595 0.638817
v -0.641463 4.460226 0.635788
v -0.273280 4.434768 0.643898
v 0.413729 4.440808 0.644655
v -0.763748 4.480789 0.619120
v -0.576315 4.477440 0.623075
v 0.471895 4.480918 0.627756
v -0.555281 4.531963 0.636806
v -0.355511 4.513955 0.652585
v -0.778346 4.607264 0.634267
v -0.492203 4.605701 0.646529
v 0.041098 4.605611 0.623475
v 0.054028 4.549923 0.654414
v 0.586549 4.602755 0.628163
v 0.094176 4.611473 0.649901
v -0.703040 4.683471 0.632962
v -0.009766 4.680276 0.660758
v 0.150579 4.784518 0.631125
v -0.475987 4.892637 0.636581
v 0.210215 4.914336 0.645540
v -0.360636 4.940030 0.605802
v -0.078194 4.938483 0.607782
v 0.272580 4.973352 0.635578
v -0.404027 4.692911 0.837571
v 0.340855 4.986146 0.637992
v -0.631100 4.617206 0.671099
v -0.020352 4.230423 0.649703
v -0.038731 4.316677 0.660473
v 0.029869 4.311075 0.662236
v 0.106330 4.314353 0.660422
v 0.050328 4.379097 0.669971
v 0.111501 4.409183 0.679697
v 0.185800 4.397673 0.688440
v 0.252883 4.392527 0.681310
v -0.178105 4.458901 0.713736
v -0.111670 4.412713 0.689815
v -0.050407 4.455984 0.689920
v 0.045805 4.463426 0.670333
v 0.119756 4.478808 0.690939
v 0.329779 4.419452 0.682045
v -0.269256 4.473865 0.696208
v -0.031081 4.536479 0.692925
v 0.405879 4.475599 0.711841
v -0.720273 4.539081 0.665763
v -0.034433 4.760115 0.710110
v -0.657897 4.537957 0.675583
v -0.332209 4.529223 0.709548
v 0.125252 4.546719 0.702086
v 0.494403 4.538610 0.715693
v -0.662297 4.586114 0.676692
v -0.394280 4.573267 0.700921
v -0.003909 4.593031 0.667582
v 0.576280 4.603046 0.713139
v -0.477532 4.636048 0.700487
v -0.041724 4.610058 0.715687
v 0.606759 4.636265 0.679758
v -0.567757 4.694454 0.667895
v -0.533905 4.703812 0.698247
v -0.034830 4.677836 0.716994
v 0.608477 4.681854 0.700794
v 0.133656 4.685747 0.698750
v 0.146061 4.741815 0.682394
v 0.609583 4.731735 0.689438
v 0.172589 4.773619 0.722973
v -0.528225 4.827734 0.686317
v -0.039991 4.836392 0.708645
v 0.187024 4.830041 0.707701
v -0.512583 4.831978 0.724363
v -0.310264 4.784467 0.907485
v -0.472790 4.888963 0.705690
v -0.054642 4.906546 0.712582
v 0.213270 4.882414 0.709193
v -0.413465 4.935031 0.710721
v 0.265516 4.930269 0.715165
v -0.341647 4.971581 0.707870
v -0.115369 4.978704 0.710332
v 0.282375 4.952967 0.691747
v 0.333209 4.966445 0.684018
v -0.107750 4.467166 0.712339
v 0.188491 4.464562 0.719494
v 0.264471 4.446653 0.721308
v -0.180032 4.503700 0.745045
v 0.167151 4.533016 0.734455
v 0.421337 4.504030 0.738589
v 0.152986 4.622286 0.738979
v 0.129602 4.622192 0.710326
v 0.152627 4.698677 0.726903
v 0.519409 4.854842 0.735787
v -0.450828 4.888592 0.768118
v -0.280505 4.763608 0.903418
v -0.081536 4.929178 0.747169
v 0.264220 4.895615 0.765586
v 0.262572 4.492278 0.753187
v 0.342554 4.530341 0.784805
v 0.401165 4.535172 0.775757
v -0.180024 4.547384 0.771857
v 0.203425 4.556681 0.765165
v 0.264830 4.538728 0.781100
v -0.347904 4.612403 0.791309
v -0.309204 4.569347 0.772518
v -0.273445 4.591827 0.801084
v -0.123158 4.608869 0.783170
v -0.076139 4.594276 0.745966
v 0.196659 4.624043 0.782234
v 0.474571 4.572453 0.780517
v 0.542799 4.621934 0.776391
v 0.492349 4.607397 0.805208
v -0.404418 4.632452 0.777010
v -0.074794 4.643337 0.759421
v -0.471285 4.707522 0.783783
v -0.427127 4.670750 0.799076
v -0.064074 4.700099 0.762244
v 0.182738 4.695863 0.775498
v -0.488836 4.763433 0.786028
v -0.060458 4.752086 0.765393
v 0.206394 4.770170 0.798244
v 0.556140 4.765924 0.786151
v -0.473890 4.844123 0.781274
v -0.060409 4.827330 0.764703
v -0.102962 4.766201 0.814080
v -0.096778 4.839603 0.811154
v 0.216808 4.836977 0.774601
v 0.528709 4.823452 0.775333
v 0.488245 4.846876 0.796379
v -0.065492 4.892550 0.754254
v -0.117539 4.919221 0.797439
v 0.242646 4.861011 0.788810
v 0.466514 4.882988 0.763964
v 0.421739 4.893066 0.785316
v 0.341274 4.905436 0.790695
v -0.350317 4.946718 0.798912
v -0.314351 4.973202 0.771823
v -0.181769 4.617755 0.808327
v 0.255858 4.595369 0.807166
v 0.336626 4.581498 0.822584
v 0.439573 4.584862 0.811584
v -0.255388 4.628139 0.827531
v 0.273436 4.633904 0.839318
v 0.467143 4.633139 0.838465
v -0.345360 4.685098 0.858237
v -0.254881 4.685393 0.864805
v -0.180179 4.688220 0.840844
v 0.225169 4.663775 0.822359
v 0.259345 4.694993 0.860698
v -0.416560 4.758874 0.857837
v -0.139610 4.745751 0.839389
v 0.479084 4.768857 0.857608
v -0.395544 4.886468 0.841090
v -0.136171 4.879764 0.840663
v 0.331778 4.838040 0.872038
v 0.400340 4.836522 0.866650
v 0.432810 4.864158 0.823881
v -0.343064 4.913339 0.851048
v -0.185449 4.915677 0.850510
v 0.421929 4.693974 0.884738
v -0.195233 4.762488 0.877741
v 0.271708 4.766805 0.877527
v -0.265182 4.919100 0.867072
v -0.349719 4.765334 0.897624
v -0.253122 4.745487 0.898349
v 0.375338 4.738639 0.901150
v 0.411555 4.756012 0.893102
v 0.339141 4.778614 0.899020
v -0.318409 4.829797 0.905323
v -0.271612 4.831467 0.906717
vn -0.197999 -0.134121 -0.970983
vn -0.085696 -0.293291 -0.952175
vn -0.957861 -0.103141 -0.268076
vn -0.007125 -0.182812 -0.983122
vn 0.040629 -0.345128 -0.937676
vn 0.154857 -0.459404 -0.874624
vn 0.113389 -0.274985 -0.954739
vn -0.372157 -0.169932 -0.912481
vn 0.138550 -0.274369 -0.951591
vn 0.311944 -0.408459 -0.857819
vn 0.562811 -0.394879 -0.726164
vn -0.435234 0.017219 -0.900153
vn -0.288643 0.020388 -0.957220
vn -0.070631 -0.051010 -0.996197
vn 0.061519 -0.085123 -0.994469
vn 0.160270 0.012607 -0.986993
vn 0.476094 0.052507 -0.877825
vn 0.749612 0.024225 0.661434
vn -0.370383 0.022180 -0.928614
vn -0.049062 0.013672 -0.998702
vn 0.107287 0.074659 -0.991421
vn -0.189834 0.421036 -0.886957
vn 0.382199 0.273623 -0.882640
vn -0.392192 0.113931 -0.912801
vn 0.331494 0.268581 -0.904420
vn 0.016664 0.095132 -0.995325
vn 0.270277 0.228800 -0.935201
vn 0.470196 0.345870 0.811967
vn 0.464815 0.395351 -0.792241
vn -0.446570 0.318863 -0.836003
vn 0.039227 0.335903 -0.941080
vn 0.326537 0.465699 -0.822495
vn 0.006360 0.722370 -0.691477
vn -0.361145 -0.358522 -0.860835
vn -0.212138 -0.474158 -0.854501
vn -0.084520 -0.588156 -0.804319
vn 0.205589 -0.692139 -0.691865
vn -0.226177 -0.373681 -0.899559
vn 0.069739 -0.542919 -0.836884
vn 0.264638 -0.683807 -0.679982
vn -0.380194 0.311042 0.871037
vn -0.076053 0.996714 -0.027890
vn 0.277792 -0.651078 -0.706349
vn 0.927980 0.325351 0.181658
vn -0.511047 -0.108220 -0.852713
vn -0.580688 -0.184280 -0.792996
vn 0.153577 0.988121 0.005531
vn 0.537953 -0.697775 -0.472987
vn -0.365576 0.281325 0.887249
vn -0.689970 0.011009 -0.723754
vn 0.197199 0.944064 -0.264302
vn 0.793429 -0.365654 -0.486588
vn -0.595180 0.094221 -0.798049
vn -0.736376 0.167560 -0.655495
vn 0.835104 0.036724 -0.548865
vn -0.676569 0.165049 -0.717644
vn 0.631672 0.443995 -0.635498
vn -0.146767 -0.046366 0.988084
vn -0.747252 0.219478 -0.627250
vn 0.412247 -0.245111 0.877481
vn 0.790111 0.362566 -0.494237
vn 0.504374 0.446267 -0.739224
vn 0.151439 -0.047188 0.987339
vn 0.642385 0.519916 -0.563053
vn -0.799657 0.376383 -0.467851
vn 0.402211 0.654550 -0.640148
vn 0.594740 0.586462 -0.549861
vn -0.846255 -0.500704 0.182068
vn -0.591192 0.690430 -0.416892
vn -0.300861 0.865646 -0.400174
vn 0.039361 0.898331 -0.437552
vn -0.353530 -0.411497 -0.840052
vn -0.425703 -0.192851 -0.884073
vn -0.051953 -0.435160 -0.898853
vn 0.179815 -0.621119 -0.762809
vn 0.313331 -0.740219 -0.594894
vn 0.331834 -0.723955 -0.604793
vn 0.307711 -0.746266 -0.590256
vn 0.053512 0.915197 -0.399437
vn -0.675189 -0.061395 -0.735085
vn -0.543862 -0.452363 0.706811
vn 0.362040 -0.769599 -0.525970
vn 0.528273 -0.733742 -0.427260
vn -0.751802 0.081520 -0.654330
vn -0.089084 -0.004712 -0.996013
vn 0.851816 -0.387346 -0.352664
vn -0.699147 0.196309 -0.687500
vn 0.939656 0.000940 -0.342120
vn -0.674768 0.306632 -0.671315
vn 0.748480 0.399692 -0.529172
vn 0.847408 0.368131 -0.382596
vn -0.220085 0.930427 0.293033
vn -0.832441 0.285881 -0.474673
vn -0.816772 0.398093 -0.417620
vn 0.716205 0.545499 -0.435295
vn 0.686020 0.598736 -0.413391
vn -0.719944 0.667468 -0.190177
vn -0.685352 -0.138033 0.715010
vn 0.600693 0.731003 -0.323731
vn -0.448018 0.888440 -0.099774
vn -0.064006 0.994214 -0.086270
vn 0.290982 0.895649 -0.336367
vn 0.479911 0.811389 -0.333666
vn -0.239747 0.007681 -0.970805
vn -0.284200 -0.076257 -0.955728
vn 0.122674 -0.054869 -0.990929
vn -0.161452 0.066965 -0.984606
vn -0.908617 -0.021879 0.417057
vn 0.260336 0.116282 -0.958490
vn -0.194150 -0.039867 -0.980161
vn -0.030064 0.196935 -0.979955
vn -0.201957 -0.240064 -0.949517
vn -0.163847 -0.168927 -0.971915
vn 0.021650 -0.347100 -0.937578
vn -0.771806 -0.115391 0.625300
vn 0.075361 -0.454992 -0.887301
vn 0.287189 -0.557817 -0.778693
vn -0.347289 -0.032380 -0.937199
vn -0.515177 -0.782258 0.350236
vn 0.776350 0.516156 -0.361751
vn -0.455960 0.021464 -0.889742
vn 0.301295 -0.718139 -0.627293
vn 0.400954 -0.705321 -0.584601
vn -0.109291 -0.194554 -0.974784
vn 0.154031 -0.037825 -0.987342
vn -0.585764 0.063477 -0.807992
vn -0.713709 -0.250308 0.654191
vn 0.466268 -0.686336 -0.558155
vn -0.017734 0.860469 0.509194
vn -0.081428 0.236428 -0.968231
vn 0.294811 0.024412 -0.955244
vn -0.304594 0.038751 -0.951694
vn 0.982686 -0.131127 -0.130897
vn 0.131801 0.249473 -0.959370
vn -0.648823 0.115177 -0.752172
vn 0.735933 -0.571343 -0.363276
vn -0.373856 0.927212 -0.022586
vn 0.222446 0.974546 0.027906
vn -0.164235 0.969210 0.183464
vn -0.155298 -0.158604 -0.975053
vn -0.412892 -0.406984 -0.814791
vn 0.996850 -0.062960 0.048219
vn -0.145793 -0.552347 -0.820766
vn 0.163579 -0.195184 -0.967029
vn 0.129152 -0.564801 -0.815058
vn 0.461628 -0.511721 -0.724597
vn -0.316264 -0.520868 -0.792889
vn 0.534482 -0.197300 -0.821828
vn 0.660806 -0.739672 -0.127357
vn -0.565359 -0.241152 -0.788806
vn -0.143743 0.048984 -0.988402
vn -0.421830 0.014789 -0.906554
vn 0.135886 -0.004179 -0.990716
vn 0.560694 0.016667 -0.827855
vn -0.186388 0.134276 -0.973257
vn 0.563960 0.124472 -0.816368
vn -0.591067 0.130251 -0.796037
vn 0.190663 0.133757 -0.972500
vn -0.201958 0.085480 -0.975657
vn -0.466252 0.112376 -0.877486
vn 0.085620 0.092471 -0.992027
vn -0.887469 -0.104772 -0.448799
vn 0.563601 0.104495 -0.819411
vn -0.150843 -0.121636 -0.981046
vn 0.713449 -0.700590 -0.012807
vn 0.253012 -0.087773 -0.963473
vn -0.153718 -0.245953 -0.957015
vn -0.459260 -0.228439 -0.858426
vn 0.182817 -0.220551 -0.958089
vn 0.576670 -0.227585 -0.784638
vn -0.418625 -0.150560 -0.895592
vn -0.283621 -0.197846 -0.938305
vn 0.454587 -0.157149 -0.876730
vn -0.614578 -0.362962 0.700395
vn -0.134753 -0.126434 -0.982780
vn -0.209713 0.960210 -0.184436
vn 0.730618 -0.342599 0.590613
vn 0.196428 -0.166830 -0.966222
vn -0.479825 -0.010090 -0.877306
vn 0.148681 -0.016819 -0.988742
vn 0.416060 -0.001840 -0.909335
vn 0.837200 0.139976 -0.528681
vn 0.687642 -0.032801 -0.725309
vn -0.183919 0.959440 -0.213656
vn -0.699445 0.037109 -0.713722
vn -0.431961 0.137824 -0.891299
vn 0.227015 0.146261 -0.962846
vn 0.794942 -0.045250 -0.604995
vn 0.699866 0.159331 -0.696277
vn -0.305892 0.144578 -0.941025
vn -0.043254 0.184252 -0.981927
vn 0.427948 0.168961 -0.887870
vn -0.166428 0.246525 -0.954739
vn -0.488487 0.209295 -0.847099
vn 0.177626 0.225905 -0.957818
vn 0.566972 0.227512 -0.791695
vn -0.172295 -0.001298 -0.985045
vn 0.203196 0.062856 -0.977119
vn -0.118584 -0.222278 -0.967745
vn -0.514306 -0.226296 -0.827212
vn 0.174546 -0.197233 -0.964693
vn -0.301059 -0.176196 -0.937186
vn 0.582485 -0.199431 -0.787996
vn 0.457848 -0.167307 -0.873146
vn -0.492717 -0.160222 -0.855312
vn -0.376261 0.785307 -0.491652
vn -0.055482 -0.143934 -0.988031
vn -0.937393 -0.347789 0.018371
vn -0.640339 0.726901 0.248154
vn -0.224210 -0.202092 0.953357
vn 0.208153 -0.170575 -0.963108
vn -0.697546 -0.225623 -0.680091
vn -0.550600 -0.025681 -0.834374
vn -0.339422 -0.008978 -0.940591
vn 0.210980 0.019043 -0.977305
vn 0.421655 -0.026355 -0.906373
vn 0.803671 -0.195064 -0.562195
vn 0.679308 -0.026119 -0.733388
vn -0.463586 0.148166 -0.873576
vn -0.878952 -0.136541 -0.456947
vn 0.450993 0.121621 -0.884202
vn -0.309345 0.159515 -0.937476
vn -0.079367 0.157755 -0.984284
vn -0.469094 -0.698051 0.540995
vn 0.245594 0.139743 -0.959247
vn -0.169771 0.158116 -0.972716
vn -0.522282 0.113398 -0.845199
vn 0.216984 0.141443 -0.965874
vn 0.590098 0.158085 -0.791703
vn 0.865995 0.066568 -0.495601
vn -0.173666 -0.064060 -0.982719
vn 0.543952 -0.035114 -0.838381
vn -0.528669 -0.129656 -0.838867
vn 0.181300 -0.056821 -0.981785
vn -0.229636 -0.183985 -0.955728
vn 0.108511 -0.191364 -0.975503
vn 0.523208 -0.199386 -0.828552
vn -0.431951 -0.159231 -0.887730
vn -0.735931 0.608467 0.296941
vn -0.042058 -0.189990 -0.980885
vn -0.871369 -0.185749 0.454106
vn 0.181406 -0.204854 -0.961835
vn 0.483052 0.873636 -0.058490
vn -0.462028 -0.053136 -0.885272
vn 0.403799 -0.074807 -0.911784
vn 0.675689 -0.085652 -0.732194
vn -0.442880 0.095854 -0.891442
vn 0.470234 0.088440 -0.878099
vn 0.666580 0.028798 0.744877
vn 0.733986 0.111079 -0.670019
vn -0.298720 0.129144 -0.945562
vn -0.512457 0.204782 -0.833938
vn -0.167170 0.199530 -0.965527
vn 0.161000 0.179009 -0.970585
vn 0.529712 0.185139 -0.827725
vn -0.180016 0.050372 -0.982373
vn -0.564781 0.053060 -0.823533
vn 0.188055 0.111407 -0.975819
vn 0.565097 0.048569 -0.823594
vn -0.186056 -0.143881 -0.971947
vn -0.684758 0.183616 -0.705260
vn -0.465608 -0.105012 -0.878739
vn -0.695711 0.096480 -0.711813
vn 0.211768 -0.093766 -0.972811
vn 0.611481 -0.111481 -0.783366
vn -0.692078 0.040377 -0.720692
vn -0.466637 -0.133619 -0.874297
vn -0.206849 -0.134266 -0.969116
vn 0.131605 -0.166167 -0.977276
vn 0.693457 -0.048395 -0.718871
vn 0.524787 -0.126264 -0.841817
vn -0.024313 -0.069726 -0.997270
vn 0.238161 -0.089110 -0.967129
vn -0.465930 0.361997 -0.807383
vn -0.698020 -0.055290 -0.713941
vn -0.496337 0.072450 -0.865102
vn -0.330461 0.025368 -0.943479
vn -0.083846 0.102128 -0.991231
vn 0.193883 0.066994 -0.978734
vn 0.735414 -0.035161 -0.676706
vn 0.434094 0.055690 -0.899145
vn -0.499108 0.161371 -0.851382
vn -0.526683 0.568344 0.632131
vn -0.188792 0.176840 -0.965963
vn 0.219004 0.179596 -0.959053
vn -0.492622 -0.136177 0.859523
vn 0.890153 -0.396201 -0.225059
vn 0.596587 0.181913 -0.781659
vn -0.086960 0.039177 -0.995441
vn -0.429496 0.071753 -0.900214
vn 0.170443 0.081964 -0.981953
vn 0.584111 0.095273 -0.806063
vn -0.485159 -0.681221 0.548233
vn -0.197894 -0.138384 -0.970406
vn 0.624811 -0.553908 0.550270
vn 0.170671 -0.116890 -0.978370
vn -0.370579 -0.665812 0.647584
vn -0.501793 -0.110603 -0.857888
vn 0.565425 -0.087038 -0.820194
vn -0.470038 -0.111523 -0.875572
vn -0.183748 -0.097834 -0.978093
vn 0.145038 -0.140619 -0.979383
vn 0.530169 -0.135775 -0.836950
vn -0.719779 -0.060839 -0.691532
vn -0.457058 0.062492 -0.887239
vn -0.195715 0.052986 -0.979228
vn 0.166157 0.024603 -0.985792
vn 0.514343 0.108344 -0.850713
vn -0.690293 -0.101597 -0.716362
vn -0.458862 0.174159 -0.871272
vn -0.181414 0.149911 -0.971913
vn -0.377602 0.811080 -0.446728
vn -0.532679 0.231701 0.813982
vn 0.142071 0.163417 -0.976274
vn 0.014002 0.800302 -0.599434
vn 0.602861 0.162550 -0.781112
vn -0.127652 0.108676 -0.985847
vn 0.228983 0.080949 -0.970059
vn -0.131446 -0.065302 -0.989170
vn -0.445806 -0.074858 -0.891994
vn 0.172964 -0.059302 -0.983141
vn -0.163026 -0.016015 -0.986492
vn 0.131022 -0.039051 -0.990610
vn 0.579572 -0.049342 -0.813426
vn 0.542710 -0.008406 -0.839878
vn -0.564049 -0.020529 -0.825486
vn 0.999444 -0.029170 0.016167
vn -0.108247 0.117984 -0.987098
vn -0.435926 0.123783 -0.891429
vn 0.156793 0.108894 -0.981610
vn 0.597765 0.122928 -0.792191
vn -0.015955 -0.028062 0.999479
vn -0.168007 0.125182 -0.977805
vn 0.212900 0.116383 -0.970118
vn 0.692367 -0.579073 0.430468
vn -0.182279 -0.126547 -0.975069
vn -0.134787 -0.049101 -0.989657
vn 0.189968 -0.127471 -0.973480
vn 0.799702 -0.396252 0.451066
vn -0.529628 -0.144318 -0.835862
vn 0.433195 -0.722632 0.538650
vn -0.136748 -0.064129 -0.988528
vn -0.422967 -0.057776 -0.904301
vn 0.156833 -0.045438 -0.986579
vn 0.589005 -0.062641 -0.805698
vn 0.359263 0.376917 -0.853735
vn -0.148160 -0.014352 -0.988859
vn -0.220933 0.536146 -0.814700
vn 0.540031 -0.016978 -0.841474
vn -0.252100 -0.122443 0.959924
vn 0.584270 0.777771 0.231732
vn -0.502130 -0.002306 -0.864789
vn 0.130795 0.476561 -0.869357
vn 0.234665 -0.027722 -0.971681
vn 0.537017 0.373059 -0.756597
vn -0.178374 -0.109639 -0.977835
vn -0.532278 -0.144168 -0.834204
vn 0.141767 0.679665 -0.719693
vn 0.161611 -0.140060 -0.976865
vn -0.163262 -0.205155 -0.965017
vn -0.283896 0.692295 -0.663424
vn 0.576335 -0.130136 -0.806785
vn 0.459839 -0.195742 -0.866160
vn -0.455138 -0.222070 -0.862284
vn 0.182598 -0.183591 -0.965894
vn -0.488033 -0.062865 -0.870558
vn -0.335472 -0.143763 -0.931016
vn 0.109883 -0.114468 -0.987331
vn -0.942550 0.009304 -0.333935
vn 0.380267 -0.080908 -0.921331
vn 0.566374 -0.628555 0.533047
vn -0.498511 0.767193 -0.403611
vn 0.664691 -0.176569 -0.725954
vn -0.365649 0.050024 -0.929408
vn 0.206378 0.011478 -0.978405
vn 0.474067 -0.035075 -0.879790
vn -0.261213 0.147351 -0.953968
vn 0.748086 0.140162 -0.648630
vn 0.351801 0.049463 -0.934767
vn 0.416456 0.443862 -0.793443
vn 0.159015 0.182087 -0.970339
vn 0.320309 0.093586 -0.942679
vn -0.325817 0.003080 -0.945428
vn -0.089572 0.160374 -0.982984
vn 0.112892 0.240000 -0.964186
vn 0.204029 0.088444 -0.974961
vn -0.710481 -0.152416 -0.687012
vn -0.098450 0.054193 -0.993665
vn 0.684797 -0.114654 -0.719658
vn -0.047023 0.094972 -0.994369
vn -0.445351 -0.460332 0.767957
vn -0.874111 -0.136485 -0.466156
vn -0.489600 -0.159638 -0.857209
vn 0.056149 0.211236 -0.975821
vn -0.939693 -0.308129 0.148438
vn 0.094127 0.228873 -0.968895
vn 0.492999 -0.402028 0.771574
vn 0.867325 -0.150718 -0.474375
vn 0.091821 -0.085489 -0.992099
vn 0.194309 -0.396404 0.897278
vn 0.255247 -0.177298 -0.950481
vn -0.901452 -0.066187 -0.427789
vn -0.259445 -0.074030 -0.962916
vn -0.148419 -0.056602 0.987303
vn -0.715897 -0.071697 -0.694515
vn 0.031254 0.046347 -0.998436
vn 0.177559 0.203640 -0.962810
vn 0.849419 -0.047270 -0.525597
vn -0.051989 0.057345 -0.997000
vn 0.104089 -0.371782 0.922466
vn 0.159714 0.004510 -0.987153
vn -0.878363 -0.011941 -0.477844
vn -0.104986 -0.062602 -0.992501
vn -0.710745 0.002326 -0.703446
vn 0.222627 0.150116 -0.963277
vn 0.777999 -0.029818 -0.627558
vn -0.165680 0.230628 -0.958833
vn -0.861177 -0.081437 -0.501739
vn 0.098797 -0.022579 -0.994851
vn -0.229440 -0.189925 -0.954613
vn -0.723987 0.012046 -0.689708
vn 0.417600 0.143295 -0.897261
vn -0.045227 -0.011926 -0.998906
vn 0.171407 0.035714 -0.984553
vn 0.401952 0.072841 -0.912759
vn -0.458316 -0.107701 -0.882240
vn 0.098255 -0.090344 -0.991052
vn -0.539721 -0.646401 0.539321
vn -0.221014 0.116930 -0.968236
vn 0.440363 0.629284 -0.640377
vn -0.361598 -0.030494 -0.931835
vn 0.537338 0.678133 -0.501401
vn -0.061468 0.086706 -0.994336
vn 0.597600 0.719133 -0.354573
vn 0.323877 0.241347 -0.914798
vn -0.109794 0.184774 -0.976629
vn 0.042944 0.175947 -0.983462
vn -0.070717 -0.032173 -0.996977
vn 0.270575 -0.637151 -0.721684
vn 0.321926 -0.260899 -0.910107
vn 0.570193 0.132188 0.810806
vn 0.107874 -0.027363 -0.993788
vn -0.208461 -0.191567 -0.959086
vn 0.130039 -0.073788 -0.988759
vn -0.728251 -0.170627 -0.663730
vn 0.045698 0.006440 -0.998935
vn -0.068340 -0.165070 -0.983911
vn -0.890302 -0.173234 -0.421131
vn -0.229193 0.165122 -0.959273
vn 0.470156 -0.359654 0.805979
vn 0.539767 0.433096 -0.721858
vn -0.152616 -0.734466 -0.661262
vn -0.220173 -0.266801 -0.938265
vn -0.469941 -0.376786 -0.798240
vn -0.069951 -0.722324 -0.688008
vn 0.082105 -0.163750 -0.983079
vn 0.392902 0.051185 -0.918155
vn 0.604945 -0.457415 0.651777
vn -0.114002 -0.157130 -0.980976
vn -0.827984 -0.078311 -0.555256
vn -0.272465 -0.708392 -0.651109
vn -0.423127 -0.452526 -0.784974
vn 0.482277 -0.012767 -0.875926
vn -0.236489 -0.116800 -0.964589
vn -0.147157 0.018875 -0.988933
vn -0.019886 -0.203024 -0.978972
vn 0.781772 0.621198 -0.054275
vn 0.213509 -0.437634 -0.873436
vn 0.320087 -0.591037 -0.740419
vn 0.845128 0.448662 -0.290620
vn 0.196672 -0.428495 -0.881880
vn -0.766386 0.027788 -0.641778
vn -0.230827 -0.190429 -0.954178
vn 0.160131 -0.062859 -0.985092
vn -0.493629 0.186287 -0.849487
vn 0.860676 0.492577 -0.128861
vn 0.010657 -0.315954 -0.948715
vn -0.434060 -0.283023 0.855272
vn 0.376617 -0.578139 -0.723819
vn 0.816034 0.211523 -0.537909
vn -0.243106 -0.112298 -0.963477
vn -0.423000 -0.428421 -0.798453
vn -0.728903 0.042742 -0.683282
vn -0.144983 0.053109 -0.988008
vn -0.353496 0.006418 0.935414
vn -0.008377 -0.360139 0.932861
vn -0.048914 0.057240 -0.997162
vn 0.235416 0.097237 -0.967018
vn 0.618827 0.114107 -0.777196
vn -0.399500 -0.008840 -0.916691
vn 0.412631 0.126424 0.902082
vn -0.154033 -0.819122 0.552552
vn -0.588051 0.095662 -0.803147
vn -0.202425 -0.109972 -0.973103
vn 0.082143 -0.336085 -0.938243
vn 0.229205 -0.486638 -0.842999
vn 0.001512 -0.850245 0.526385
vn 0.115051 0.768001 0.630030
vn 0.362276 -0.565880 -0.740632
vn -0.232096 0.177738 -0.956316
vn -0.119253 0.137959 -0.983233
vn -0.277860 -0.346684 -0.895882
vn 0.976417 0.208441 -0.056224
vn -0.038906 0.674092 0.737622
vn 0.361160 -0.628996 -0.688424
vn -0.040453 0.089496 -0.995165
vn -0.477441 0.587301 0.653550
vn -0.096843 0.253481 -0.962481
vn -0.035664 0.226243 -0.973418
vn 0.192201 0.222582 -0.955780
vn 0.501800 0.166112 -0.848884
vn 0.318661 -0.791436 -0.521617
vn 0.708234 0.679343 -0.192086
vn -0.515621 0.074743 -0.853550
vn 0.334684 -0.632993 -0.698073
vn 0.292531 -0.633902 -0.715956
vn -0.647353 -0.555582 -0.521787
vn -0.397985 -0.363310 -0.842386
vn 0.973787 -0.109014 -0.199638
vn -0.627133 -0.403486 -0.666261
vn -0.507007 -0.118212 -0.853797
vn -0.151075 -0.390289 -0.908213
vn -0.125074 -0.595777 -0.793351
vn -0.022476 -0.488960 -0.872016
vn -0.074197 -0.194984 -0.977996
vn 0.065689 -0.288412 -0.955251
vn 0.137153 0.021777 0.990310
vn -0.951275 0.287678 0.110980
vn 0.265211 -0.217592 -0.939317
vn 0.088951 -0.227432 -0.969723
vn -0.050180 -0.581984 -0.811650
vn 0.051278 -0.334335 -0.941058
vn 0.476266 -0.324719 -0.817146
vn 0.622481 0.157699 -0.766582
vn 0.197250 -0.043610 -0.979383
vn 0.900317 -0.048351 0.432541
vn 0.760861 0.269562 -0.590277
vn 0.166763 -0.017304 -0.985845
vn -0.033905 -0.147234 -0.988520
vn -0.089791 0.453088 -0.886932
vn -0.079280 0.254799 -0.963739
vn 0.202344 0.449017 -0.870310
vn 0.120365 0.179588 -0.976350
vn -0.213582 -0.230797 0.949271
vn -0.528017 0.107230 -0.842437
vn -0.650386 0.026123 0.759155
vn 0.362706 -0.629498 -0.687151
vn -0.444149 0.095621 -0.890836
vn -0.723228 0.159831 -0.671860
vn 0.280716 -0.548892 -0.787348
vn 0.455741 -0.482615 -0.747919
vn 0.842547 0.020186 -0.538244
vn -0.630146 -0.335563 -0.700224
vn 0.046198 -0.266282 -0.962788
vn -0.569798 0.092454 -0.816567
vn -0.440707 -0.114581 -0.890308
vn -0.729819 -0.032725 -0.682857
vn 0.189988 -0.017981 -0.981622
vn 0.272160 0.140141 -0.951992
vn 0.337877 0.287223 -0.896294
vn -0.530911 0.129633 -0.837454
vn 0.584602 -0.648313 -0.487781
vn -0.413406 0.285722 -0.864557
vn -0.752879 0.191213 -0.629771
vn 0.088556 0.154175 -0.984067
vn 0.293951 0.231636 -0.927328
vn -0.501840 0.113589 -0.857470
vn -0.469947 -0.042534 -0.881669
vn 0.670551 -0.461767 -0.580632
vn 0.847769 -0.234730 -0.475593
vn -0.133029 0.156613 -0.978660
vn 0.269506 0.307442 -0.912604
vn 0.407734 0.047201 -0.911880
vn 0.395327 0.531425 -0.749202
vn 0.561114 -0.558179 -0.611219
vn -0.440238 0.038445 -0.897057
vn -0.156728 0.352453 -0.922612
vn -0.490214 0.476329 -0.729932
vn -0.314314 -0.112344 -0.942648
vn 0.695703 -0.563841 -0.445062
vn 0.938718 -0.074376 -0.336566
vn -0.889413 -0.032350 0.455958
vn 0.926604 0.207131 -0.313849
vn -0.195449 -0.031113 -0.980220
vn -0.597658 -0.062257 -0.799330
vn 0.180586 -0.067776 -0.981221
vn 0.685228 0.262662 -0.679317
vn 0.501542 -0.122090 -0.856475
vn -0.254523 -0.040940 -0.966200
vn -0.769150 0.475555 -0.426913
vn -0.213278 0.089262 -0.972906
vn -0.568478 -0.781790 0.256199
vn 0.434993 -0.681375 -0.588650
vn -0.634013 0.396125 -0.664163
vn -0.519151 0.112313 -0.847271
vn 0.912353 0.293763 -0.285157
vn 0.027874 0.847816 0.529557
vn -0.459229 0.131428 -0.878542
vn -0.424621 -0.528068 0.735419
vn -0.611301 -0.123454 -0.781710
vn 0.806910 0.547149 -0.222542
vn -0.199638 0.105328 -0.974192
vn -0.510967 0.064307 -0.857192
vn -0.024031 0.164211 -0.986133
vn -0.822590 -0.335983 0.458760
vn -0.697425 0.122613 -0.706091
vn -0.341130 0.388886 -0.855802
vn -0.103740 0.272481 -0.956552
vn 0.071113 0.280462 -0.957227
vn 0.398060 -0.385744 0.832316
vn -0.157447 0.218775 -0.962989
vn -0.672707 0.591376 -0.444680
vn 0.054179 0.300536 -0.952231
vn -0.512415 0.536063 -0.670871
vn -0.437769 0.710212 -0.551323
vn 0.043327 0.249629 -0.967372
vn -0.544241 -0.583274 -0.602987
vn -0.153769 -0.812048 -0.562968
vn 0.194769 -0.807777 -0.556382
vn 0.759126 0.356453 0.544674
vn 0.515857 -0.725252 -0.455962
vn 0.601864 -0.479561 -0.638577
vn -0.726002 -0.423788 -0.541595
vn 0.788137 -0.189548 -0.585587
vn -0.717734 -0.080854 -0.691607
vn -0.880127 -0.209442 -0.426040
vn 0.468338 -0.418688 0.778049
vn -0.887742 0.029229 -0.459412
vn 0.789653 0.125660 -0.600547
vn -0.811427 0.111900 -0.573641
vn -0.701321 0.089336 -0.707226
vn -0.611527 -0.647905 0.454151
vn -0.900341 -0.231453 -0.368532
vn 0.816257 0.064837 -0.574039
vn 0.971344 -0.021798 -0.236674
vn -0.508881 -0.048043 -0.859495
vn 0.700968 -0.084750 -0.708140
vn -0.700891 -0.046826 -0.711730
vn 0.516013 -0.081814 -0.852665
vn 0.987558 -0.043387 0.151151
vn -0.887970 0.147386 -0.435645
vn -0.725666 -0.154546 -0.670466
vn -0.752603 -0.027766 -0.657888
vn -0.861518 -0.227725 -0.453794
vn -0.879096 -0.027098 -0.475873
vn -0.702723 -0.256041 -0.663794
vn 0.742773 0.163582 -0.649253
vn 0.854879 -0.188000 -0.483568
vn -0.732767 0.136414 -0.666666
vn -0.878186 -0.130803 -0.460087
vn 0.867833 0.150439 -0.473533
vn 0.680319 -0.217832 -0.699797
vn -0.830607 0.142187 -0.538400
vn -0.763915 -0.001207 -0.645316
vn -0.688641 0.264470 -0.675151
vn -0.893113 0.004944 -0.449804
vn 0.897481 -0.010423 -0.440931
vn -0.845181 -0.089283 -0.526970
vn -0.727382 0.152311 -0.669116
vn -0.873522 0.175742 -0.453954
vn -0.479033 0.585517 -0.653986
vn 0.861567 0.165288 -0.479981
vn -0.689451 0.240652 -0.683186
vn 0.979326 0.056357 0.194278
vn -0.863457 0.209457 -0.458879
vn -0.709947 0.216689 -0.670090
vn 0.812342 0.095405 -0.575325
vn -0.546744 0.022866 -0.836987
vn 0.352844 0.855916 0.378033
vn -0.671673 0.103862 -0.733532
vn 0.600465 0.030160 -0.799082
vn 0.705710 -0.115739 -0.698984
vn -0.674266 -0.100357 -0.731638
vn -0.482764 -0.549248 -0.682104
vn 0.811749 -0.168423 -0.559193
vn -0.722534 -0.199090 -0.662048
vn 0.984694 0.088977 0.149869
vn -0.838742 -0.179518 -0.514086
vn 0.836957 -0.206960 -0.506627
vn -0.874466 -0.199843 -0.442010
vn 0.675171 -0.226201 -0.702123
vn 0.891235 -0.014108 -0.453322
vn -0.717197 -0.199763 -0.667625
vn -0.879129 -0.200485 -0.432363
vn 0.830044 -0.205187 -0.518580
vn 0.202997 0.011332 0.979114
vn -0.139675 -0.467285 0.873004
vn 0.671936 -0.266353 -0.691056
vn -0.767448 -0.053986 -0.638834
vn 0.886588 -0.080203 -0.455554
vn -0.712682 0.130008 -0.689335
vn -0.864858 0.103433 -0.491246
vn 0.903682 0.100145 -0.416330
vn -0.719320 0.232450 -0.654634
vn -0.063016 0.997842 0.018449
vn -0.882048 0.195506 -0.428683
vn 0.249989 -0.200266 0.947312
vn 0.801505 0.196766 -0.564688
vn -0.747991 0.029279 -0.663062
vn -0.813262 0.132393 -0.566636
vn 0.699359 -0.021236 -0.714455
vn 0.801821 0.072223 -0.593184
vn -0.051919 -0.148449 0.987556
vn 0.808951 -0.115780 -0.576363
vn -0.849555 0.057604 -0.524345
vn -0.733248 -0.071982 -0.676141
vn -0.878992 -0.143365 -0.454775
vn -0.878949 0.151514 -0.452208
vn -0.711295 -0.175588 -0.680609
vn 0.853020 -0.132362 -0.504813
vn 0.787070 0.080865 -0.611540
vn 0.691162 -0.161813 -0.704352
vn -0.897056 -0.045220 -0.439597
vn -0.722297 0.088475 -0.685900
vn -0.882900 0.014362 -0.469342
vn -0.115065 0.043441 0.992408
vn 0.887280 -0.026241 -0.460484
vn 0.694824 0.052678 -0.717248
vn -0.729973 0.170742 -0.661805
vn -0.876854 0.159927 -0.453377
vn 0.826857 0.166543 -0.537187
vn -0.685448 0.053879 -0.726125
vn -0.973084 0.185595 -0.136608
vn 0.794745 0.058403 -0.604127
vn 0.707937 -0.019579 -0.706004
vn -0.677757 -0.147470 -0.720346
vn 0.790839 -0.116296 -0.600874
vn -0.735389 -0.124175 -0.666170
vn -0.396803 0.738612 0.544977
vn 0.828907 -0.148444 -0.539331
vn -0.912888 0.049291 -0.405223
vn 0.831960 0.086883 -0.547991
vn -0.884743 -0.092589 -0.456790
vn -0.672536 0.171241 -0.719981
vn 0.838066 0.154126 -0.523346
vn 0.462358 0.518045 -0.719621
vn -0.501093 0.064208 -0.863008
vn -0.493360 0.080318 0.866109
vn 0.588197 0.052236 -0.807029
vn 0.794124 -0.016081 -0.607543
vn -0.818944 -0.011196 -0.573764
vn 0.679738 -0.411673 0.607027
vn 0.843444 0.104286 -0.526997
vn -0.525279 0.162271 -0.835315
vn 0.685734 0.127987 -0.716511
vn -0.702968 0.163878 -0.692084
vn 0.477960 0.119595 -0.870202
vn 0.483553 -0.665484 -0.568601
vn -0.755399 -0.018109 -0.655015
vn -0.436074 -0.029094 -0.899440
vn 0.802643 0.125952 -0.583009
vn 0.160569 -0.030009 -0.986568
vn 0.483439 -0.014235 -0.875262
vn 0.727447 -0.031711 -0.685431
vn 0.741096 -0.587661 -0.324702
vn 0.443901 -0.146920 -0.883949
vn 0.709906 -0.008428 -0.704246
vn -0.366231 0.386384 -0.846512
vn 0.837889 -0.150056 -0.524810
vn -0.706116 -0.231214 -0.669283
vn 0.139610 0.406032 -0.903132
vn -0.842461 -0.229465 -0.487448
vn 0.692950 -0.236793 -0.680991
vn 0.508527 0.235776 -0.828136
vn 0.854127 -0.221541 -0.470517
vn 0.776435 -0.469848 0.419991
vn -0.719877 -0.114425 -0.684605
vn -0.833230 -0.175350 -0.524386
vn 0.028232 -0.302409 0.952760
vn 0.838492 -0.260125 -0.478818
vn -0.159214 0.154288 0.975113
vn -0.647518 -0.052528 -0.760238
vn 0.708118 -0.208110 -0.674729
vn -0.802281 -0.148481 -0.578185
vn -0.575769 -0.102871 -0.811115
vn -0.706072 -0.124800 -0.697056
vn 0.385250 -0.236090 -0.892101
vn 0.793159 -0.607734 -0.039472
vn 0.726537 -0.455294 -0.514638
vn 0.482666 -0.498083 -0.720380
vn -0.802848 -0.252334 -0.540151
vn 0.445914 -0.400283 -0.800584
vn 0.875472 -0.478323 0.068969
vn -0.620130 0.736124 -0.271221
vn 0.669786 -0.539589 -0.510128
vn -0.817661 -0.434047 -0.378198
vn -0.755678 -0.322760 -0.569892
vn 0.512381 -0.339157 -0.788948
vn 0.673624 -0.471908 -0.568800
vn -0.000981 -0.373785 0.927515
vn -0.535046 -0.195925 -0.821790
vn -0.652094 -0.274747 -0.706603
vn 0.098573 0.329068 -0.939147
vn -0.144872 0.288689 -0.946399
vn 0.412673 -0.213108 -0.885599
vn 0.581494 -0.312055 -0.751323
vn -0.438920 -0.246950 -0.863924
vn 0.044170 0.028453 -0.998619
vn 0.787070 -0.374192 -0.490409
vn 0.563963 -0.510315 -0.649249
vn -0.560983 -0.222542 -0.797353
vn 0.297544 0.324613 -0.897827
vn -0.378168 0.412320 -0.828843
vn 0.166339 -0.152834 -0.974153
vn 0.390316 -0.292199 -0.873083
vn 0.676686 -0.582115 0.450818
vn -0.546802 -0.292706 -0.784431
vn -0.661469 -0.359520 -0.658183
vn -0.709060 -0.402825 -0.578763
vn 0.411288 0.295592 -0.862246
vn -0.537485 0.589029 -0.603452
vn -0.025936 -0.052830 -0.998267
vn 0.242971 -0.285494 -0.927070
vn 0.507235 -0.442714 -0.739403
vn -0.775926 -0.397980 -0.489440
vn -0.543400 -0.718146 -0.434721
vn 0.629407 0.171393 -0.757939
vn 0.359641 -0.350506 -0.864756
vn 0.745180 -0.447301 -0.494600
vn 0.650037 -0.406761 -0.641870
vn 0.214537 0.687289 -0.693980
vn -0.768032 -0.239533 -0.593928
vn 0.942769 0.158508 -0.293364
vn -0.455588 0.241731 -0.856741
vn 0.422201 -0.228251 -0.877296
vn -0.697083 -0.221550 -0.681903
vn 0.523265 0.227310 -0.821294
vn 0.650478 0.361425 -0.668020
vn -0.559374 0.320807 -0.764319
vn -0.694980 0.407904 -0.592129
vn -0.316019 0.301112 -0.899702
vn 0.168162 -0.022872 -0.985494
vn 0.355064 -0.260998 -0.897669
vn 0.453519 -0.368647 -0.811431
vn -0.451587 -0.231652 -0.861630
vn -0.074393 -0.031609 -0.996728
vn 0.454713 0.299067 -0.838925
vn 0.689179 0.439470 -0.576106
vn -0.332612 0.004902 0.943051
vn -0.555557 0.488274 -0.673012
vn -0.039001 0.065818 -0.997069
vn 0.589663 -0.529031 -0.610265
vn 0.112249 0.781732 0.613429
vn -0.097998 -0.856233 -0.507209
vn -0.683747 -0.285162 -0.671694
vn -0.292325 0.291733 -0.910735
vn 0.065018 -0.133099 -0.988968
vn 0.340914 -0.357850 -0.869322
vn 0.523595 -0.352678 -0.775543
vn 0.626555 -0.524195 -0.576757
vn 0.003669 0.907952 -0.419059
vn -0.533355 -0.321891 -0.782252
vn -0.729659 -0.413956 -0.544277
vn -0.127145 -0.848065 -0.514413
vn -0.745136 -0.389304 -0.541493
vn 0.351971 0.153916 -0.923269
vn 0.670662 0.376837 -0.638911
vn -0.220622 -0.607690 -0.762915
vn 0.585378 0.327349 -0.741738
vn -0.400696 0.431481 -0.808249
vn 0.416048 -0.635847 -0.650079
vn -0.443838 0.423386 -0.789780
vn -0.625731 0.441177 -0.643291
vn -0.305417 0.155031 -0.939514
vn 0.496023 -0.472218 -0.728678
vn 0.376987 -0.547355 -0.747184
vn 0.336290 -0.300468 -0.892540
vn 0.660945 -0.313143 -0.681978
vn 0.428002 0.069868 -0.901073
vn -0.428465 0.331855 -0.840411
vn -0.588289 0.335607 -0.735720
vn 0.159836 -0.191615 -0.968368
vn 0.369637 -0.397903 -0.839667
vn -0.535255 -0.533034 -0.655269
vn 0.724278 -0.222532 -0.652611
vn 0.496422 0.243233 -0.833308
vn -0.833084 -0.192380 -0.518614
vn -0.413449 0.303806 -0.858348
vn -0.675242 0.534867 -0.507903
vn 0.776158 0.305778 -0.551433
vn -0.584034 -0.684377 -0.436501
vn -0.561786 0.371396 -0.739230
vn 0.435764 -0.627951 -0.644816
vn 0.534718 -0.740729 -0.406691
vn 0.458583 -0.649607 -0.606393
vn 0.831657 0.022513 -0.554834
vn -0.463440 -0.639503 -0.613399
vn -0.481861 -0.589193 -0.648584
vn -0.642781 0.410543 -0.646751
vn 0.460575 -0.724016 -0.513490
vn -0.878477 0.376528 0.294118
vn -0.196171 -0.499506 -0.843807
vn -0.321322 -0.708054 -0.628818
vn 0.217090 0.169981 -0.961238
vn 0.840742 0.141575 -0.522598
vn 0.644976 -0.501788 0.576381
vn -0.794190 0.260937 -0.548793
vn 0.384106 -0.680233 -0.624296
vn -0.161244 -0.816188 -0.554832
vn 0.260043 0.769280 0.583598
vn -0.106802 -0.647470 -0.754570
vn -0.219098 -0.778334 -0.588381
vn 0.790519 -0.125739 -0.599391
vn -0.082946 -0.520039 -0.850105
vn 0.752193 0.444403 -0.486530
vn 0.305808 -0.771523 -0.557883
vn 0.256090 -0.650922 -0.714646
vn -0.687011 0.135828 -0.713839
vn 0.268922 -0.779556 -0.565662
vn -0.969962 -0.203459 -0.133333
vn -0.818879 0.213342 -0.532843
vn -0.185306 0.704841 -0.684734
vn -0.825585 -0.278016 -0.491036
vn -0.575864 -0.558504 -0.597038
vn 0.148038 0.264930 -0.952836
vn -0.006299 0.443180 -0.896411
vn 0.223699 0.955215 -0.193711
vn 0.751377 0.032786 -0.659059
vn -0.976776 0.108973 0.184480
vn -0.660329 0.117755 -0.741687
vn -0.837641 0.099804 -0.537026
vn 0.467661 -0.320257 -0.823850
vn 0.094637 -0.012773 -0.995430
vn 0.553818 -0.351205 -0.754944
vn 0.602261 -0.330004 -0.726897
vn 0.919632 -0.391662 0.029625
vn -0.915062 0.131094 -0.381412
vn 0.805254 -0.263603 -0.531111
vn -0.915569 -0.123015 -0.382884
vn 0.328963 0.622045 -0.710523
vn -0.280553 0.463752 -0.840371
vn -0.275128 0.199733 -0.940431
vn 0.530265 -0.084596 -0.843601
vn 0.886814 0.382210 -0.259764
vn -0.978769 0.105974 -0.175445
vn -0.808408 0.039061 -0.587324
vn 0.906837 -0.363430 0.213459
vn -0.890420 0.271770 -0.365093
vn 0.917574 -0.091397 0.386917
vn 0.571772 -0.073472 -0.817116
vn 0.435369 0.497343 -0.750403
vn -0.729001 0.488537 0.479468
vn 0.536123 0.654650 -0.532922
vn -0.889722 -0.414464 0.191350
vn 0.623713 -0.141620 -0.768717
vn 0.430973 0.498818 -0.751959
vn 0.579184 -0.429630 -0.692794
vn -0.501156 -0.025041 -0.864994
vn -0.648406 0.267815 -0.712632
vn -0.121360 -0.081949 -0.989220
vn 0.303613 -0.208886 -0.929616
vn 0.720035 -0.287173 -0.631729
vn -0.738914 -0.079996 -0.669035
vn 0.638385 -0.131723 -0.758362
vn 0.784049 0.091346 -0.613941
vn -0.682871 0.414697 -0.601426
vn 0.476700 0.558810 -0.678593
vn -0.597431 -0.194024 -0.778094
vn 0.887372 0.087723 -0.452632
vn -0.831442 0.471178 -0.294439
vn 0.481785 0.549350 -0.682714
vn -0.831745 -0.073046 -0.550332
vn -0.376142 -0.522551 0.765152
vn -0.524034 -0.166391 -0.835286
vn -0.375705 0.684423 -0.624828
vn -0.658208 0.582235 -0.477248
vn -0.068943 0.722610 -0.687810
vn 0.469770 -0.384099 0.794849
vn 0.244385 0.824538 -0.510307
vn 0.486976 0.706894 -0.512987
vn -0.223131 0.857220 -0.464098
vn 0.956463 -0.200175 -0.212390
vn 0.833097 -0.221152 -0.506993
vn 0.941678 0.187604 -0.279371
vn 0.781585 -0.254756 -0.569407
vn -0.242825 -0.039952 0.969247
vn -0.768091 -0.088007 -0.634264
vn -0.428473 0.159580 -0.889351
vn 0.648066 0.758408 0.069482
vn -0.352321 0.164356 -0.921334
vn 0.376149 -0.007787 -0.926526
vn 0.804731 -0.138995 0.577138
vn 0.459443 0.151733 -0.875151
vn -0.366738 0.178968 -0.912948
vn -0.188035 0.070526 0.979627
vn -0.861802 -0.491076 -0.127047
vn -0.716010 -0.054033 -0.695995
vn -0.289640 0.269692 -0.918354
vn -0.744528 0.123019 -0.656159
vn -0.102825 0.276525 -0.955490
vn 0.029308 0.336830 -0.941109
vn 0.075238 0.217702 -0.973111
vn 0.244848 0.152208 -0.957540
vn -0.669429 0.233004 -0.705389
vn -0.127076 0.261563 -0.956784
vn 0.032841 0.270791 -0.962078
vn 0.218890 -0.131874 0.966797
vn 0.128185 0.252835 -0.958980
vn 0.225784 0.367397 -0.902242
vn 0.339640 0.311364 -0.887523
vn 0.571977 0.699909 -0.427751
vn -0.098539 0.906250 0.411098
vn 0.045108 0.920676 0.387712
vn 0.203197 0.935752 0.288235
vn -0.182002 0.541651 -0.820664
vn -0.587296 0.353478 -0.728105
vn -0.792235 0.399279 -0.461453
vn -0.041575 0.333843 -0.941711
vn 0.033443 0.541713 -0.839898
vn 0.172156 0.343363 -0.923290
vn 0.065944 0.535066 -0.842232
vn 0.363660 0.466594 -0.806252
vn -0.358641 0.494975 -0.791440
vn -0.163967 0.415409 -0.894735
vn -0.090236 0.398035 -0.912921
vn 0.011415 0.358626 -0.933411
vn 0.186699 0.350109 -0.917915
vn 0.006841 0.485317 -0.874312
vn -0.135144 0.634582 -0.760948
vn -0.057217 0.554829 -0.829995
vn -0.159515 -0.845470 0.509643
vn 0.104913 0.548391 -0.829615
vn -0.548021 -0.712723 -0.437834
vn 0.741245 -0.537345 -0.402264
vn 0.841175 -0.495369 -0.216873
vn -0.885397 0.099149 -0.454138
vn 0.973977 0.120463 -0.191981
vn -0.866053 -0.067082 -0.495431
vn 0.869556 -0.090189 -0.485529
vn -0.843576 0.038533 -0.535625
vn 0.952790 0.199944 -0.228501
vn -0.891210 0.077767 -0.446874
vn -0.137422 0.810776 0.568997
vn 0.968616 0.099451 -0.227801
vn -0.855738 -0.109231 -0.505748
vn -0.159508 -0.132605 0.978250
vn 0.971176 0.109114 -0.211922
vn 0.657042 0.509005 -0.556067
vn -0.897332 0.103279 -0.429101
vn -0.817033 0.205382 -0.538772
vn -0.945325 -0.225324 -0.235774
vn 0.863168 0.135235 -0.486469
vn 0.882317 -0.027683 -0.469841
vn -0.814788 -0.234391 -0.530265
vn -0.499141 0.187209 0.846056
vn -0.908949 -0.236603 -0.343265
vn -0.906894 -0.133395 -0.399687
vn 0.832414 -0.316331 -0.454995
vn -0.761339 0.447540 0.469118
vn -0.918000 -0.179610 -0.353577
vn -0.305483 -0.122667 0.944263
vn -0.921690 -0.343823 -0.179649
vn 0.826258 -0.518895 -0.219191
vn 0.774524 -0.434690 -0.459518
vn -0.911324 -0.401153 -0.092547
vn 0.560025 -0.078551 0.824743
vn -0.821098 -0.363769 -0.439852
vn -0.905933 -0.378513 -0.189774
vn 0.841930 -0.501590 -0.198900
vn -0.859480 0.050492 -0.508670
vn 0.540210 -0.737216 -0.405814
vn -0.293649 0.457038 0.839575
vn 0.690368 -0.584120 -0.426844
vn -0.595750 0.691278 -0.408920
vn 0.804647 -0.540569 -0.245619
vn -0.790107 -0.401613 -0.463074
vn 0.706134 -0.675521 -0.212241
vn 0.776096 -0.594570 -0.210144
vn 0.817276 0.473001 -0.329135
vn -0.085117 -0.373028 0.923907
vn -0.631760 0.663953 -0.400058
vn -0.628047 0.642074 -0.439656
vn -0.760204 -0.500136 -0.414673
vn -0.745740 0.478437 -0.463649
vn 0.642769 -0.743819 -0.183251
vn 0.903956 0.329332 -0.272770
vn -0.804810 0.530475 -0.266227
vn 0.854168 0.205824 -0.477529
vn -0.672160 0.582131 -0.457520
vn 0.230483 0.386168 0.893170
vn 0.517052 -0.848176 -0.115131
vn -0.383737 -0.842111 -0.378939
vn 0.414506 -0.802868 -0.428471
vn -0.273839 -0.839877 -0.468636
vn 0.963564 0.165034 -0.210494
vn 0.406331 -0.644748 -0.647453
vn 0.461181 -0.464742 -0.755862
vn 0.558321 -0.271925 -0.783795
vn 0.906317 -0.334970 0.257653
vn -0.973030 0.061569 -0.222311
vn 0.981457 -0.032500 0.188910
vn 0.549539 0.696831 -0.460906
vn -0.937104 0.347494 -0.032936
vn -0.447782 -0.105909 0.887848
vn 0.589654 0.763437 -0.263575
vn 0.619184 0.756473 -0.210617
vn 0.842493 -0.331198 -0.424868
vn -0.839040 0.542539 0.040772
vn -0.944440 -0.223359 -0.241132
vn -0.244857 0.963586 -0.107460
vn -0.960325 -0.155368 -0.231597
vn 0.918476 0.248530 0.307628
vn 0.776790 0.039624 -0.628512
vn 0.948159 0.083464 -0.306641
vn 0.503187 0.815630 0.285571
vn 0.710239 0.335828 -0.618692
vn -0.613841 0.514024 -0.599148
vn 0.703253 0.447836 -0.552157
vn 0.483153 0.768812 -0.418916
vn 0.834394 0.454794 -0.311367
vn -0.477719 0.685618 -0.549283
vn -0.146445 0.751753 -0.642979
vn -0.001308 0.691637 -0.722244
vn 0.054356 0.741369 -0.668892
vn 0.101489 0.738347 -0.666741
vn 0.970287 -0.094797 0.222615
vn 0.215717 0.717148 -0.662695
vn -0.434664 0.770861 -0.465662
vn -0.225092 0.768880 -0.598462
vn -0.166422 0.851041 -0.498029
vn -0.106561 0.777415 -0.619896
vn 0.068538 0.752478 -0.655041
vn -0.569565 0.710149 0.413866
vn 0.298150 0.742898 -0.599340
vn 0.028349 0.970881 -0.237878
vn -0.469428 -0.869349 -0.154495
vn -0.170725 -0.973186 -0.154150
vn 0.144290 -0.954840 -0.259731
vn -0.980593 -0.045694 -0.190655
vn 0.477422 -0.856012 -0.198272
vn -0.838740 -0.515190 -0.176335
vn 0.941824 -0.199752 -0.270309
vn -0.985623 0.053058 -0.160413
vn 0.990257 0.015443 -0.138389
vn -0.960780 0.111318 -0.253988
vn 0.972409 0.121869 -0.198921
vn -0.980584 0.087763 -0.175364
vn -0.979599 -0.111467 -0.167213
vn 0.976585 -0.082774 -0.198570
vn -0.963718 -0.248216 -0.098167
vn 0.960245 -0.222820 -0.168165
vn -0.915503 -0.237765 -0.324535
vn -0.980048 -0.113969 -0.162838
vn 0.970981 -0.129968 -0.200757
vn -0.988450 -0.013861 -0.150911
vn -0.407557 0.360270 0.839108
vn 0.983084 0.024901 -0.181456
vn -0.910894 0.250170 -0.328157
vn -0.983765 0.124893 -0.128872
vn 0.945400 0.237634 -0.223044
vn 0.975432 0.148161 -0.163038
vn -0.956923 0.235762 -0.169455
vn -0.971297 0.017877 -0.237198
vn 0.981750 0.001522 -0.190171
vn -0.971521 -0.186766 -0.145829
vn 0.960290 -0.192792 -0.201677
vn -0.955171 -0.188749 -0.228085
vn 0.954030 -0.175359 -0.243055
vn 0.734018 0.619740 0.277739
vn -0.981453 -0.061801 -0.181469
vn 0.974254 0.022391 -0.224338
vn 0.992456 -0.099544 -0.071565
vn -0.974477 0.038541 -0.221153
vn -0.966418 0.197131 -0.164849
vn 0.901666 0.033898 0.431102
vn -0.987417 0.116180 -0.107288
vn 0.947721 0.161624 -0.275140
vn 0.982148 0.074489 -0.172732
vn -0.955760 0.136065 -0.260787
vn 0.966224 0.135885 -0.218966
vn -0.978330 -0.063749 -0.196995
vn 0.972714 -0.081625 -0.217173
vn -0.959222 -0.217621 -0.180373
vn -0.987492 -0.090667 -0.128994
vn 0.985071 -0.042931 -0.166711
vn 0.984979 0.045957 -0.166448
vn 0.977735 0.182391 -0.103768
vn -0.974100 0.075286 -0.213216
vn 0.977286 0.060267 -0.203175
vn -0.981465 -0.115609 -0.152841
vn 0.972007 -0.107813 -0.208753
vn -0.830987 0.447414 0.330578
vn 0.970776 -0.110881 -0.212837
vn -0.979860 -0.192761 -0.052121
vn -0.963375 0.109529 -0.244768
vn -0.989502 0.011840 -0.144035
vn 0.958578 0.058876 -0.278679
vn -0.966965 0.181279 -0.179212
vn 0.966815 0.173663 -0.187377
vn -0.983542 0.067295 -0.167682
vn -0.973799 -0.096986 -0.205694
vn -0.977743 -0.118649 -0.173033
vn 0.970651 -0.111458 -0.213104
vn -0.994339 0.027236 -0.102700
vn 0.977477 0.045596 -0.206056
vn -0.977443 0.149817 -0.148863
vn 0.977638 0.145290 -0.152033
vn -0.969014 0.087796 -0.230875
vn -0.992741 -0.031059 -0.116190
vn 0.985905 -0.025262 -0.165388
vn -0.977870 -0.019080 -0.208343
vn 0.977092 -0.046502 -0.207674
vn -0.985516 0.128132 -0.111089
vn 0.985547 0.101389 -0.135712
vn 0.978862 0.161217 -0.125852
vn -0.940830 0.164782 -0.296117
vn -0.749624 -0.228242 0.621265
vn -0.759633 0.433020 0.485233
vn -0.971464 -0.082362 -0.222429
vn -0.780108 0.482628 0.398122
vn 0.983701 0.000154 -0.179812
vn -0.976152 -0.128448 -0.175007
vn -0.984520 -0.053763 -0.166822
vn 0.986948 -0.080838 -0.139283
vn -0.985691 -0.027671 -0.166276
vn -0.978744 -0.123110 -0.164027
vn 0.969747 -0.147078 -0.194832
vn -0.427030 0.012338 0.904153
vn -0.953677 -0.246472 -0.172485
vn -0.969844 -0.225249 -0.093087
vn 0.443267 -0.019481 0.896178
vn 0.465812 0.699968 0.541353
vn 0.946979 -0.248307 -0.203900
vn -0.294227 0.137818 0.945747
vn 0.685485 -0.370529 -0.626753
vn -0.978400 -0.174357 -0.111055
vn 0.334429 0.142454 0.931592
vn 0.920449 -0.354347 -0.164961
vn -0.522736 -0.188214 -0.831458
vn -0.889529 0.456837 0.006209
vn 0.942865 -0.329296 -0.050687
vn -0.190688 -0.252619 0.948589
vn -0.965031 -0.219802 -0.142833
vn -0.238903 0.271408 -0.932343
vn 0.209607 -0.220319 0.952641
vn 0.825693 -0.528189 -0.198108
vn 0.775971 -0.599289 -0.196778
vn -0.901588 -0.375607 -0.214612
vn 0.674686 -0.703012 -0.224883
vn -0.850317 -0.489654 -0.192875
vn -0.840012 -0.517358 -0.163462
vn -0.903755 -0.398248 -0.156924
vn -0.189527 0.759025 -0.622865
vn 0.762823 -0.640303 -0.090074
vn 0.846525 -0.515825 -0.131602
vn 0.564302 0.547996 -0.617465
vn 0.367042 0.577049 -0.729586
vn 0.177424 0.669373 -0.721429
vn 0.756165 -0.493509 -0.429725
vn -0.922599 -0.274318 -0.271221
vn -0.597346 -0.790888 -0.132941
vn 0.713467 0.372620 -0.593396
vn -0.425409 0.724315 -0.542582
vn -0.908339 -0.380348 -0.173943
vn 0.695187 0.384863 -0.607120
vn -0.806035 0.542296 -0.237115
vn -0.836831 0.515968 -0.183006
vn 0.737923 -0.660581 -0.138212
vn -0.118217 -0.971079 -0.207440
vn -0.856151 -0.459034 -0.237262
vn 0.706505 0.589522 -0.391555
vn 0.676829 0.551683 -0.487389
vn -0.753837 0.649260 -0.100958
vn -0.752047 0.628258 -0.199291
vn 0.752207 -0.643685 -0.140902
vn 0.825018 -0.561179 -0.066504
vn 0.861103 0.440449 -0.253981
vn -0.745917 0.469342 -0.472574
vn -0.808800 -0.548159 -0.212991
vn 0.923428 0.353712 -0.148891
vn -0.708961 -0.685977 -0.163740
vn -0.811573 0.539318 -0.224691
vn 0.594992 -0.760578 -0.259820
vn 0.601967 -0.792895 -0.094616
vn -0.522444 -0.829133 -0.198973
vn -0.856019 0.081637 0.510458
vn -0.738011 0.668186 -0.094168
vn 0.559408 -0.800055 -0.216738
vn -0.428201 -0.868836 -0.248532
vn 0.947983 0.270920 -0.167127
vn -0.760239 0.622450 -0.185991
vn -0.841600 0.478343 -0.250795
vn -0.817959 -0.253637 0.516345
vn 0.432245 -0.890258 -0.143540
vn -0.198405 -0.948715 -0.246119
vn -0.151661 -0.968303 -0.198467
vn -0.317868 -0.938428 -0.135323
vn 0.357083 -0.915131 -0.187155
vn 0.307612 -0.860847 -0.405361
vn 0.284749 -0.940025 -0.187804
vn 0.682759 -0.228289 0.694064
vn -0.518669 -0.815851 -0.255676
vn -0.207346 -0.971522 -0.114681
vn -0.955547 0.216742 -0.199883
vn -0.921692 0.344488 -0.178361
vn 0.282301 -0.941208 -0.185562
vn -0.841970 -0.488834 -0.228317
vn -0.190075 -0.149621 0.970302
vn 0.967628 0.105556 -0.229244
vn 0.390037 -0.828408 -0.402008
vn 0.502379 -0.702568 -0.503997
vn -0.720050 -0.067536 0.690628
vn -0.970157 -0.206553 -0.127006
vn -0.320187 0.021755 0.947105
vn 0.966900 -0.039630 -0.252059
vn -0.960167 0.075674 -0.268986
vn -0.780488 -0.047900 -0.623333
vn 0.807672 -0.441683 -0.390616
vn -0.905357 -0.423604 -0.029787
vn 0.747005 -0.199307 -0.634240
vn -0.110189 -0.552415 0.826254
vn -0.493111 -0.745198 0.448912
vn -0.981821 0.185463 -0.040388
vn -0.188205 0.017489 0.981974
vn 0.963888 -0.150117 -0.219965
vn -0.986111 0.012660 -0.165605
vn -0.656788 -0.130853 0.742635
vn 0.404914 0.835598 -0.371243
vn 0.182740 0.818694 -0.544376
vn -0.289543 0.836779 -0.464722
vn -0.111237 -0.138907 0.984038
vn 0.948476 -0.271098 -0.164007
vn -0.967339 -0.075463 -0.241994
vn 0.862798 0.220779 -0.454792
vn -0.861357 0.314166 -0.399205
vn 0.929416 -0.323589 -0.177417
vn 0.591058 0.806092 -0.029435
vn -0.965923 0.000010 -0.258829
vn -0.137418 0.690897 0.709773
vn -0.974190 -0.188651 -0.123956
vn 0.846897 0.314647 -0.428675
vn -0.566045 0.823498 -0.038000
vn 0.532679 0.812555 -0.236660
vn 0.639247 0.768940 0.009756
vn -0.954821 -0.072690 -0.288155
vn 0.190346 -0.375866 0.906914
vn 0.919513 -0.359139 -0.159731
vn 0.213167 -0.097101 0.972179
vn 0.750423 0.640347 -0.163772
vn 0.845438 -0.321528 -0.426444
vn 0.221783 0.943229 -0.247249
vn 0.884586 -0.340451 -0.318748
vn -0.961804 -0.221164 -0.161306
vn 0.473618 0.123154 0.872078
vn 0.685587 0.722883 0.086085
vn -0.967086 -0.061000 -0.247030
vn 0.899142 -0.278881 -0.337296
vn -0.957191 -0.188011 -0.220084
vn 0.319763 0.423477 0.847596
vn -0.109443 0.655158 0.747523
vn -0.254325 0.456011 0.852862
vn -0.991295 -0.039404 0.125629
vn 0.439385 0.823108 0.359770
vn -0.951642 -0.063393 -0.300597
vn -0.852454 0.151988 -0.500222
vn -0.957828 -0.171586 -0.230485
vn -0.920882 0.097507 -0.377451
vn -0.973417 0.200115 -0.111412
vn 0.991963 0.094846 -0.083749
vn -0.780147 0.552308 -0.293814
vn 0.808675 0.537616 -0.238778
vn -0.743272 0.639364 -0.196879
vn -0.363380 0.889791 -0.276092
vn 0.903527 -0.109089 0.414413
vn -0.042054 0.922193 -0.384436
vn 0.178960 0.918647 -0.352224
vn 0.459329 0.835973 -0.300275
vn -0.362893 0.909775 -0.201538
vn -0.937873 -0.298950 0.176133
vn -0.108944 0.951063 -0.289156
vn 0.486561 0.825379 -0.286370
vn -0.594021 -0.797116 0.108372
vn -0.188474 -0.965597 0.179163
vn 0.181236 -0.977870 0.104514
vn 0.522210 -0.817036 0.244436
vn -0.828331 -0.520836 0.206393
vn 0.835028 -0.497427 0.235149
vn -0.953556 -0.261316 0.149816
vn 0.969953 -0.209794 0.123201
vn -0.965972 0.021131 0.257782
vn 0.984174 0.016559 0.176432
vn -0.983806 0.136073 0.116664
vn 0.975190 0.142079 0.169761
vn -0.977833 0.095669 0.186251
vn 0.983878 0.069933 0.164598
vn -0.968494 -0.125289 0.215225
vn 0.982611 -0.156902 0.099287
vn -0.932989 -0.237405 0.270501
vn 0.965052 -0.221941 0.139343
vn -0.968800 -0.192972 0.155523
vn 0.951508 -0.182840 0.247390
vn -0.978562 -0.096803 0.181783
vn 0.988795 -0.111652 0.099089
vn -0.992045 0.011971 0.125316
vn 0.976959 -0.030035 0.211304
vn 0.990588 0.115500 0.073455
vn -0.947462 0.222445 0.229856
vn 0.962567 0.222199 0.155216
vn -0.983720 0.003212 0.179677
vn 0.993928 -0.033873 0.104689
vn -0.935165 -0.219581 0.277940
vn 0.965991 -0.197012 0.167478
vn -0.959781 -0.165759 0.226594
vn -0.989604 -0.142015 0.022730
vn 0.988223 -0.139686 0.062470
vn -0.991103 -0.010182 0.132709
vn 0.983169 0.011160 0.182358
vn -0.969253 0.089914 0.229052
vn 0.984104 0.175627 0.026338
vn -0.972104 0.195959 0.128894
vn 0.967798 0.133724 0.213271
vn -0.970937 0.127561 0.202508
vn -0.976138 -0.047953 0.211791
vn 0.975438 -0.117220 0.186493
vn -0.950361 -0.215650 0.224295
vn 0.945723 -0.222482 0.236875
vn -0.966774 -0.169352 0.191487
vn 0.982852 -0.180585 -0.037302
vn 0.971117 -0.186441 0.148902
vn 0.972369 -0.052994 0.227356
vn -0.984894 0.086725 0.149878
vn 0.989511 0.034584 0.140256
vn -0.959376 0.203270 0.195648
vn 0.962662 0.198427 0.184142
vn 0.972037 0.059018 0.227290
vn -0.978302 0.042273 0.202827
vn -0.958674 -0.106462 0.263838
vn 0.980636 -0.116080 0.157732
vn -0.963360 -0.116499 0.241588
vn 0.960909 -0.147244 0.234464
vn 0.683458 0.067687 0.726845
vn 0.537859 0.696820 0.474499
vn -0.997261 -0.062703 0.039220
vn 0.995400 -0.092680 -0.024280
vn -0.995784 0.067297 0.062330
vn 0.995222 0.083289 0.050957
vn -0.970922 0.189323 0.146519
vn 0.963772 0.194420 0.182604
vn -0.336656 0.338058 0.878851
vn -0.977933 0.102449 0.182076
vn 0.988212 0.061601 0.140155
vn -0.973770 -0.121135 0.192606
vn 0.982584 -0.108348 0.150963
vn -0.966240 -0.100231 0.237350
vn 0.975691 -0.128869 0.177255
vn -0.987233 0.042518 0.153507
vn -0.952714 0.165949 0.254552
vn 0.966357 0.170100 0.192927
vn -0.975788 0.097817 0.195626
vn -0.987804 -0.048979 0.147801
vn 0.165866 -0.894563 0.415024
vn -0.986317 -0.032445 0.161639
vn -0.468740 -0.800622 0.373213
vn 0.569550 0.759767 -0.313635
vn 0.981113 -0.034850 0.190268
vn -0.969641 0.103780 0.221417
vn 0.975945 0.116225 0.184453
vn -0.981264 0.135018 0.137442
vn 0.978309 0.138501 0.154045
vn -0.992379 -0.020110 0.121568
vn 0.973911 -0.025782 0.225461
vn -0.982911 -0.127974 0.132319
vn 0.979708 -0.146617 0.136657
vn -0.981774 -0.062959 0.179320
vn 0.986888 -0.041104 0.156085
vn -0.984239 -0.033560 0.173628
vn 0.989298 -0.043239 0.139354
vn -0.973777 -0.119544 0.193565
vn 0.978015 -0.124754 0.167103
vn -0.967435 -0.215279 0.133131
vn 0.681348 0.090106 -0.726392
vn 0.928438 -0.274895 0.249872
vn 0.713158 -0.615680 0.335176
vn -0.967404 -0.197629 0.158345
vn 0.635115 0.089292 -0.767239
vn 0.117375 -0.729709 0.673608
vn 0.968773 -0.243758 0.045400
vn 0.772982 -0.399073 -0.493193
vn 0.275870 0.718428 -0.638559
vn 0.844406 -0.489937 0.216656
vn 0.819654 -0.449510 0.355117
vn -0.964394 -0.248135 0.091508
vn 0.760839 -0.648795 0.013767
vn -0.832216 0.077275 0.549039
vn 0.754872 -0.590116 0.286237
vn -0.908539 -0.382523 0.168027
vn -0.914340 -0.319955 0.248215
vn -0.582289 -0.085984 0.808422
vn 0.822869 -0.541196 0.173189
vn -0.888272 -0.426170 0.171324
vn 0.824996 -0.529736 0.196879
vn 0.730322 0.157255 0.664756
vn -0.834987 -0.515322 0.192977
vn 0.678447 -0.667630 0.306561
vn -0.891433 -0.408168 0.196839
vn -0.521489 0.580816 -0.625062
vn 0.739859 -0.648248 0.179952
vn 0.810908 -0.546804 0.208407
vn 0.444651 0.328714 -0.833206
vn 0.186086 0.690848 -0.698642
vn -0.744689 0.663865 -0.068717
vn 0.809660 -0.560679 0.173466
vn -0.915308 -0.340658 0.214857
vn 0.971424 -0.166266 0.169386
vn 0.214474 -0.939643 0.266593
vn 0.387420 0.278097 -0.878958
vn -0.217205 0.139664 0.966083
vn -0.872949 -0.448814 0.191119
vn 0.673795 -0.604120 0.425488
vn 0.225819 -0.971702 0.069293
vn -0.777833 0.601204 -0.183113
vn 0.406106 -0.913759 -0.011072
vn 0.610255 -0.745239 0.268716
vn -0.717349 0.688836 0.104477
vn 0.379975 -0.642449 0.665491
vn 0.713825 -0.678044 0.175241
vn 0.629929 0.465001 -0.622064
vn 0.777850 -0.581014 0.239524
vn 0.620477 -0.227171 0.750601
vn -0.834366 -0.491919 0.248696
vn -0.726966 0.632028 0.268442
vn -0.743012 0.650435 0.157694
vn 0.006851 -0.061791 0.998066
vn 0.606842 0.563174 -0.560872
vn 0.829623 -0.557816 0.023817
vn -0.782626 -0.605793 0.143217
vn 0.733847 -0.648888 0.201027
vn 0.877109 0.456085 0.150550
vn -0.823081 0.547439 0.151154
vn -0.635888 -0.751396 0.176213
vn 0.607682 -0.781188 0.143064
vn -0.548103 -0.822181 0.153630
vn -0.768376 0.631872 0.101667
vn 0.595508 -0.772996 0.218740
vn 0.556136 -0.812451 0.175034
vn 0.767711 0.558289 0.314536
vn -0.450047 -0.882936 0.133726
vn 0.975854 0.218311 0.006967
vn -0.794139 0.581319 0.177231
vn 0.487089 -0.848691 0.206077
vn -0.205951 -0.945159 0.253494
vn -0.227443 -0.973594 0.019625
vn 0.969293 0.177253 0.170451
vn -0.067723 -0.145858 0.986985
vn -0.918876 0.375476 0.121182
vn 0.384505 -0.893489 0.232018
vn -0.336837 -0.282599 0.898153
vn 0.272118 -0.943297 0.190113
vn -0.714753 -0.690165 0.113136
vn 0.371272 0.422106 -0.827033
vn -0.624695 -0.776777 0.079834
vn -0.239464 -0.954391 0.178310
vn -0.113628 -0.979045 0.168995
vn -0.087645 0.486639 -0.869196
vn -0.143569 -0.977151 0.156726
vn 0.563727 0.273430 -0.779390
vn 0.252480 -0.964865 0.072727
vn 0.984939 0.086650 0.149621
vn -0.944827 0.235308 0.227886
vn 0.519824 -0.854093 0.017558
vn 0.820606 -0.570229 -0.038013
vn 0.851811 -0.204143 -0.482436
vn -0.948265 -0.067715 0.310176
vn 0.456343 -0.464832 0.758738
vn -0.966810 0.099786 0.235207
vn 0.965329 -0.202846 -0.164295
vn -0.933348 0.192536 0.302972
vn 0.633964 0.746244 0.203003
vn 0.957312 -0.176140 0.229192
vn 0.562485 -0.236816 0.792167
vn -0.434687 0.502618 0.747277
vn -0.982602 0.001227 0.185722
vn 0.992042 0.017651 -0.124661
vn -0.960730 -0.099801 0.258915
vn -0.346415 0.839816 -0.417978
vn 0.613347 0.770624 0.173042
vn -0.944336 -0.210969 0.252431
vn 0.889324 0.440143 -0.124002
vn 0.907687 0.303753 -0.289548
vn -0.530280 -0.188659 0.826566
vn -0.677543 0.682824 0.273288
vn -0.983265 0.066701 -0.169531
vn -0.966506 -0.238752 0.094148
vn 0.688354 0.725033 0.022253
vn 0.549480 0.791254 0.268306
vn 0.912292 -0.371621 0.172110
vn 0.607297 0.182671 0.773189
vn -0.011642 0.468896 0.883176
vn 0.209550 -0.175001 0.962010
vn -0.213610 0.387958 0.896582
vn -0.246082 0.936305 0.250551
vn 0.051659 0.983584 0.172897
vn 0.533007 -0.483499 0.694357
vn 0.439433 0.896124 -0.062128
vn -0.997276 0.005986 0.073517
vn 0.632196 -0.555796 -0.539833
vn -0.958497 -0.227090 0.172378
vn 0.923407 0.059544 0.379176
vn -0.294627 -0.249272 0.922528
vn -0.252191 0.506401 0.824596
vn 0.127572 0.825668 0.549544
vn 0.505124 0.852011 0.137577
vn -0.586580 0.401797 0.703195
vn -0.983853 -0.089788 0.154829
vn -0.955630 -0.173652 0.237942
vn -0.213300 0.186158 0.959087
vn 0.975072 -0.090005 0.202813
vn -0.186331 0.643479 0.742439
vn 0.453505 -0.036623 0.890501
vn -0.957358 0.031098 0.287227
vn -0.378224 0.496642 0.781213
vn -0.995262 -0.075896 0.060776
vn -0.163336 -0.004672 0.986559
vn 0.899939 0.174046 -0.399772
vn 0.112559 0.219705 -0.969051
vn 0.399824 -0.355423 0.844876
vn 0.970768 -0.013738 0.239624
vn -0.886882 0.332888 -0.320354
vn -0.915091 0.380214 0.134335
vn 0.844103 0.327009 -0.424918
vn -0.741689 0.649299 0.168248
vn 0.246734 -0.196217 0.949011
vn 0.908682 0.373120 0.187293
vn -0.700101 0.712243 0.050672
vn -0.471341 0.880295 -0.054024
vn 0.344219 0.892997 -0.289947
vn -0.429009 0.903300 0.000552
vn 0.637524 0.221483 -0.737908
vn 0.555294 0.816023 0.160483
vn 0.761728 0.647619 -0.018970
vn -0.521093 -0.133169 0.843047
vn -0.329972 0.936782 0.116441
vn -0.517238 -0.566089 0.641878
vn -0.088496 0.993579 -0.070491
vn 0.036485 0.992288 -0.118466
vn 0.168430 0.973486 -0.154777
vn -0.184427 0.982844 -0.002093
vn -0.920190 0.205090 0.333451
vn 0.921036 0.156918 0.356469
vn 0.938654 -0.152979 0.309073
vn 0.936506 0.138804 0.322010
vn -0.943220 0.118522 0.310303
vn 0.915314 0.179129 0.360711
vn 0.676679 -0.401896 -0.616916
vn 0.174174 -0.773548 0.609333
vn -0.950675 0.076737 0.300547
vn 0.954126 0.025692 0.298302
vn -0.939386 -0.222277 0.261051
vn 0.759087 -0.244784 -0.603215
vn 0.918033 -0.328634 0.221845
vn -0.863950 -0.475566 0.165613
vn 0.736803 -0.637471 0.225282
vn 0.846756 -0.450433 0.283046
vn 0.690104 -0.687887 0.224872
vn 0.410280 0.568730 -0.712893
vn 0.212544 0.402595 -0.890361
vn 0.439049 0.313228 -0.842095
vn -0.653093 0.641332 0.402694
vn 0.435529 -0.789971 0.431578
vn -0.754147 0.508675 0.415346
vn 0.904768 0.223294 0.362677
vn -0.799476 0.446849 0.401453
vn -0.321339 -0.909317 0.264356
vn -0.827006 0.287312 0.483231
vn 0.510597 0.835236 0.204137
vn 0.382243 0.214657 0.898784
vn -0.097660 0.574548 0.812623
vn -0.946817 -0.043029 0.318882
vn -0.734492 0.490534 0.468932
vn 0.564710 0.782812 0.261357
vn 0.258922 -0.108834 -0.959747
vn -0.891766 0.202766 -0.404523
vn 0.869774 -0.476964 0.126484
vn -0.102778 -0.175384 0.979120
vn -0.450756 0.796042 0.403901
vn 0.348862 0.925093 0.149994
vn 0.328380 0.873546 0.359282
vn -0.379040 -0.230488 0.896216
vn 0.374334 0.111963 -0.920510
vn -0.620714 0.722317 0.304915
vn -0.863394 0.417355 0.283490
vn -0.403782 -0.320732 0.856791
vn 0.027823 0.034218 0.999027
vn 0.952715 0.219486 -0.210143
vn -0.911795 0.150641 0.382016
vn -0.033879 0.146491 -0.988632
vn -0.490835 -0.788608 0.370377
vn -0.188545 -0.866929 0.461395
vn 0.430659 -0.696213 0.574300
vn -0.737090 -0.435533 0.516729
vn -0.859774 -0.193828 0.472462
vn 0.845789 -0.194997 0.496605
vn -0.828257 0.015954 0.560121
vn 0.908456 0.051858 0.414751
vn -0.869024 0.131878 0.476870
vn 0.829533 0.140617 0.540465
vn -0.898457 -0.210024 0.385571
vn 0.872061 0.066711 0.484830
vn 0.890119 -0.089410 0.446872
vn -0.804928 -0.104376 0.584121
vn 0.884347 -0.216700 0.413488
vn -0.871224 -0.149074 0.467703
vn 0.886025 -0.151138 0.438312
vn -0.907681 -0.014719 0.419403
vn 0.899121 -0.032321 0.436504
vn 0.491859 0.050858 0.869188
vn -0.863569 0.145705 0.482721
vn -0.921697 -0.209148 0.326698
vn 0.864447 0.174518 0.471461
vn -0.815326 0.222466 0.534557
vn 0.865735 0.214016 0.452438
vn -0.885757 0.080295 0.457152
vn 0.893902 0.026114 0.447502
vn 0.834542 -0.219222 0.505451
vn -0.852544 -0.168663 0.494694
vn 0.852513 -0.154301 0.499413
vn 0.901693 -0.003035 0.432366
vn -0.880017 0.134859 0.455394
vn 0.858906 0.152357 0.488946
vn -0.733278 0.097375 0.672920
vn -0.826738 0.117606 0.550157
vn 0.874522 0.129634 0.467340
vn 0.821827 -0.096916 0.561434
vn 0.677183 -0.123333 0.725405
vn -0.840162 -0.124385 0.527879
vn -0.864466 -0.179059 0.469720
vn 0.877853 -0.199617 0.435348
vn -0.907558 -0.056327 0.416133
vn -0.871948 0.101142 0.479037
vn 0.893718 0.071049 0.442968
vn -0.850931 0.193950 0.488159
vn 0.882014 0.174708 0.437640
vn -0.857402 0.012055 0.514507
vn 0.790394 0.133371 0.597905
vn 0.990586 0.115954 0.072756
vn -0.801785 -0.129395 0.583436
vn 0.847618 -0.112635 0.518514
vn -0.849637 -0.090861 0.519482
vn 0.875832 -0.106362 0.470750
vn -0.883109 0.022924 0.468607
vn 0.884110 0.108031 0.454618
vn -0.846263 0.191162 0.497289
vn -0.160971 -0.015836 0.986832
vn 0.823504 0.175050 0.539628
vn -0.844440 0.041462 0.534043
vn -0.866931 -0.130044 0.481164
vn 0.869106 -0.126065 0.478291
vn -0.840869 -0.117416 0.528349
vn 0.906251 -0.097971 0.411230
vn -0.893690 0.041327 0.446777
vn 0.889114 0.076190 0.451300
vn -0.830454 0.167901 0.531184
vn 0.824220 0.174313 0.538773
vn -0.866664 0.064222 0.494742
vn 0.887793 0.071567 0.454646
vn -0.880185 -0.052965 0.471666
vn -0.126860 -0.103555 0.986500
vn 0.891957 -0.060549 0.448047
vn 0.976500 -0.214352 0.022383
vn -0.865079 -0.007968 0.501572
vn 0.842350 -0.021066 0.538519
vn -0.855645 0.117362 0.504081
vn 0.883769 0.137048 0.447404
vn -0.861836 0.110624 0.494976
vn 0.876373 0.156912 0.455356
vn -0.917356 -0.027084 0.397145
vn -0.719631 -0.027460 0.693813
vn 0.828521 0.000313 0.559957
vn -0.215813 -0.094700 0.971832
vn 0.878919 -0.195029 0.435277
vn -0.878199 -0.124279 0.461866
vn 0.906904 -0.122009 0.403285
vn -0.849690 -0.059640 0.523899
vn 0.834891 -0.066395 0.546396
vn -0.876432 -0.013263 0.481342
vn 0.900173 -0.014041 0.435306
vn -0.795947 -0.124340 0.592459
vn 0.848142 -0.148971 0.508393
vn -0.792961 -0.221752 0.567485
vn 0.865471 -0.242300 0.438464
vn -0.876648 -0.188214 0.442790
vn 0.862685 -0.332451 0.381118
vn 0.827368 -0.268198 0.493490
vn -0.894819 -0.224443 0.385908
vn 0.757946 -0.350269 0.550299
vn -0.832545 -0.266136 0.485840
vn 0.604961 -0.513940 0.608184
vn 0.545814 -0.743415 0.386550
vn -0.794695 -0.302691 0.526153
vn 0.764684 -0.490398 0.418053
vn 0.695467 -0.481158 0.533679
vn -0.778908 -0.285835 0.558213
vn 0.686234 -0.447648 0.573319
vn -0.737606 -0.417177 0.530944
vn -0.792161 -0.458797 0.402475
vn 0.633571 -0.555913 0.538098
vn -0.798266 -0.374989 0.471333
vn 0.660509 -0.495355 0.564226
vn -0.854500 -0.268445 0.444710
vn 0.663965 -0.406118 0.627869
vn -0.769699 -0.270512 0.578262
vn 0.221382 -0.881683 0.416683
vn 0.082797 0.971723 -0.221132
vn -0.542687 -0.228443 0.808273
vn 0.527649 0.799474 0.287100
vn -0.513124 0.524732 0.679235
vn 0.062504 0.994449 0.084640
vn 0.596913 -0.553435 0.580866
vn -0.822572 -0.393586 0.410447
vn 0.798324 0.292605 -0.526367
vn 0.694649 0.350784 -0.628024
vn 0.641846 -0.611317 0.462953
vn -0.746408 -0.350228 0.565876
vn -0.658112 0.597507 0.458119
vn -0.545264 0.561323 0.622578
vn 0.152426 -0.882160 0.445601
vn 0.646894 -0.517547 0.560064
vn -0.709394 -0.426806 0.560889
vn 0.102402 0.671175 -0.734192
vn 0.257566 0.491391 -0.831982
vn -0.649298 0.608136 0.456709
vn -0.793894 -0.511203 0.329246
vn 0.689235 0.481923 0.541022
vn 0.577909 0.803625 0.142157
vn -0.197552 0.809246 -0.553258
vn -0.661366 -0.660979 0.354544
vn -0.095705 0.546954 -0.831674
vn 0.177418 0.517070 -0.837354
vn 0.281072 0.397075 -0.873688
vn 0.677402 -0.601754 0.423106
vn -0.673154 -0.539122 0.506174
vn -0.433295 -0.179936 0.883107
vn 0.531643 -0.596342 0.601442
vn 0.567332 -0.721352 0.397223
vn -0.373594 -0.807801 0.455945
vn 0.834161 0.348476 0.427481
vn 0.762379 0.232921 0.603761
vn 0.430749 -0.735094 0.523538
vn -0.627332 0.517958 0.581527
vn 0.536888 -0.704076 0.464788
vn 0.499028 -0.609970 0.615555
vn -0.546025 -0.766877 0.337278
vn -0.468109 -0.725823 0.504039
vn -0.925944 0.277390 0.256284
vn 0.847849 0.167484 0.503091
vn -0.737289 0.426259 0.524126
vn 0.457184 -0.701764 0.546361
vn -0.620358 0.272473 0.735469
vn -0.223369 -0.740338 0.634040
vn 0.856035 0.139721 0.497678
vn -0.814612 0.267382 0.514699
vn 0.398242 -0.744379 0.536007
vn 0.222542 -0.796586 0.562072
vn 0.590482 -0.036031 0.806246
vn -0.230150 -0.757978 0.610328
vn -0.130534 -0.879716 0.457231
vn 0.206355 0.228344 0.951460
vn -0.135745 -0.829180 0.542249
vn 0.507905 -0.495880 0.704369
vn 0.143121 -0.802385 0.579392
vn -0.016261 -0.576042 -0.817258
vn -0.566513 0.428312 -0.703997
vn -0.737556 -0.281443 0.613841
vn -0.168032 0.947908 0.270620
vn -0.375229 -0.369649 0.850037
vn 0.876846 0.083659 0.473436
vn -0.341866 0.667727 0.661263
vn -0.847286 0.214982 0.485684
vn -0.721216 -0.336818 0.605311
vn 0.432036 -0.788488 0.437758
vn 0.807010 -0.185417 0.560674
vn 0.698145 -0.580816 0.418625
vn -0.703916 -0.028574 0.709708
vn 0.885487 0.011243 0.464529
vn 0.920468 -0.292441 0.259262
vn 0.850682 -0.109960 0.514052
vn -0.915555 -0.132890 0.379604
vn -0.803168 0.004130 0.595738
vn -0.727989 0.221949 0.648668
vn 0.968781 -0.006107 0.247844
vn -0.759104 0.330441 0.560865
vn 0.454237 0.660701 0.597615
vn 0.781177 -0.281512 0.557237
vn -0.998715 -0.047751 0.016952
vn 0.155357 -0.533939 -0.831128
vn -0.764008 -0.113194 0.635199
vn 0.077740 0.254822 0.963858
vn 0.521226 0.190346 0.831921
vn -0.665720 -0.548231 0.506220
vn -0.064237 0.569815 0.819258
vn 0.389720 -0.036828 0.920197
vn -0.065527 0.631626 0.772499
vn 0.957437 0.211593 0.196323
vn -0.684407 0.386897 0.617979
vn 0.811097 -0.380421 0.444299
vn 0.110426 0.976006 0.187665
vn -0.185513 0.810305 -0.555870
vn 0.318052 0.852686 0.414452
vn -0.160360 -0.469141 -0.868442
vn -0.464682 0.552864 -0.691674
vn -0.849558 -0.094915 0.518885
vn -0.830974 -0.196769 0.520350
vn -0.457836 0.566209 0.685415
vn 0.245538 0.833366 -0.495190
vn -0.510883 0.399715 -0.761069
vn -0.440401 0.382876 -0.812067
vn 0.758591 0.039549 0.650366
vn 0.745585 -0.059603 0.663740
vn 0.340827 -0.927973 0.150675
vn -0.518690 0.589105 0.619610
vn 0.863037 0.481481 0.152787
vn -0.886854 0.403381 0.225329
vn -0.563289 0.571975 0.596281
vn 0.486268 -0.830911 0.270425
vn 0.417595 0.445369 0.791998
vn -0.852263 -0.237723 0.465978
vn -0.877436 -0.198339 0.436770
vn -0.496917 0.572373 0.652275
vn -0.211741 0.656255 0.724220
vn 0.119610 0.759088 0.639906
vn -0.890044 0.394945 -0.227684
vn -0.216740 -0.639013 -0.738028
vn -0.078030 -0.454456 -0.887345
vn 0.225195 0.845347 0.484433
vn -0.664075 -0.215884 0.715820
vn 0.224800 -0.420846 -0.878837
vn 0.330622 0.867975 0.370550
vn 0.472051 0.829077 0.299666
vn 0.100433 -0.254027 -0.961968
vn 0.142226 -0.274573 -0.950990
vn 0.089513 -0.739282 0.667419
vn 0.415870 -0.329863 -0.847492
vn 0.945333 -0.099802 0.310458
vn 0.208635 0.893901 0.396753
vn 0.060931 -0.466762 0.882281
vn 0.112302 0.268325 0.956760
vn -0.886620 -0.000158 0.462499
vn 0.048429 -0.074741 -0.996026
vn 0.307656 -0.206056 -0.928918
vn 0.482344 -0.200150 -0.852810
vn -0.881987 -0.086955 0.463182
vn -0.850187 0.116360 0.513461
vn 0.199340 -0.316011 0.927578
vn -0.348410 0.331737 0.876676
vn 0.048809 0.026502 -0.998456
vn 0.174622 -0.123964 0.976801
vn -0.406737 0.500582 0.764187
vn 0.125324 -0.057510 -0.990448
vn 0.149389 -0.182512 0.971788
vn 0.440275 -0.225609 -0.869056
vn -0.858082 0.204954 0.470839
vn 0.919730 0.076216 0.385082
vn -0.183170 -0.169017 0.968443
vn 0.199682 0.224550 -0.953784
vn -0.509723 0.377130 0.773276
vn -0.066606 0.203418 -0.976824
vn -0.049764 -0.017696 0.998604
vn 0.288575 0.022896 -0.957183
vn 0.507847 -0.196789 0.838669
vn 0.793213 -0.323184 -0.516106
vn 0.522379 0.152172 0.839025
vn 0.750225 0.060427 -0.658416
vn 0.893059 0.251092 0.373360
vn -0.686971 0.179107 0.704267
vn 0.115250 0.303729 -0.945762
vn 0.336421 0.116874 0.934431
vn 0.506991 0.057473 -0.860033
vn -0.571816 0.758056 0.313651
vn -0.458781 0.769790 0.443783
vn 0.126961 0.661423 -0.739189
vn 0.048599 0.492926 -0.868713
vn 0.669421 0.250912 0.699227
vn -0.055742 0.435107 -0.898652
vn -0.070102 0.455017 -0.887719
vn -0.235723 0.127100 0.963473
vn 0.173148 0.376854 -0.909946
vn -0.191613 -0.213252 0.958023
vn 0.091933 0.249827 0.963916
vn 0.333712 0.445468 -0.830780
vn 0.457920 0.241451 0.855576
vn 0.753606 0.478902 -0.450257
vn -0.515404 0.807386 0.287204
vn -0.256530 0.955727 0.144143
vn 0.552526 0.749552 0.364536
vn 0.791385 0.474558 0.385363
vn -0.035931 0.969567 0.242173
vn -0.507341 0.229030 0.830753
vn 0.037587 0.998154 0.047699
vn -0.229352 0.260901 0.937725
vn -0.154021 0.892023 -0.424938
vn -0.078825 0.988730 0.127275
vn 0.156754 0.970854 0.181301
vn -0.511308 -0.398774 0.761277
vn 0.360182 -0.222865 0.905870
vn -0.118768 -0.667369 0.735196
vn 0.071572 -0.670620 0.738340
vn 0.223174 -0.502164 0.835479
vn -0.665689 0.031450 0.745566
vn 0.687740 0.015698 0.725788
vn -0.559295 0.135469 0.817824
vn -0.706170 0.077903 0.703743
vn 0.682699 0.099048 0.723956
vn -0.725226 0.037106 0.687510
vn 0.711800 -0.021099 0.702065
vn 0.479222 0.083282 0.873734
vn -0.525390 -0.114892 0.843069
vn 0.451065 -0.097442 0.887156
vn -0.541782 -0.260248 0.799215
vn 0.697736 -0.220492 0.681578
vn -0.705439 -0.268205 0.656066
vn 0.672194 -0.237046 0.701402
vn 0.698140 -0.120426 0.705760
vn 0.679921 -0.006199 0.733260
vn 0.657646 0.122492 0.743301
vn 0.224163 0.326356 -0.918283
vn -0.694793 0.173445 0.697982
vn -0.694297 0.065890 0.716666
vn 0.687125 0.207822 0.696182
vn 0.742618 0.043805 0.668281
vn 0.517908 0.028258 0.854969
vn -0.720598 -0.158119 0.675083
vn 0.717227 -0.104320 0.688986
vn -0.701056 -0.234389 0.673485
vn 0.052996 0.766831 -0.639657
vn 0.655899 -0.216429 0.723156
vn 0.674957 -0.028752 0.737297
vn 0.685949 0.121168 0.717490
vn -0.517365 0.158916 0.840880
vn -0.592230 0.704162 0.391687
vn 0.677296 0.204025 0.706854
vn 0.696549 0.097914 0.710797
vn 0.659665 0.061963 0.749001
vn -0.687110 -0.194637 0.699997
vn 0.638677 -0.241533 0.730585
vn 0.735940 -0.080432 0.672252
vn -0.153585 -0.362930 0.919072
vn -0.689394 0.202915 0.695386
vn 0.642262 0.223081 0.733304
vn -0.575455 0.100515 0.811633
vn 0.674387 -0.038744 0.737361
vn 0.667529 -0.202433 0.716537
vn -0.152138 0.141314 0.978205
vn 0.680864 -0.073721 0.728690
vn 0.677596 0.082463 0.730796
vn -0.744103 0.040100 0.666860
vn -0.637403 0.231265 0.735006
vn 0.959972 0.015675 -0.279657
vn -0.527351 0.176229 0.831170
vn 0.705178 0.070578 0.705509
vn -0.600370 -0.135149 0.788220
vn 0.476714 -0.137645 0.868216
vn 0.177403 -0.172905 0.968830
vn 0.374686 0.750352 -0.544593
vn -0.651986 -0.115992 0.749306
vn 0.689480 -0.122239 0.713915
vn -0.681330 0.066161 0.728980
vn 0.712981 0.091203 0.695226
vn -0.530518 0.174098 0.829603
vn -0.682770 0.087122 0.725420
vn 0.687632 0.145282 0.711376
vn 0.716037 0.014599 0.697910
vn 0.490187 0.111299 0.864482
vn -0.676152 -0.041272 0.735605
vn 0.705218 -0.048324 0.707342
vn 0.460431 -0.040316 0.886779
vn -0.536741 -0.019626 0.843519
vn -0.694190 0.079702 0.715366
vn 0.386278 -0.395724 0.833182
vn 0.707868 0.057995 0.703960
vn -0.708041 0.167662 0.685979
vn 0.481421 0.120990 0.868099
vn -0.465181 0.117781 0.877345
vn 0.444331 0.141838 0.884563
vn -0.468871 -0.085019 0.879166
vn 0.538083 -0.010113 0.842831
vn 0.225259 -0.714159 0.662749
vn -0.542267 -0.120042 0.831587
vn 0.715964 -0.129772 0.685969
vn -0.717779 -0.132246 0.683597
vn 0.493915 -0.102611 0.863434
vn -0.530042 -0.047335 0.846649
vn -0.564544 -0.007172 0.825372
vn 0.680130 -0.023351 0.732720
vn 0.054011 0.552600 0.831695
vn 0.710862 0.001262 0.703330
vn -0.464300 -0.113814 0.878335
vn -0.306641 0.936065 -0.172494
vn 0.656124 -0.005088 0.754636
vn 0.517670 -0.144769 0.843243
vn -0.712704 -0.230940 0.662359
vn -0.787751 -0.160264 0.594781
vn 0.664847 -0.198978 0.719991
vn 0.716031 -0.191798 0.671203
vn -0.772129 -0.174645 0.610996
vn -0.649781 -0.223694 0.726461
vn 0.535201 -0.266859 0.801465
vn 0.534088 -0.385484 0.752431
vn 0.423745 -0.246673 0.871546
vn 0.488323 -0.356852 0.796365
vn -0.673118 -0.184290 0.716205
vn 0.620837 -0.290507 0.728126
vn 0.483821 -0.227978 0.844951
vn -0.414641 0.512288 0.752087
vn -0.553670 -0.211305 0.805481
vn 0.253278 -0.147934 0.956016
vn -0.667484 -0.384387 0.637740
vn -0.523799 -0.267452 0.808767
vn -0.495591 -0.382540 0.779777
vn 0.382771 -0.428022 0.818708
vn 0.788534 0.152712 0.595730
vn -0.057952 0.307185 0.949884
vn 0.323973 -0.421601 0.846932
vn -0.449957 0.282224 0.847283
vn 0.329843 -0.362521 0.871655
vn -0.266436 0.144478 0.952963
vn -0.602721 -0.175291 0.778460
vn 0.309981 0.414860 0.855455
vn 0.201856 -0.357296 0.911918
vn 0.953518 -0.129695 0.271999
vn 0.400292 -0.222716 0.888912
vn -0.460744 -0.140149 0.876398
vn 0.986860 0.160019 -0.022380
vn 0.422569 -0.387953 0.819102
vn 0.356780 -0.460845 0.812607
vn -0.546525 0.463404 0.697544
vn -0.644065 -0.258217 0.720072
vn -0.340049 0.869377 0.358540
vn -0.523620 -0.313016 0.792366
vn -0.345304 -0.297641 0.890042
vn 0.021099 0.248060 0.968515
vn -0.633094 0.449053 -0.630511
vn 0.632424 0.332723 -0.699525
vn -0.333297 0.182756 0.924940
vn 0.405448 -0.376325 0.833062
vn -0.564877 -0.425900 0.706769
vn 0.588013 0.215605 0.779586
vn -0.586921 0.360163 -0.725125
vn -0.572732 0.367562 0.732718
vn -0.419863 0.327237 0.846540
vn -0.302944 0.418257 0.856321
vn 0.210761 -0.255292 0.943613
vn -0.456001 -0.511439 0.728349
vn -0.483361 -0.421318 0.767368
vn 0.575202 0.116552 0.809666
vn -0.438947 -0.608460 0.661137
vn -0.242009 0.302758 -0.921829
vn 0.019147 0.296389 -0.954875
vn 0.355548 -0.524643 0.773521
vn -0.336357 0.279504 -0.899300
vn -0.557315 0.416118 0.718503
vn -0.449919 0.281906 0.847409
vn -0.408048 -0.566533 0.715917
vn 0.575796 0.053233 0.815859
vn -0.526679 0.183532 0.830015
vn 0.362678 -0.417364 0.833230
vn 0.425842 -0.594260 0.682285
vn -0.301392 0.374790 0.876753
vn -0.354623 -0.618329 0.701365
vn -0.413523 -0.469117 0.780339
vn 0.683305 0.088220 0.724784
vn -0.500317 0.121127 0.857328
vn 0.374056 -0.532578 0.759238
vn -0.536811 0.546638 0.642667
vn 0.353075 -0.588921 0.726987
vn 0.118720 0.957324 0.263506
vn -0.157917 -0.609488 0.776909
vn -0.328041 0.191529 0.925044
vn -0.196760 -0.522144 0.829850
vn -0.633540 0.377081 0.675602
vn -0.287832 -0.491013 0.822228
vn 0.534718 0.482372 0.693826
vn -0.720581 0.157891 0.675155
vn -0.573256 0.166315 0.802319
vn -0.113093 0.096351 0.988902
vn 0.242943 -0.519427 0.819252
vn 0.299589 -0.155518 0.941308
vn -0.101150 -0.540754 0.835077
vn 0.444637 -0.352198 0.823562
vn -0.072733 -0.413779 0.907467
vn 0.166991 -0.177875 0.969781
vn 0.126115 -0.687547 0.715104
vn 0.045491 -0.565308 0.823624
vn 0.869854 -0.356280 -0.341200
vn 0.125181 -0.665597 0.735738
vn -0.355471 -0.109673 0.928231
vn -0.222957 -0.320041 0.920795
vn 0.796305 0.058370 0.602073
vn 0.778651 0.054194 0.625113
vn 0.252842 -0.580626 0.773915
vn 0.877652 -0.408960 -0.249960
vn 0.284329 0.152705 0.946487
vn 0.487472 -0.422719 0.763989
vn -0.597763 0.681416 0.422318
vn 0.769706 0.024076 0.637944
vn 0.109646 0.371199 0.922057
vn 0.740041 -0.263775 0.618677
vn -0.523872 0.138341 0.840488
vn 0.332683 -0.146612 -0.931572
vn -0.671206 0.126664 0.730369
vn -0.353649 0.153421 0.922710
vn 0.742111 -0.004185 0.670264
vn 0.195623 0.485190 0.852246
vn -0.167635 0.473311 0.864798
vn -0.270377 0.166888 0.948180
vn -0.483009 0.495308 0.722062
vn -0.111187 0.859938 -0.498141
vn -0.414283 0.188817 0.890347
vn -0.213108 0.335089 0.917769
vn 0.688626 -0.317751 0.651789
vn 0.379399 0.646261 0.662120
vn -0.943445 0.331395 0.009452
vn 0.564699 -0.104582 0.818644
vn 0.583482 -0.354517 0.730661
vn -0.574473 -0.187670 0.796719
vn 0.575609 -0.057252 0.815718
vn -0.403361 0.398975 0.823480
vn -0.296250 0.224481 0.928356
vn -0.509342 0.508933 0.693944
vn -0.443647 0.356941 0.822053
vn 0.298275 0.583344 0.755474
vn -0.032870 0.407704 0.912522
vn 0.351346 0.381644 0.854929
vn -0.704063 0.093783 -0.703917
vn 0.558656 -0.265726 0.785680
vn 0.284096 -0.398212 -0.872190
vn 0.839016 0.336958 -0.427213
vn 0.596669 -0.157027 0.786974
vn -0.453456 0.523745 0.721158
vn 0.512751 0.465772 0.721209
vn -0.573619 0.259791 -0.776834
vn -0.381414 0.404072 -0.831414
vn -0.472354 -0.503208 0.723646
vn -0.493209 -0.749286 -0.441946
vn -0.653671 -0.379478 -0.654760
vn 0.765664 -0.080216 0.638219
vn 0.397725 -0.540136 -0.741666
vn 0.450901 0.719087 0.528774
vn -0.312073 0.563444 -0.764945
vn -0.075123 0.168208 0.982885
vn 0.786702 -0.392731 -0.476301
vn 0.171111 0.112440 -0.978815
vn -0.632923 -0.248902 0.733114
vn 0.610969 0.373092 0.698226
vn 0.847846 -0.162052 0.504873
vn -0.510312 -0.332084 0.793285
vn -0.266164 0.650740 0.711122
vn -0.198390 -0.318683 0.926867
vn 0.093257 0.769694 0.631564
vn -0.245017 0.775256 -0.582190
vn -0.295298 0.905319 0.305283
vn -0.637725 -0.691156 0.340014
vn 0.692411 -0.227148 0.684814
vn -0.284718 0.150790 0.946677
vn -0.801347 -0.106932 0.588565
vn 0.773781 -0.179315 0.607543
vn -0.680725 0.127844 0.721297
vn 0.923988 -0.355253 -0.141570
vn -0.814657 0.188966 0.548294
vn 0.855210 0.068155 0.513781
vn -0.665779 0.324471 0.671906
vn 0.983906 0.021353 -0.177404
vn -0.694824 0.547287 0.466580
vn -0.575575 0.550682 0.604535
vn -0.515694 0.366197 0.774571
vn 0.769974 0.380977 0.511857
vn -0.849166 -0.526399 0.042679
vn -0.484273 0.587481 0.648340
vn -0.393049 0.623123 0.676188
vn -0.264801 0.755151 0.599689
vn -0.370870 0.711594 0.596732
vn -0.213638 0.800355 0.560170
vn -0.485866 0.872365 0.053973
vn -0.128649 0.687604 -0.714598
vn -0.643257 -0.148860 0.751040
vn -0.050327 0.593846 -0.803003
vn -0.221321 0.838328 -0.498219
vn 0.078281 0.763546 -0.640991
vn 0.414992 0.894003 -0.168939
vn 0.786618 0.283174 -0.548676
vn 0.015395 0.957524 0.287943
vn -0.810072 -0.574349 -0.117927
vn -0.178629 0.777449 -0.603046
vn 0.229864 0.945544 -0.230455
vn -0.186689 -0.427707 0.884429
vn -0.428242 0.034809 0.902993
vn 0.460368 0.003825 0.887720
vn 0.507510 0.134622 0.851064
vn 0.151313 0.033934 0.987903
vn -0.216150 0.132237 0.967364
vn 0.114914 0.128302 0.985055
vn -0.461174 0.066355 0.884825
vn -0.197032 0.095548 0.975730
vn 0.249530 0.066540 0.966078
vn -0.285254 -0.064227 0.956298
vn 0.131378 -0.134597 0.982152
vn 0.469389 -0.250752 0.846639
vn -0.474983 -0.188826 0.859497
vn 0.476847 -0.142049 0.867432
vn 0.478876 -0.097205 0.872484
vn -0.672894 -0.146355 0.725116
vn -0.720212 0.002184 0.693751
vn 0.546826 0.171896 0.819410
vn 0.246558 0.030151 0.968659
vn -0.413816 -0.020090 0.910139
vn -0.178474 0.051638 0.982589
vn -0.484882 -0.206821 0.849773
vn -0.207763 -0.216560 0.953906
vn 0.423395 -0.332863 0.842579
vn -0.441581 -0.190630 0.876736
vn 0.438278 -0.165788 0.883418
vn -0.734604 0.008707 0.678440
vn 0.720926 0.463145 -0.515521
vn -0.511068 -0.033775 0.858876
vn 0.424332 -0.030027 0.905009
vn 0.355918 -0.081807 0.930930
vn -0.476186 0.150207 0.866421
vn 0.499417 0.109081 0.859467
vn -0.167760 0.147220 0.974773
vn -0.218589 -0.084618 0.972141
vn 0.196601 0.174448 0.964840
vn 0.185790 -0.027607 0.982202
vn -0.465429 -0.204389 0.861162
vn 0.495021 -0.215393 0.841760
vn 0.480108 -0.104011 0.871021
vn -0.654125 -0.499561 0.567942
vn -0.398625 -0.077699 0.913817
vn -0.452844 0.076652 0.888289
vn -0.685667 0.108362 0.719804
vn -0.471014 0.203322 0.858374
vn 0.513630 0.206071 0.832898
vn -0.184876 0.196153 0.962987
vn 0.553633 0.029344 0.832243
vn 0.150613 0.113004 0.982113
vn 0.559395 -0.151537 0.814932
vn 0.428740 0.058223 0.901550
vn 0.535470 0.183298 0.824423
vn -0.404414 0.441842 0.800766
vn 0.144389 0.184274 0.972211
vn -0.430499 0.034718 0.901923
vn -0.142828 0.086442 0.985966
vn -0.425509 0.596386 0.680636
vn 0.249431 0.071902 0.965720
vn -0.213593 -0.121824 0.969297
vn -0.538973 -0.176479 0.823628
vn 0.143185 -0.074886 0.986859
vn -0.423413 -0.120683 0.897862
vn 0.189721 -0.148257 0.970580
vn 0.472690 -0.096048 0.875979
vn -0.420831 0.075499 0.903992
vn 0.543038 0.090293 0.834840
vn 0.472014 0.163484 0.866300
vn 0.094283 0.153992 0.983564
vn -0.452079 0.090909 0.887333
vn -0.217438 0.169429 0.961257
vn 0.238252 0.067375 0.968863
vn -0.450522 -0.019494 0.892552
vn 0.166971 -0.067106 0.983676
vn 0.515474 -0.021844 0.856627
vn 0.209999 -0.013646 0.977606
vn -0.433212 0.126610 0.892355
vn -0.190890 0.123138 0.973857
vn 0.233511 0.112746 0.965796
vn 0.152613 0.170314 0.973500
vn 0.182162 -0.035467 0.982629
vn -0.202679 -0.134942 0.969903
vn 0.150502 -0.139038 0.978784
vn -0.304173 -0.046075 0.951502
vn 0.102537 -0.073909 0.991980
vn 0.467332 -0.070503 0.881266
vn -0.217232 -0.008981 0.976079
vn 0.241903 -0.007938 0.970268
vn 0.486813 -0.000308 0.873506
vn -0.286716 -0.590440 0.754437
vn 0.219292 -0.159372 0.962555
vn -0.213143 -0.222247 0.951408
vn 0.490809 -0.229445 0.840513
vn 0.223106 -0.214948 0.950800
vn -0.673027 -0.160004 0.722103
vn -0.400438 -0.168851 0.900632
vn 0.456007 -0.178723 0.871846
vn -0.508782 -0.116047 0.853038
vn 0.619023 -0.161621 0.768563
vn 0.482089 -0.130225 0.866390
vn -0.664511 -0.220550 0.713991
vn 0.461675 -0.202842 0.863546
vn -0.619557 -0.115328 0.776433
vn 0.328606 -0.072829 0.941655
vn 0.457832 -0.056720 0.887228
vn -0.580422 -0.062524 0.811912
vn 0.257822 0.091956 0.961807
vn 0.657221 0.069890 0.750451
vn -0.397321 -0.215952 0.891908
vn -0.579000 -0.216785 0.785979
vn 0.179653 -0.233946 0.955507
vn -0.385401 -0.088267 0.918518
vn 0.054085 -0.052526 0.997154
vn -0.461562 0.086280 0.882902
vn -0.153548 0.185872 0.970502
vn 0.761599 0.293352 -0.577851
vn 0.089153 -0.049886 0.994768
vn 0.357055 0.095067 0.929233
vn 0.876503 0.199371 -0.438171
vn 0.091006 -0.039291 0.995075
vn -0.238417 -0.409623 0.880549
vn 0.045808 -0.258204 0.965004
vn 0.284096 -0.039205 0.957994
vn -0.686484 0.167492 -0.707592
vn -0.176865 0.030527 0.983762
vn 0.703758 0.312149 0.638191
vn -0.030341 -0.231557 0.972348
vn -0.266750 -0.462184 0.845713
vn -0.470134 0.261915 -0.842837
vn 0.605427 0.187286 -0.773552
vn 0.442253 -0.078872 0.893416
vn 0.552057 -0.325290 0.767737
vn -0.118461 0.325120 -0.938224
vn 0.218306 0.268070 -0.938340
vn -0.234596 -0.010999 0.972031
vn 0.091104 -0.197596 0.976041
vn 0.244455 -0.201985 0.948390
vn 0.161817 -0.530348 0.832193
vn 0.653904 0.052236 0.754772
vn -0.200134 0.211687 -0.956627
vn 0.928511 0.083805 0.361723
vn -0.261609 0.113701 0.958453
vn -0.797922 -0.527113 -0.292357
vn -0.335117 -0.397292 0.854316
vn 0.690505 0.022678 0.722972
vn 0.084797 0.117022 0.989503
vn 0.093637 -0.453989 0.886074
vn 0.689448 -0.391840 -0.609199
vn -0.292321 0.158207 0.943143
vn 0.031528 0.102310 0.994253
vn 0.022831 -0.046167 0.998673
vn 0.044663 -0.242716 0.969069
vn 0.057988 -0.555354 0.829590
vn -0.169959 -0.149992 0.973969
vn -0.076217 -0.236246 0.968699
vn -0.052049 -0.171563 0.983797
vn -0.465206 -0.215220 0.858641
vn -0.317913 0.085047 0.944298
vn -0.008874 0.127110 0.991849
vn 0.420129 -0.153886 0.894321
vn 0.094555 0.181752 0.978788
vn 0.824811 -0.020838 0.565024
vn 0.053159 0.236599 0.970152
vn -0.116611 0.217667 0.969032
vn -0.167053 0.058765 0.984195
vn -0.082479 -0.209970 0.974223
vn -0.087317 -0.281473 0.955588
vn 0.852187 -0.382567 -0.356960
vn 0.050429 0.008196 0.998694
vn 0.186993 -0.414350 0.890701
vn -0.689841 -0.110187 0.715527
vn -0.516350 0.021952 0.856096
vn -0.237192 0.069422 0.968979
vn -0.304071 -0.032044 0.952110
vn -0.148360 0.064947 0.986798
vn -0.028301 0.147656 0.988634
vn -0.121523 0.191603 0.973920
vn -0.120750 -0.216631 -0.968757
vn -0.747516 -0.135942 0.650184
vn 0.140392 -0.214517 -0.966578
vn -0.140485 0.185581 0.972535
vn 0.105525 0.339909 0.934519
vn 0.745655 0.126247 0.654264
vn -0.173206 -0.359526 -0.916919
vn -0.499269 -0.284520 -0.818400
vn -0.921849 -0.040900 -0.385384
vn 0.196050 -0.317018 -0.927935
vn 0.429290 -0.221703 -0.875533
vn 0.545839 -0.230486 -0.805566
vn -0.379353 -0.131925 0.915799
vn -0.159685 0.766600 0.621952
vn 0.045470 -0.116016 0.992206
vn 0.739628 0.137998 0.658716
vn 0.432017 -0.178995 0.883924
vn -0.351642 0.303799 0.885468
vn 0.416325 0.140426 0.898306
vn -0.859135 -0.085325 -0.504585
vn 0.731607 -0.681366 0.022171
vn 0.490305 -0.047727 0.870243
vn -0.393435 -0.349591 -0.850291
vn 0.633150 -0.376759 -0.676147
vn -0.585563 0.156677 -0.795341
vn -0.363325 -0.223211 0.904529
vn 0.015985 -0.259622 0.965578
vn -0.268595 0.455389 0.848810
vn -0.631125 0.382167 -0.675003
vn -0.370403 -0.335329 0.866231
vn 0.647616 -0.253255 0.718648
vn 0.071162 0.589440 0.804672
vn -0.650883 -0.256686 0.714467
vn -0.520069 0.579780 -0.627202
vn -0.227975 0.697544 -0.679309
vn -0.171111 0.430278 0.886330
vn 0.130841 -0.423520 0.896388
vn -0.511369 0.056442 0.857506
vn -0.789185 0.093232 0.607037
vn 0.561777 0.662591 0.495360
vn 0.828348 0.559959 -0.016897
vn -0.487482 0.760327 0.429259
vn 0.743743 -0.452121 0.492375
vn -0.582219 0.808612 0.084656
vn 0.212981 0.431936 -0.876396
vn 0.008733 0.794411 -0.607318
vn 0.665837 -0.744007 -0.055807
vn 0.182967 0.925950 -0.330363
vn -0.723034 0.200725 0.661008
vn -0.185016 0.918690 -0.348967
vn 0.057742 0.946751 -0.316747
vn -0.188862 0.023588 0.981720
vn 0.795445 0.569285 0.207803
vn -0.065438 -0.124273 0.990088
vn 0.213528 -0.155488 0.964484
vn -0.164000 0.029093 0.986031
vn 0.144548 0.000152 0.989498
vn -0.080520 0.194208 0.977650
vn 0.055186 0.134780 0.989338
vn -0.254130 -0.149297 0.955578
vn -0.031589 -0.155481 0.987334
vn -0.309242 0.012403 0.950902
vn -0.074339 0.008607 0.997196
vn 0.170938 -0.019199 0.985095
vn -0.278492 0.154967 0.947854
vn -0.180240 -0.392503 0.901917
vn -0.082325 0.158762 0.983879
vn 0.074543 0.130332 0.988664
vn -0.857507 0.035239 0.513264
vn -0.458437 0.610829 0.645541
vn -0.184178 -0.215538 0.958969
vn 0.896215 0.270001 0.351992
vn 0.105462 -0.220714 0.969620
vn -0.033997 -0.169934 0.984869
vn 0.221892 -0.199873 0.954366
vn -0.178217 -0.056417 0.982373
vn 0.158989 -0.084658 0.983644
vn 0.110407 0.984592 -0.135604
vn -0.171192 0.094547 0.980691
vn 0.664871 -0.157725 -0.730116
vn 0.118696 0.098294 0.988053
vn 0.699716 -0.069760 -0.711007
vn 0.347045 -0.007316 0.937820
vn -0.849449 0.525023 -0.052788
vn -0.303754 0.145798 0.941529
vn 0.130866 0.182721 0.974416
vn -0.103343 0.865876 0.489467
vn 0.134700 -0.161143 0.977696
vn -0.820732 -0.516811 -0.243526
vn -0.020047 -0.063280 0.997795
vn 0.730595 0.225159 -0.644619
vn 0.220196 -0.092925 0.971019
vn -0.859748 -0.339124 0.381876
vn -0.074556 0.093872 0.992789
vn 0.876707 -0.224535 0.425405
vn 0.173377 0.058062 0.983143
vn -0.073074 -0.110596 0.991175
vn -0.136536 0.047421 0.989500
vn 0.187959 0.034185 0.981582
vn 0.007916 -0.203068 0.979133
vn 0.836656 -0.067381 -0.543569
vn -0.158152 -0.133731 0.978317
vn 0.160206 -0.138924 0.977259
vn 0.329004 -0.148467 0.932584
vn -0.305186 -0.104423 0.946550
vn 0.091091 -0.141720 0.985707
vn 0.295900 -0.133544 0.945838
vn 0.120206 -0.274720 0.953981
vn 0.284054 -0.198692 0.937995
vn 0.456316 -0.180277 0.871364
vn -0.410439 -0.291991 0.863876
vn -0.452909 -0.268413 0.850193
vn 0.425567 -0.242212 0.871909
vn -0.544690 -0.257895 0.797999
vn -0.612559 -0.130439 0.779588
vn -0.506288 -0.191349 0.840867
vn 0.524859 -0.143449 0.839014
vn 0.501151 -0.209188 0.839695
vn -0.671984 -0.187876 0.716338
vn 0.649099 -0.078990 0.756592
vn -0.675305 -0.103163 0.730288
vn -0.711026 -0.237449 0.661861
vn 0.800282 -0.233937 0.552106
vn -0.767756 -0.227805 0.598878
vn 0.942075 -0.190162 0.276285
vn 0.440770 0.518229 0.732913
vn -0.645164 0.021837 0.763732
vn 0.992762 -0.002557 0.120070
vn 0.626278 -0.165147 0.761907
vn -0.952048 0.165470 0.257340
vn -0.996097 0.077998 0.041312
vn 0.991670 0.109036 -0.068570
vn -0.890589 0.356914 -0.281893
vn -0.923313 0.109413 -0.368132
vn 0.948600 0.052095 -0.312160
vn -0.933863 0.029583 -0.356405
vn 0.544931 -0.234891 0.804908
vn 0.903445 0.057515 -0.424828
vn -0.119128 -0.349489 0.929336
vn 0.868209 0.096224 -0.486779
vn -0.741282 0.155119 -0.653023
vn 0.759740 0.113644 -0.640218
vn -0.176739 -0.577333 0.797151
vn 0.134190 -0.494071 0.859004
vn 0.396902 -0.230103 0.888550
vn 0.445193 0.190141 -0.875014
vn 0.686278 0.119849 -0.717398
vn -0.425114 -0.564924 0.707205
vn -0.458266 0.072622 -0.885844
vn -0.517224 -0.654890 0.550998
vn -0.378918 -0.646490 0.662172
vn 0.660126 -0.130750 0.739688
vn -0.126641 0.054155 -0.990469
vn 0.504455 0.078826 -0.859832
vn -0.575737 0.003147 -0.817629
vn -0.254364 -0.067289 -0.964765
vn -0.878208 0.006767 -0.478231
vn 0.208654 -0.089127 -0.973920
vn 0.532047 -0.075363 -0.843354
vn -0.848800 -0.213520 -0.483682
vn -0.823979 -0.525644 0.211560
vn -0.637938 -0.131283 -0.758815
vn -0.467547 -0.128144 -0.874631
vn 0.052344 -0.304516 0.951068
vn 0.852107 0.037664 0.522011
vn -0.403479 -0.175531 -0.897994
vn 0.657274 -0.139880 -0.740557
vn -0.237442 0.022723 0.971136
vn -0.035479 -0.146244 0.988612
vn 0.179658 -0.156530 0.971196
vn -0.953723 -0.289076 0.082755
vn -0.834548 -0.504156 -0.222163
vn -0.326344 0.712353 -0.621332
vn -0.756701 -0.180810 -0.628260
vn -0.316105 -0.373205 0.872236
vn 0.761992 -0.156688 -0.628345
vn 0.105022 0.049398 0.993242
vn 0.942172 0.126452 0.310357
vn 0.832154 -0.189300 -0.521234
vn -0.825823 0.018306 -0.563632
vn 0.931299 -0.237822 -0.275904
vn 0.043748 -0.370334 0.927868
vn -0.621633 0.474651 -0.623120
vn -0.730663 0.174310 -0.660112
vn 0.681297 0.689246 -0.246525
vn -0.065179 -0.393498 0.917012
vn -0.830479 -0.104131 -0.547230
vn -0.490976 0.608814 -0.623128
vn 0.071088 -0.239830 0.968209
vn 0.955046 -0.292289 -0.049533
vn 0.726151 -0.073657 -0.683578
vn 0.057322 -0.427019 0.902424
vn 0.495079 -0.311487 0.811093
vn -0.091340 0.752695 -0.652003
vn 0.154949 0.745489 -0.648257
vn 0.264872 0.798429 -0.540698
vn -0.141140 -0.133777 0.980909
vn -0.466717 -0.399231 0.789170
vn -0.594979 -0.304902 0.743663
vn -0.375918 -0.381471 0.844492
vn 0.935866 -0.333232 0.114508
vn -0.691459 -0.166034 0.703077
vn 0.769607 -0.051135 0.636466
vn -0.330179 0.009299 0.943872
vn -0.292778 -0.051834 0.954774
vn -0.721872 -0.225741 0.654173
vn 0.938955 -0.218204 0.265989
vn -0.715600 0.167202 0.678204
vn -0.349302 0.191934 0.917142
vn 0.936319 0.086070 0.340438
vn 0.224303 0.974219 0.024206
vn -0.654368 0.460499 0.599786
vn 0.723985 0.281477 0.629775
vn -0.759088 0.319693 0.567082
vn -0.370119 0.565719 0.736868
vn -0.914239 0.389844 0.110399
vn -0.825879 0.563826 0.004971
vn 0.779672 0.471133 0.412487
vn -0.128454 0.847530 0.514968
vn -0.731830 0.678199 -0.066858
vn 0.443610 0.882519 0.156111
vn -0.412678 0.897600 -0.154953
vn -0.188205 0.969647 -0.156088
vn 0.049132 0.998472 -0.025292
vn 0.333813 0.934875 0.120737
vn -0.144213 -0.346752 0.926804
vn 0.246679 -0.344980 0.905615
vn -0.179285 -0.237668 0.954657
vn 0.012763 -0.296392 0.954981
vn 0.359743 -0.314154 0.878574
vn 0.226634 -0.247043 0.942129
vn -0.742470 -0.266098 0.614760
vn 0.776807 -0.242158 0.581319
vn -0.836330 -0.084490 -0.541677
vn 0.537713 -0.436281 0.721473
vn 0.934145 -0.151430 0.323175
vn -0.997144 -0.074531 -0.012169
vn 0.999139 -0.019974 -0.036370
vn -0.862370 0.105604 -0.495142
vn -0.982151 -0.006156 -0.187995
vn 0.859819 0.035025 -0.509396
vn 0.528672 -0.340912 0.777358
vn -0.771789 0.044883 -0.634293
vn -0.962948 -0.059581 -0.263022
vn 0.737995 -0.007923 -0.674760
vn -0.296729 -0.760273 0.577873
vn -0.286162 -0.602680 0.744908
vn 0.049424 -0.608338 0.792137
vn 0.895627 -0.151493 -0.418212
vn 0.724940 -0.252814 0.640739
vn -0.788633 0.034624 -0.613888
vn 0.678433 -0.029638 -0.734064
vn -0.896656 -0.020557 -0.442251
vn -0.743216 -0.668580 0.025130
vn 0.898981 -0.140893 0.414708
vn -0.859750 -0.083419 -0.503857
vn 0.669414 -0.057973 -0.740624
vn 0.680088 -0.005062 -0.733113
vn 0.978565 0.012669 0.205547
vn -0.818219 -0.171254 -0.548807
vn 0.985229 0.106317 0.134238
vn 0.674049 0.004476 -0.738673
vn -0.652432 0.396560 -0.645811
vn 0.728517 0.683019 0.052423
vn 0.974778 0.182325 -0.128705
vn -0.922216 -0.092599 -0.375423
vn 0.944236 0.110328 -0.310236
vn -0.402640 0.730545 -0.551529
vn -0.263905 0.763354 -0.589615
vn 0.322052 0.694064 -0.643861
vn 0.944885 -0.114401 0.306765
vn -0.597355 -0.005919 0.801955
vn 0.056307 -0.318598 0.946216
vn 0.358751 -0.374311 0.855096
vn -0.849373 -0.271788 0.452435
vn -0.187481 -0.807497 0.559285
vn 0.019878 0.564986 0.824861
vn -0.903647 0.262897 0.338093
vn -0.805487 0.543764 0.235610
vn 0.596898 0.604125 0.527963
vn 0.370628 0.812360 0.450230
vn 0.408096 0.725121 0.554669
vn -0.521852 0.822622 0.225752
vn -0.163910 -0.345857 0.923859
vn 0.138336 -0.379379 0.914841
vn 0.427217 -0.327312 0.842824
vn -0.566217 -0.392326 0.724899
vn -0.235548 -0.500161 0.833281
vn 0.179733 -0.512002 0.839970
vn -0.777384 -0.369799 0.508844
vn 0.913195 -0.016499 0.407189
vn -0.900355 0.008232 0.435078
vn 0.986160 -0.054640 -0.156536
vn 0.949273 -0.084498 -0.302887
vn 0.502421 -0.493321 0.710076
vn 0.802197 -0.110012 -0.586837
vn -0.850348 -0.060006 -0.522789
vn -0.661771 -0.713482 0.230221
vn 0.786333 -0.233295 -0.572061
vn -0.719223 -0.693808 0.036724
vn 0.787057 -0.324729 0.524492
vn 0.483551 -0.112355 -0.868075
vn -0.885591 -0.204376 -0.417083
vn -0.863046 0.144235 -0.484094
vn 0.786443 -0.025970 -0.617116
vn -0.759824 0.467327 -0.451967
vn -0.411554 0.791894 -0.451140
vn 0.641021 0.565482 -0.518963
vn -0.975452 0.047762 -0.214971
vn -0.097322 0.738785 -0.666878
vn 0.818984 -0.147388 0.554564
vn 0.755409 0.125939 0.643037
vn 0.509085 0.265482 0.818750
vn 0.361801 0.704291 0.610798
vn -0.034900 -0.510175 0.859362
vn 0.211642 -0.550207 0.807762
vn -0.435697 -0.376693 0.817478
vn -0.148860 -0.361380 0.920459
vn 0.211619 -0.371133 0.904145
vn -0.566608 -0.169834 0.806295
vn 0.526285 -0.178299 0.831405
vn 0.646130 -0.703441 0.296120
vn -0.638600 -0.170269 0.750466
vn -0.693431 -0.321366 0.644885
vn 0.845353 -0.197763 0.496253
vn -0.180423 0.980101 0.082764
vn 0.940358 -0.164256 0.297904
vn -0.963975 -0.164011 0.209408
vn -0.982254 -0.167032 0.085308
vn 0.939493 -0.192235 0.283547
vn -0.980522 -0.152946 -0.123221
vn 0.952998 -0.285104 -0.102523
vn -0.976038 -0.145673 -0.161646
vn 0.876775 -0.246754 -0.412768
vn 0.918127 -0.341514 -0.201023
vn 0.792933 -0.448182 -0.412783
vn -0.339497 -0.840162 0.422929
vn -0.101297 -0.838451 0.535480
vn 0.282299 -0.745817 0.603378
vn -0.951626 -0.170775 -0.255428
vn -0.872538 -0.231109 -0.430426
vn 0.612723 -0.298646 -0.731698
vn -0.691236 -0.143216 -0.708295
vn -0.733658 -0.675329 0.075345
vn 0.927813 -0.150336 0.341411
vn 0.568970 -0.396226 -0.720610
vn -0.802246 -0.122457 -0.584300
vn -0.866661 -0.498713 -0.013575
vn -0.603599 -0.506268 0.615922
vn 0.434175 -0.178034 -0.883061
vn 0.623561 -0.342970 -0.702527
vn -0.315389 -0.110601 -0.942495
vn -0.997442 -0.030188 -0.064787
vn 0.953956 -0.181746 -0.238612
vn -0.695197 -0.095951 -0.712386
vn 0.315018 0.179419 -0.931972
vn 0.182539 0.089865 -0.979083
vn 0.539416 -0.014357 -0.841917
vn -0.629463 0.734612 -0.253221
vn -0.601503 -0.063324 -0.796357
vn 0.330165 0.107498 -0.937782
vn 0.391423 0.258373 -0.883194
vn 0.702070 0.073648 -0.708289
vn -0.552747 0.113262 -0.825616
vn 0.222879 0.240235 0.944782
vn 0.126921 0.300458 -0.945313
vn -0.396225 0.834820 -0.382206
vn 0.795805 0.417129 -0.438974
vn 0.641554 0.764616 0.061408
vn -0.496106 0.867620 -0.033375
vn -0.443676 0.892963 -0.075948
vn -0.526366 0.388603 -0.756258
vn -0.756292 0.377730 -0.534175
vn -0.465588 0.862458 -0.198480
vn -0.416062 0.901337 -0.120352
vn 0.210832 0.937764 -0.275949
vn 0.513870 0.649821 -0.560063
vn -0.981214 0.141051 0.131622
vn 0.540391 0.247121 0.804306
vn -0.138667 0.983198 -0.118711
vn -0.845214 -0.052866 0.531807
vn 0.548999 0.168562 0.818650
vn -0.790337 0.257069 0.556133
vn 0.453049 0.291275 0.842559
vn 0.448037 0.461974 0.765403
vn 0.389174 0.387396 0.835744
vn -0.561872 0.384975 0.732185
vn 0.424329 0.568719 0.704630
vn 0.200213 0.563564 0.801443
vn 0.184958 0.783544 0.593168
vn 0.262090 -0.272094 0.925891
vn 0.186095 -0.222000 0.957123
vn 0.270782 -0.267323 0.924779
vn 0.555942 -0.325242 0.764948
vn -0.723859 -0.323521 0.609395
vn 0.762507 -0.252959 0.595479
vn -0.848785 -0.264625 0.457752
vn 0.802520 -0.390215 0.451324
vn 0.858187 -0.337961 0.386390
vn -0.942186 -0.252295 0.220530
vn 0.777011 -0.628614 -0.033123
vn 0.756409 -0.569746 -0.321300
vn -0.394374 -0.835907 0.381744
vn -0.333926 -0.829484 0.447716
vn -0.035712 -0.460278 0.887056
vn 0.773612 -0.419465 -0.474946
vn 0.722695 -0.624313 -0.296554
vn -0.663876 -0.691036 0.285899
vn 0.566335 -0.184474 0.803265
vn 0.860147 -0.270278 0.432546
vn -0.851181 -0.386832 -0.354755
vn 0.630356 -0.496437 -0.596827
vn -0.649387 -0.282045 -0.706221
vn -0.706031 -0.487211 -0.513951
vn 0.694464 -0.144723 -0.704823
vn 0.592757 0.149757 -0.791335
vn 0.629301 0.366699 -0.685210
vn 0.165754 0.312461 -0.935357
vn 0.401753 0.255942 -0.879254
vn -0.456507 0.816310 0.353892
vn -0.420535 0.868569 0.262178
vn 0.575151 0.418601 0.702833
vn -0.571380 0.678706 -0.461392
vn 0.347582 0.303181 -0.887281
vn -0.482384 0.825072 0.294215
vn -0.444564 0.571713 -0.689570
vn -0.120952 -0.603642 0.788027
vn -0.333014 0.353253 -0.874251
vn 0.132295 0.298506 -0.945194
vn -0.341889 0.892289 0.294843
vn -0.799688 0.093231 0.593133
vn 0.384219 0.231895 0.893644
vn -0.038719 0.400859 -0.915321
vn 0.348164 0.275575 0.896014
vn 0.750139 0.467759 -0.467432
vn -0.110048 0.483300 0.868511
vn 0.102416 0.232405 0.967212
vn -0.276973 -0.372481 0.885745
vn -0.148113 -0.409814 0.900064
vn -0.472362 -0.359971 0.804547
vn 0.288066 -0.404386 0.868038
vn 0.668316 -0.303949 0.678947
vn -0.547879 -0.385523 0.742429
vn 0.669147 -0.384816 0.635736
vn 0.888045 -0.381057 0.257238
vn -0.531635 -0.763271 0.367127
vn -0.931939 -0.282795 0.226973
vn -0.201990 -0.866122 0.457200
vn 0.083245 -0.857821 0.507162
vn 0.654435 -0.569525 -0.497348
vn 0.656866 -0.741446 -0.137056
vn -0.220922 0.470658 -0.854210
vn -0.897306 -0.400386 0.185831
vn -0.945135 0.061963 0.320749
vn 0.102135 -0.747613 -0.656234
vn -0.677856 -0.647133 -0.348897
vn 0.700529 0.513044 0.496030
vn -0.335775 0.752033 0.567187
vn 0.141474 0.264374 0.953987
vn -0.317528 0.734211 0.600092
vn 0.615013 0.268629 -0.741348
vn 0.685535 0.495344 0.533550
vn -0.419225 0.895723 0.148090
vn 0.087954 0.721893 -0.686393
vn -0.127640 0.513577 -0.848496
vn -0.203590 0.570984 -0.795317
vn -0.408843 0.691440 -0.595616
vn 0.308313 0.302038 0.902062
vn 0.664186 0.619746 0.418058
vn 0.236898 0.296649 0.925137
vn -0.760725 0.401160 -0.510263
vn -0.719308 0.690125 0.079518
vn -0.571424 0.365258 -0.734888
vn 0.524408 0.301283 -0.796382
vn 0.648837 0.332107 -0.684628
vn -0.550812 0.769860 0.322368
vn 0.418587 0.712108 0.563638
vn 0.265166 0.210593 0.940924
vn -0.418851 0.608953 -0.673602
vn -0.758293 0.433313 -0.487064
vn 0.455618 0.514995 -0.726080
vn 0.038925 0.621587 -0.782378
vn -0.053612 0.392203 0.918315
vn -0.209370 -0.482810 0.850329
vn 0.131917 -0.451732 0.882347
vn 0.427491 -0.404814 0.808318
vn -0.394831 -0.493853 0.774737
vn 0.423872 -0.441952 0.790576
vn -0.506252 -0.444115 0.739237
vn 0.470941 -0.463986 0.750287
vn -0.665958 -0.425155 0.612979
vn 0.676365 -0.425713 0.601082
vn -0.809691 -0.301251 0.503634
vn 0.660767 -0.522264 0.539098
vn -0.796610 -0.446103 0.407928
vn 0.758742 -0.609847 0.228906
vn 0.628490 -0.650558 0.426350
vn 0.683444 -0.708542 0.175707
vn 0.635279 -0.770573 0.051362
vn -0.511525 -0.694819 0.505539
vn -0.402379 -0.816214 0.414592
vn 0.932093 0.360989 0.029832
vn 0.176040 -0.830035 0.529199
vn -0.230285 -0.623027 0.747533
vn 0.601405 -0.791631 0.107854
vn -0.628626 -0.608033 0.484898
vn 0.777183 -0.602627 -0.181187
vn -0.648568 -0.604241 0.462874
vn -0.640158 -0.290350 0.711263
vn 0.773040 -0.464892 0.431607
vn -0.688188 -0.689070 -0.227112
vn -0.745579 -0.657883 -0.106312
vn 0.783288 -0.529962 -0.324963
vn -0.482155 -0.849924 -0.212497
vn 0.798233 -0.413023 -0.438448
vn 0.803915 -0.551799 -0.221899
vn -0.597883 0.184565 0.780046
vn 0.995782 0.090287 -0.016300
vn 0.604795 0.584919 0.540456
vn 0.746588 -0.186819 -0.638518
vn -0.519105 0.557338 0.648001
vn 0.672589 0.643808 0.364878
vn -0.812487 0.531798 0.238862
vn -0.405343 0.747944 0.525620
vn 0.885957 0.452017 0.103739
vn -0.385819 0.824230 0.414474
vn 0.816507 0.496232 -0.295076
vn -0.896769 0.402288 -0.184310
vn -0.209959 0.757155 -0.618574
vn -0.287565 0.820920 -0.493353
vn -0.194031 0.672153 -0.714536
vn -0.176765 0.653089 -0.736362
vn 0.612815 0.635259 -0.470003
vn 0.719321 0.636693 -0.277848
vn -0.294539 0.776014 -0.557718
vn -0.160116 0.713531 -0.682083
vn 0.049959 0.821461 -0.568073
vn -0.842494 0.521596 -0.134690
vn 0.667467 0.672627 -0.319471
vn -0.647492 0.679660 -0.344698
vn -0.448581 0.878745 -0.163041
vn 0.468719 0.845588 -0.255505
vn 0.093021 -0.542546 0.834860
vn 0.792331 -0.094393 0.602746
vn -0.198332 -0.503008 0.841217
vn -0.541497 -0.410615 0.733604
vn 0.561824 -0.409118 0.719011
vn -0.620062 -0.265346 0.738319
vn -0.663220 -0.563644 0.492386
vn -0.343381 -0.774050 0.531917
vn -0.760568 -0.605617 0.234018
vn 0.480364 -0.763937 0.430872
vn -0.686823 -0.673426 0.273446
vn -0.674510 -0.723496 0.146932
vn 0.667090 -0.624250 0.406575
vn -0.510973 -0.851658 0.116554
vn -0.478574 0.506202 0.717445
vn -0.335456 0.619186 0.709984
vn 0.957415 0.261905 0.121500
vn 0.059674 -0.198537 0.978275
vn -0.501851 0.523565 0.688495
vn -0.611992 0.469453 0.636458
vn 0.885066 0.447386 -0.128468
vn -0.735441 0.623926 0.264280
vn 0.970920 0.239088 -0.012323
vn 0.737151 0.675383 -0.021570
vn -0.384380 0.882012 -0.272592
vn 0.850418 0.498619 -0.167834
vn -0.918068 0.383905 0.098835
vn -0.454646 0.873535 -0.173875
vn 0.633350 0.769224 0.084634
vn -0.379634 0.895552 -0.232088
vn 0.115446 0.787692 -0.605156
vn 0.517876 0.845102 -0.132690
vn 0.414484 0.696244 -0.586044
vn 0.415809 0.892236 0.176118
vn 0.101202 0.969695 -0.222372
vn 0.278074 -0.446907 0.850264
vn -0.241546 -0.361799 0.900421
vn 0.097325 -0.335411 0.937031
vn 0.419277 -0.404625 0.812703
vn -0.256228 0.275346 0.926570
vn -0.359459 -0.261746 0.895700
vn 0.920256 -0.376193 -0.107735
vn 0.128565 -0.244868 0.960995
vn 0.300053 -0.355278 0.885294
vn 0.474617 -0.464659 0.747550
vn 0.322823 -0.525381 0.787249
vn -0.364133 -0.501923 0.784526
vn 0.498511 -0.718417 0.485143
vn 0.396216 -0.614134 0.682534
vn -0.231526 -0.602679 0.763658
vn 0.101413 -0.706172 0.700740
vn -0.551357 -0.625013 0.552597
vn 0.514907 -0.794592 0.321705
vn -0.477444 -0.565575 0.672437
vn 0.469359 -0.573402 0.671500
vn 0.670395 -0.737156 0.084688
vn 0.621578 -0.440050 0.648071
vn -0.684804 -0.698991 0.206048
vn -0.520237 0.167216 0.837492
vn -0.038017 -0.729285 0.683153
vn 0.493391 0.587478 0.641431
vn -0.083335 0.247270 0.965356
vn 0.820669 -0.563304 -0.095872
vn -0.773639 0.364619 0.518204
vn -0.294032 0.503947 0.812147
vn 0.890890 0.170076 0.421177
vn -0.912555 0.395700 0.103271
vn -0.554685 0.831110 -0.039756
vn -0.771285 0.611171 0.177735
vn -0.332280 0.849069 -0.410697
vn 0.767277 0.505860 -0.394197
vn -0.451176 0.854194 0.258443
vn -0.514768 -0.432044 0.740508
vn -0.007543 0.984835 0.173332
vn -0.043989 0.140561 0.989094
vn -0.090642 -0.196709 0.976263
vn -0.097277 -0.162359 0.981925
vn 0.006116 -0.143469 0.989636
vn 0.067952 -0.262643 0.962497
vn -0.026779 -0.096570 0.994966
vn -0.191895 -0.177519 0.965227
vn -0.012627 -0.422387 0.906327
vn 0.206564 -0.615382 0.760681
vn -0.051691 -0.534152 0.843807
vn 0.031354 -0.423030 0.905573
vn 0.234117 -0.188029 0.953852
vn 0.049218 -0.012096 0.998715
vn -0.386205 -0.035472 0.921731
vn 0.248379 -0.729196 0.637637
vn -0.427819 -0.667689 0.609231
vn 0.437092 -0.066177 0.896979
vn 0.388407 -0.747921 0.538288
vn -0.326782 -0.089295 0.940872
vn 0.945956 0.082245 0.313692
vn 0.008827 -0.286837 0.957939
vn -0.509798 -0.686038 0.519093
vn -0.635721 -0.030333 0.771323
vn 0.533394 -0.702351 0.471374
vn -0.157716 0.113016 0.980996
vn -0.567501 -0.711733 0.413980
vn 0.657371 0.166379 0.734970
vn 0.740048 -0.588978 0.324706
vn -0.558650 -0.638413 0.529471
vn 0.746798 -0.117205 0.654642
vn 0.912302 -0.336068 0.234016
vn -0.415609 -0.022649 0.909261
vn -0.635747 -0.077065 0.768041
vn 0.858810 -0.048409 0.510002
vn 0.894930 -0.143473 0.422511
vn -0.872669 0.189175 0.450179
vn -0.889087 0.336982 0.309785
vn 0.962789 0.234723 0.133952
vn -0.889869 0.284313 0.356790
vn -0.883511 0.366659 0.291494
vn 0.970347 0.130484 0.203471
vn -0.879781 0.360253 0.310166
vn -0.830368 0.375297 0.411876
vn -0.061746 -0.064023 0.996036
vn -0.663519 0.731061 0.159034
vn 0.908058 0.401423 0.119543
vn -0.733700 0.569949 0.369922
vn -0.511836 0.857122 0.058008
vn -0.511843 0.734687 0.445256
vn -0.442087 0.892712 0.087316
vn 0.541697 0.822535 0.173206
vn -0.267337 0.865308 0.423997
vn 0.061623 0.908856 0.412534
vn 0.273571 -0.319903 0.907095
vn -0.315124 -0.342275 0.885181
vn 0.035422 -0.576047 0.816649
vn 0.069180 -0.546658 0.834494
vn -0.593464 -0.228922 0.771619
vn 0.430928 -0.644048 0.632063
vn -0.727848 -0.057713 0.683305
vn -0.857349 0.106298 0.503640
vn -0.852729 0.188863 0.487016
vn 0.647148 0.727773 0.227039
vn -0.654125 0.684524 0.321787
vn 0.081009 -0.267586 0.960123
vn 0.680312 0.604863 0.413904
vn -0.463400 0.712813 0.526458
vn -0.098090 -0.553934 0.826762
vn -0.003129 -0.604518 0.796585
vn 0.219359 -0.664329 0.714527
vn 0.129183 -0.504766 0.853536
vn -0.445470 -0.330969 0.831875
vn -0.209379 -0.464246 0.860602
vn -0.335894 -0.645737 0.685710
vn -0.316689 -0.675845 0.665538
vn -0.084752 -0.566353 0.819793
vn 0.414886 -0.319632 0.851883
vn 0.621459 -0.294928 0.725814
vn -0.636138 -0.215309 0.740925
vn 0.388465 -0.723250 0.570968
vn 0.671420 -0.437426 0.598209
vn 0.508405 -0.550960 0.661791
vn -0.540423 -0.648595 0.535974
vn 0.677047 -0.188223 0.711463
vn -0.722305 -0.373857 0.581813
vn -0.449987 -0.619389 0.643326
vn 0.799280 -0.083682 0.595104
vn -0.800288 0.057121 0.596889
vn -0.800117 0.011446 0.599735
vn 0.805478 -0.063049 0.589263
vn -0.811481 0.190550 0.552439
vn 0.739975 0.253112 0.623195
vn -0.739068 0.335691 0.584030
vn 0.848706 0.102165 0.518903
vn 0.677050 -0.133897 0.723654
vn 0.762413 0.141581 0.631412
vn -0.823581 0.382630 0.418698
vn 0.686209 0.488028 0.539394
vn 0.538658 0.706210 0.459472
vn 0.794015 0.259362 0.549792
vn 0.600981 0.528873 0.599263
vn -0.573810 0.592052 0.565877
vn 0.482487 0.786854 0.384795
vn 0.289528 0.822985 0.488743
vn -0.092119 0.804733 0.586446
vn -0.474325 0.817094 0.327680
vn -0.312745 0.888124 0.336789
vn 0.242277 -0.442818 0.863258
vn -0.333205 -0.461157 0.822380
vn -0.068820 -0.586999 0.806657
vn 0.266070 -0.640472 0.720418
vn -0.067307 -0.552456 0.830820
vn -0.367594 -0.430177 0.824513
vn 0.377375 -0.443327 0.813050
vn -0.227822 -0.539651 0.810478
vn 0.074887 -0.515698 0.853491
vn 0.432262 -0.346215 0.832637
vn -0.630364 -0.256177 0.732812
vn -0.575447 -0.178153 0.798200
vn -0.624180 -0.121297 0.771807
vn 0.559142 -0.227849 0.797148
vn 0.557351 0.212433 0.802641
vn -0.571166 0.540819 0.617482
vn 0.596697 0.304393 0.742495
vn -0.178723 0.602767 0.777644
vn 0.226304 0.576643 0.785028
vn 0.384144 0.713718 0.585696
vn -0.330124 0.692954 0.640963
vn 0.333528 0.553419 0.763208
vn 0.323268 -0.241943 0.914856
vn 0.391829 -0.162317 0.905606
vn -0.533889 0.078368 0.841915
vn -0.003521 0.657261 0.753655
vn -0.374726 -0.170316 0.911358
vn 0.265204 -0.355569 0.896235
vn 0.103637 -0.121472 0.987170
vn 0.317466 0.191415 0.928750
vn -0.028421 0.309308 0.950537
vn -0.166487 0.181517 0.969192
vn 0.125438 0.043310 0.991156
usemtl bark
f 2//2 4//4 5//5
f 1//1 4//4 2//2
f 5//5 4//4 6//6
f 4//4 7//7 6//6
f 1//1 8//8 12//12
f 13//13 1//1 12//12
f 4//4 1//1 14//14
f 1//1 13//13 14//14
f 7//7 4//4 15//15
f 4//4 14//14 15//15
f 9//9 7//7 16//16
f 7//7 15//15 16//16
f 10//10 9//9 17//17
f 9//9 16//16 17//17
f 17//17 11//11 10//10
f 14//14 13//13 20//20
f 13//13 19//19 20//20
f 15//15 14//14 21//21
f 14//14 20//20 21//21
f 15//15 21//21 16//16
f 17//17 16//16 23//23
f 19//19 24//24 20//20
f 16//16 21//21 25//25
f 16//16 25//25 23//23
f 20//20 24//24 26//26
f 21//21 20//20 27//27
f 20//20 26//26 27//27
f 29//29 25//25 27//27
f 25//25 21//21 27//27
f 26//26 24//24 31//31
f 24//24 30//30 31//31
f 27//27 31//31 32//32
f 27//27 26//26 31//31
f 31//31 30//30 33//33
f 36//36 35//35 34//34
f 36//36 34//34 38//38
f 37//37 36//36 39//39
f 36//36 38//38 39//39
f 37//37 39//39 40//40
f 34//34 46//46 45//45
f 1//1 2//2 38//38
f 1//1 38//38 45//45
f 45//45 38//38 34//34
f 39//39 38//38 2//2
f 5//5 39//39 2//2
f 6//6 39//39 5//5
f 40//40 39//39 6//6
f 6//6 7//7 43//43
f 6//6 43//43 40//40
f 43//43 11//11 48//48
f 46//46 50//50 45//45
f 8//8 1//1 45//45
f 7//7 9//9 43//43
f 10//10 43//43 9//9
f 11//11 43//43 10//10
f 45//45 54//54 53//53
f 50//50 54//54 45//45
f 12//12 8//8 45//45
f 12//12 45//45 53//53
f 13//13 12//12 53//53
f 11//11 17//17 55//55
f 52//52 11//11 55//55
f 54//54 56//56 53//53
f 56//56 13//13 53//53
f 17//17 23//23 57//57
f 55//55 17//17 57//57
f 19//19 13//13 56//56
f 23//23 25//25 57//57
f 24//24 19//19 56//56
f 59//59 24//24 56//56
f 29//29 27//27 62//62
f 25//25 29//29 62//62
f 25//25 62//62 57//57
f 64//64 57//57 62//62
f 30//30 24//24 59//59
f 65//65 30//30 59//59
f 27//27 32//32 66//66
f 27//27 66//66 62//62
f 30//30 65//65 69//69
f 31//31 33//33 66//66
f 32//32 31//31 66//66
f 67//67 62//62 66//66
f 69//69 33//33 30//30
f 69//69 70//70 33//33
f 70//70 71//71 33//33
f 33//33 71//71 66//66
f 74//74 73//73 72//72
f 74//74 35//35 75//75
f 72//72 35//35 74//74
f 35//35 36//36 75//75
f 75//75 37//37 76//76
f 36//36 37//37 75//75
f 73//73 35//35 72//72
f 76//76 37//37 77//77
f 37//37 78//78 77//77
f 73//73 80//80 46//46
f 34//34 35//35 46//46
f 46//46 35//35 73//73
f 78//78 37//37 40//40
f 77//77 78//78 40//40
f 77//77 40//40 82//82
f 82//82 40//40 43//43
f 43//43 83//83 82//82
f 46//46 84//84 50//50
f 80//80 84//84 46//46
f 83//83 43//43 48//48
f 52//52 48//48 11//11
f 52//52 86//86 48//48
f 86//86 83//83 48//48
f 50//50 84//84 54//54
f 84//84 87//87 54//54
f 52//52 55//55 86//86
f 55//55 88//88 86//86
f 87//87 89//89 54//54
f 54//54 89//89 56//56
f 55//55 57//57 90//90
f 90//90 91//91 55//55
f 91//91 88//88 55//55
f 56//56 93//93 59//59
f 56//56 89//89 93//93
f 91//91 90//90 57//57
f 93//93 94//94 59//59
f 64//64 95//95 57//57
f 95//95 91//91 57//57
f 59//59 94//94 65//65
f 95//95 67//67 96//96
f 64//64 67//67 95//95
f 64//64 62//62 67//67
f 65//65 97//97 69//69
f 65//65 94//94 97//97
f 67//67 99//99 96//96
f 69//69 97//97 100//100
f 69//69 100//100 70//70
f 101//101 71//71 100//100
f 100//100 71//71 70//70
f 71//71 102//102 66//66
f 66//66 103//103 67//67
f 66//66 102//102 103//103
f 67//67 103//103 99//99
f 71//71 101//101 102//102
f 105//105 107//107 106//106
f 107//107 109//109 106//106
f 114//114 113//113 112//112
f 112//112 116//116 114//114
f 113//113 118//118 112//112
f 116//116 112//112 74//74
f 117//117 116//116 75//75
f 116//116 74//74 75//75
f 112//112 118//118 121//121
f 112//112 121//121 73//73
f 73//73 74//74 112//112
f 122//122 75//75 76//76
f 76//76 77//77 122//122
f 121//121 126//126 73//73
f 126//126 80//80 73//73
f 77//77 82//82 123//123
f 123//123 82//82 128//128
f 83//83 128//128 82//82
f 124//124 132//132 130//130
f 130//130 125//125 124//124
f 134//134 125//125 130//130
f 84//84 80//80 126//126
f 135//135 84//84 126//126
f 136//136 83//83 86//86
f 93//93 89//89 94//94
f 120//120 91//91 95//95
f 100//100 97//97 137//137
f 102//102 138//138 103//103
f 101//101 100//100 139//139
f 143//143 141//141 140//140
f 143//143 144//144 145//145
f 140//140 144//144 143//143
f 145//145 148//148 146//146
f 141//141 150//150 140//140
f 144//144 148//148 145//145
f 140//140 152//152 151//151
f 150//150 152//152 140//140
f 144//144 140//140 153//153
f 140//140 151//151 153//153
f 144//144 153//153 154//154
f 154//154 148//148 144//144
f 151//151 152//152 155//155
f 152//152 157//157 155//155
f 153//153 151//151 158//158
f 151//151 155//155 158//158
f 154//154 153//153 158//158
f 158//158 156//156 154//154
f 155//155 160//160 159//159
f 157//157 160//160 155//155
f 158//158 155//155 161//161
f 155//155 159//159 161//161
f 163//163 158//158 161//161
f 158//158 163//163 156//156
f 159//159 164//164 161//161
f 161//161 164//164 166//166
f 164//164 168//168 167//167
f 166//166 164//164 169//169
f 164//164 167//167 169//169
f 166//166 169//169 170//170
f 168//168 171//171 167//167
f 171//171 172//172 167//167
f 167//167 172//172 175//175
f 172//172 171//171 175//175
f 169//169 167//167 178//178
f 167//167 175//175 178//178
f 170//170 169//169 173//173
f 169//169 178//178 173//173
f 171//171 179//179 104//104
f 104//104 175//175 171//171
f 104//104 180//180 175//175
f 175//175 180//180 178//178
f 173//173 178//178 181//181
f 178//178 180//180 181//181
f 183//183 173//173 181//181
f 179//179 186//186 104//104
f 180//180 104//104 187//187
f 180//180 187//187 181//181
f 189//189 183//183 181//181
f 104//104 186//186 190//190
f 104//104 190//190 191//191
f 104//104 191//191 187//187
f 181//181 187//187 192//192
f 192//192 189//189 181//181
f 194//194 193//193 186//186
f 193//193 190//190 186//186
f 191//191 190//190 193//193
f 187//187 191//191 195//195
f 191//191 193//193 195//195
f 192//192 187//187 196//196
f 187//187 195//195 196//196
f 193//193 194//194 197//197
f 195//195 193//193 198//198
f 193//193 197//197 198//198
f 195//195 198//198 196//196
f 197//197 200//200 199//199
f 198//198 197//197 201//201
f 197//197 199//199 201//201
f 199//199 200//200 202//202
f 205//205 202//202 200//200
f 199//199 202//202 207//207
f 201//201 199//199 211//211
f 199//199 207//207 211//211
f 203//203 201//201 204//204
f 201//201 211//211 204//204
f 202//202 205//205 214//214
f 205//205 213//213 214//214
f 207//207 202//202 85//85
f 202//202 214//214 85//85
f 211//211 207//207 215//215
f 207//207 85//85 215//215
f 204//204 211//211 216//216
f 211//211 215//215 216//216
f 218//218 204//204 216//216
f 213//213 219//219 214//214
f 221//221 218//218 216//216
f 214//214 219//219 222//222
f 85//85 214//214 223//223
f 214//214 222//222 223//223
f 215//215 85//85 225//225
f 85//85 223//223 225//225
f 216//216 215//215 221//221
f 215//215 225//225 221//221
f 227//227 226//226 219//219
f 226//226 222//222 219//219
f 223//223 222//222 226//226
f 225//225 223//223 228//228
f 223//223 226//226 228//228
f 221//221 225//225 229//229
f 225//225 228//228 229//229
f 226//226 227//227 231//231
f 232//232 229//229 228//228
f 227//227 233//233 231//231
f 228//228 226//226 234//234
f 226//226 231//231 234//234
f 234//234 232//232 228//228
f 231//231 233//233 235//235
f 234//234 231//231 236//236
f 231//231 235//235 236//236
f 234//234 236//236 237//237
f 237//237 232//232 234//234
f 238//238 235//235 233//233
f 236//236 235//235 242//242
f 235//235 240//240 242//242
f 236//236 242//242 237//237
f 235//235 238//238 105//105
f 238//238 244//244 105//105
f 105//105 240//240 235//235
f 105//105 106//106 240//240
f 240//240 106//106 242//242
f 237//237 242//242 245//245
f 242//242 106//106 245//245
f 246//246 237//237 245//245
f 105//105 244//244 107//107
f 244//244 247//247 107//107
f 106//106 109//109 245//245
f 245//245 109//109 248//248
f 248//248 246//246 245//245
f 250//250 246//246 248//248
f 107//107 247//247 251//251
f 251//251 247//247 253//253
f 247//247 252//252 253//253
f 107//107 251//251 253//253
f 109//109 107//107 254//254
f 107//107 253//253 254//254
f 248//248 109//109 255//255
f 109//109 254//254 255//255
f 257//257 256//256 252//252
f 256//256 253//253 252//252
f 254//254 253//253 258//258
f 253//253 256//256 258//258
f 255//255 254//254 258//258
f 259//259 255//255 258//258
f 256//256 262//262 260//260
f 257//257 262//262 256//256
f 258//258 256//256 264//264
f 256//256 260//260 264//264
f 264//264 259//259 258//258
f 265//265 259//259 264//264
f 262//262 267//267 260//260
f 267//267 268//268 260//260
f 264//264 260//260 269//269
f 260//260 268//268 269//269
f 264//264 269//269 271//271
f 271//271 265//265 264//264
f 269//269 268//268 273//273
f 268//268 272//272 273//273
f 269//269 273//273 271//271
f 268//268 267//267 277//277
f 267//267 276//276 277//277
f 272//272 268//268 278//278
f 268//268 277//277 278//278
f 273//273 272//272 279//279
f 272//272 278//278 279//279
f 271//271 273//273 281//281
f 273//273 279//279 281//281
f 277//277 276//276 284//284
f 276//276 282//282 284//284
f 278//278 277//277 284//284
f 279//279 278//278 285//285
f 278//278 284//284 285//285
f 279//279 285//285 281//281
f 285//285 288//288 281//281
f 284//284 290//290 289//289
f 282//282 290//290 284//284
f 285//285 284//284 291//291
f 284//284 289//289 291//291
f 292//292 285//285 291//291
f 285//285 292//292 288//288
f 289//289 290//290 294//294
f 291//291 289//289 296//296
f 289//289 294//294 296//296
f 290//290 298//298 294//294
f 300//300 294//294 298//298
f 300//300 301//301 294//294
f 296//296 294//294 302//302
f 294//294 301//301 302//302
f 296//296 302//302 303//303
f 303//303 299//299 296//296
f 301//301 300//300 306//306
f 300//300 305//305 306//306
f 302//302 301//301 307//307
f 301//301 306//306 307//307
f 302//302 307//307 303//303
f 303//303 307//307 308//308
f 310//310 311//311 305//305
f 311//311 306//306 305//305
f 307//307 306//306 314//314
f 306//306 311//311 314//314
f 308//308 307//307 314//314
f 316//316 308//308 314//314
f 311//311 310//310 317//317
f 311//311 317//317 314//314
f 316//316 314//314 318//318
f 314//314 317//317 318//318
f 318//318 317//317 321//321
f 317//317 319//319 321//321
f 319//319 320//320 322//322
f 321//321 319//319 323//323
f 319//319 322//322 323//323
f 321//321 325//325 324//324
f 320//320 326//326 322//322
f 323//323 325//325 321//321
f 322//322 329//329 328//328
f 326//326 329//329 322//322
f 323//323 322//322 330//330
f 322//322 328//328 330//330
f 330//330 325//325 323//323
f 331//331 325//325 330//330
f 333//333 328//328 329//329
f 328//328 333//333 330//330
f 333//333 334//334 330//330
f 336//336 338//338 337//337
f 336//336 343//343 342//342
f 340//340 343//343 336//336
f 338//338 336//336 344//344
f 336//336 342//342 344//344
f 338//338 344//344 345//345
f 342//342 343//343 347//347
f 342//342 347//347 344//344
f 349//349 345//345 344//344
f 343//343 352//352 347//347
f 344//344 347//347 354//354
f 344//344 354//354 349//349
f 347//347 357//357 356//356
f 352//352 357//357 347//347
f 354//354 347//347 359//359
f 347//347 356//356 359//359
f 356//356 357//357 360//360
f 356//356 360//360 359//359
f 359//359 363//363 362//362
f 364//364 360//360 357//357
f 359//359 360//360 365//365
f 359//359 365//365 363//363
f 360//360 364//364 367//367
f 364//364 366//366 367//367
f 360//360 367//367 110//110
f 365//365 360//360 368//368
f 360//360 110//110 368//368
f 363//363 365//365 370//370
f 365//365 368//368 370//370
f 367//367 366//366 110//110
f 366//366 374//374 110//110
f 110//110 111//111 375//375
f 110//110 375//375 368//368
f 368//368 375//375 370//370
f 376//376 373//373 370//370
f 110//110 374//374 377//377
f 111//111 110//110 377//377
f 375//375 111//111 381//381
f 370//370 375//375 382//382
f 375//375 381//381 382//382
f 382//382 376//376 370//370
f 377//377 374//374 384//384
f 374//374 383//383 384//384
f 111//111 377//377 384//384
f 381//381 111//111 385//385
f 111//111 384//384 385//385
f 382//382 381//381 385//385
f 382//382 385//385 386//386
f 386//386 376//376 382//382
f 383//383 388//388 384//384
f 393//393 388//388 383//383
f 384//384 388//388 394//394
f 396//396 385//385 394//394
f 385//385 384//384 394//394
f 385//385 396//396 386//386
f 386//386 396//396 390//390
f 393//393 403//403 388//388
f 388//388 403//403 406//406
f 388//388 406//406 407//407
f 394//394 388//388 407//407
f 409//409 401//401 399//399
f 411//411 401//401 409//409
f 403//403 413//413 406//406
f 415//415 406//406 413//413
f 409//409 417//417 411//411
f 413//413 420//420 419//419
f 419//419 415//415 413//413
f 422//422 415//415 419//419
f 420//420 423//423 419//419
f 423//423 424//424 419//419
f 425//425 422//422 419//419
f 426//426 423//423 420//420
f 424//424 425//425 419//419
f 423//423 426//426 433//433
f 426//426 431//431 433//433
f 424//424 423//423 435//435
f 423//423 433//433 435//435
f 436//436 427//427 429//429
f 435//435 433//433 437//437
f 444//444 443//443 442//442
f 447//447 442//442 443//443
f 438//438 446//446 440//440
f 449//449 446//446 438//438
f 454//454 453//453 447//447
f 453//453 456//456 447//447
f 442//442 447//447 457//457
f 447//447 456//456 457//457
f 453//453 462//462 459//459
f 453//453 459//459 456//456
f 466//466 465//465 464//464
f 464//464 468//468 466//466
f 468//468 471//471 469//469
f 473//473 459//459 462//462
f 456//456 459//459 474//474
f 457//457 456//456 463//463
f 456//456 474//474 463//463
f 465//465 475//475 464//464
f 468//468 464//464 477//477
f 468//468 477//477 471//471
f 482//482 481//481 473//473
f 481//481 484//484 473//473
f 459//459 473//473 487//487
f 473//473 484//484 487//487
f 474//474 459//459 488//488
f 459//459 487//487 488//488
f 474//474 488//488 463//463
f 464//464 493//493 490//490
f 475//475 493//493 464//464
f 477//477 464//464 494//494
f 464//464 490//490 494//494
f 477//477 494//494 113//113
f 471//471 477//477 495//495
f 477//477 113//113 495//495
f 479//479 471//471 496//496
f 471//471 495//495 496//496
f 496//496 499//499 479//479
f 481//481 502//502 501//501
f 481//481 501//501 484//484
f 488//488 489//489 463//463
f 494//494 490//490 113//113
f 495//495 113//113 114//114
f 496//496 495//495 114//114
f 116//116 496//496 114//114
f 496//496 117//117 499//499
f 496//496 116//116 117//117
f 506//506 501//501 502//502
f 484//484 501//501 508//508
f 487//487 484//484 509//509
f 484//484 508//508 509//509
f 488//488 487//487 510//510
f 487//487 509//509 510//510
f 511//511 488//488 510//510
f 488//488 511//511 489//489
f 490//490 493//493 514//514
f 113//113 490//490 118//118
f 490//490 514//514 118//118
f 117//117 75//75 499//499
f 75//75 515//515 499//499
f 499//499 515//515 505//505
f 147//147 522//522 523//523
f 518//518 522//522 147//147
f 523//523 522//522 524//524
f 522//522 526//526 524//524
f 524//524 530//530 531//531
f 526//526 530//530 524//524
f 531//531 530//530 532//532
f 530//530 535//535 532//532
f 532//532 538//538 539//539
f 535//535 538//538 532//532
f 541//541 509//509 508//508
f 510//510 509//509 543//543
f 118//118 514//514 121//121
f 514//514 545//545 121//121
f 75//75 122//122 515//515
f 515//515 77//77 516//516
f 515//515 122//122 77//77
f 516//516 547//547 550//550
f 522//522 554//554 526//526
f 509//509 541//541 543//543
f 545//545 555//555 121//121
f 547//547 516//516 77//77
f 123//123 547//547 77//77
f 518//518 557//557 556//556
f 553//553 557//557 518//518
f 124//124 522//522 556//556
f 556//556 522//522 518//518
f 554//554 522//522 124//124
f 124//124 125//125 554//554
f 554//554 125//125 526//526
f 530//530 526//526 558//558
f 526//526 125//125 558//558
f 535//535 530//530 559//559
f 530//530 558//558 559//559
f 560//560 535//535 559//559
f 535//535 560//560 538//538
f 121//121 555//555 561//561
f 561//561 126//126 121//121
f 123//123 128//128 547//547
f 551//551 547//547 128//128
f 551//551 128//128 562//562
f 562//562 128//128 83//83
f 556//556 564//564 563//563
f 557//557 564//564 556//556
f 132//132 124//124 556//556
f 563//563 132//132 556//556
f 558//558 125//125 566//566
f 125//125 134//134 566//566
f 559//559 566//566 380//380
f 559//559 558//558 566//566
f 568//568 567//567 555//555
f 567//567 561//561 555//555
f 567//567 126//126 561//561
f 136//136 569//569 562//562
f 83//83 136//136 562//562
f 570//570 136//136 86//86
f 569//569 136//136 570//570
f 130//130 132//132 563//563
f 134//134 572//572 566//566
f 567//567 568//568 576//576
f 135//135 126//126 567//567
f 135//135 567//567 576//576
f 130//130 563//563 540//540
f 563//563 578//578 540//540
f 134//134 130//130 540//540
f 572//572 134//134 542//542
f 134//134 540//540 542//542
f 574//574 566//566 542//542
f 566//566 572//572 542//542
f 579//579 576//576 568//568
f 87//87 84//84 135//135
f 576//576 87//87 135//135
f 581//581 570//570 88//88
f 88//88 570//570 86//86
f 521//521 585//585 584//584
f 521//521 584//584 525//525
f 529//529 525//525 586//586
f 525//525 584//584 586//586
f 576//576 579//579 591//591
f 579//579 589//589 591//591
f 576//576 591//591 595//595
f 595//595 87//87 576//576
f 581//581 88//88 596//596
f 596//596 88//88 91//91
f 584//584 585//585 598//598
f 586//586 588//588 529//529
f 379//379 588//588 586//586
f 89//89 87//87 595//595
f 89//89 595//595 591//591
f 91//91 601//601 596//596
f 584//584 598//598 571//571
f 586//586 584//584 565//565
f 584//584 571//571 565//565
f 565//565 379//379 586//586
f 589//589 603//603 602//602
f 600//600 603//603 589//589
f 591//591 589//589 604//604
f 589//589 602//602 604//604
f 89//89 591//591 607//607
f 591//591 604//604 607//607
f 607//607 94//94 89//89
f 601//601 120//120 95//95
f 120//120 601//601 91//91
f 608//608 571//571 598//598
f 611//611 602//602 603//603
f 602//602 611//611 604//604
f 613//613 607//607 604//604
f 94//94 607//607 615//615
f 97//97 94//94 615//615
f 95//95 96//96 513//513
f 513//513 601//601 95//95
f 571//571 608//608 565//565
f 565//565 608//608 609//609
f 616//616 604//604 611//611
f 604//604 616//616 613//613
f 96//96 99//99 513//513
f 97//97 615//615 137//137
f 243//243 103//103 138//138
f 99//99 243//243 513//513
f 99//99 103//103 243//243
f 100//100 137//137 139//139
f 102//102 101//101 138//138
f 138//138 101//101 139//139
f 618//618 617//617 143//143
f 618//618 145//145 619//619
f 143//143 145//145 618//618
f 619//619 146//146 621//621
f 145//145 146//146 619//619
f 146//146 622//622 621//621
f 617//617 623//623 150//150
f 141//141 617//617 150//150
f 143//143 617//617 141//141
f 146//146 624//624 622//622
f 626//626 150//150 623//623
f 626//626 625//625 150//150
f 148//148 624//624 146//146
f 625//625 628//628 263//263
f 626//626 628//628 625//625
f 150//150 625//625 152//152
f 625//625 263//263 152//152
f 154//154 624//624 148//148
f 552//552 624//624 154//154
f 628//628 157//157 263//263
f 157//157 152//152 263//263
f 629//629 552//552 154//154
f 628//628 630//630 157//157
f 156//156 629//629 154//154
f 157//157 631//631 160//160
f 630//630 631//631 157//157
f 163//163 629//629 156//156
f 634//634 629//629 163//163
f 160//160 631//631 636//636
f 159//159 160//160 636//636
f 161//161 166//166 163//163
f 637//637 634//634 163//163
f 631//631 638//638 636//636
f 636//636 164//164 159//159
f 163//163 166//166 639//639
f 639//639 637//637 163//163
f 636//636 212//212 168//168
f 638//638 212//212 636//636
f 168//168 164//164 636//636
f 166//166 170//170 639//639
f 170//170 637//637 639//639
f 217//217 637//637 170//170
f 646//646 644//644 642//642
f 168//168 646//646 642//642
f 168//168 212//212 646//646
f 648//648 217//217 170//170
f 644//644 650//650 642//642
f 171//171 168//168 642//642
f 170//170 652//652 648//648
f 170//170 173//173 652//652
f 642//642 656//656 654//654
f 650//650 656//656 642//642
f 179//179 171//171 642//642
f 654//654 179//179 642//642
f 652//652 173//173 183//183
f 183//183 648//648 652//652
f 657//657 648//648 183//183
f 654//654 656//656 659//659
f 659//659 179//179 654//654
f 656//656 660//660 659//659
f 186//186 179//179 659//659
f 189//189 657//657 183//183
f 662//662 657//657 189//189
f 659//659 665//665 663//663
f 660//660 665//665 659//659
f 186//186 659//659 194//194
f 194//194 659//659 663//663
f 662//662 196//196 480//480
f 189//189 196//196 662//662
f 189//189 192//192 196//196
f 666//666 663//663 665//665
f 666//666 194//194 663//663
f 667//667 480//480 196//196
f 194//194 670//670 668//668
f 666//666 670//670 194//194
f 197//197 194//194 668//668
f 196//196 198//198 671//671
f 671//671 667//667 196//196
f 672//672 667//667 671//671
f 668//668 673//673 200//200
f 670//670 673//673 668//668
f 200//200 197//197 668//668
f 198//198 201//201 203//203
f 671//671 198//198 203//203
f 203//203 672//672 671//671
f 675//675 672//672 203//203
f 678//678 200//200 673//673
f 678//678 676//676 200//200
f 676//676 205//205 200//200
f 679//679 675//675 203//203
f 678//678 680//680 676//676
f 203//203 681//681 679//679
f 203//203 204//204 681//681
f 676//676 645//645 643//643
f 680//680 645//645 676//676
f 213//213 205//205 676//676
f 643//643 213//213 676//676
f 681//681 204//204 218//218
f 218//218 679//679 681//681
f 682//682 679//679 218//218
f 643//643 645//645 649//649
f 649//649 213//213 643//643
f 645//645 641//641 649//649
f 219//219 213//213 649//649
f 218//218 221//221 647//647
f 647//647 682//682 218//218
f 651//651 682//682 647//647
f 649//649 653//653 655//655
f 641//641 653//653 649//649
f 219//219 649//649 227//227
f 227//227 649//649 655//655
f 651//651 229//229 182//182
f 647//647 229//229 651//651
f 647//647 221//221 229//229
f 653//653 227//227 655//655
f 188//188 182//182 229//229
f 227//227 185//185 233//233
f 653//653 185//185 227//227
f 232//232 188//188 229//229
f 658//658 684//684 683//683
f 658//658 233//233 185//185
f 658//658 683//683 233//233
f 683//683 238//238 233//233
f 237//237 188//188 232//232
f 685//685 188//188 237//237
f 237//237 688//688 685//685
f 683//683 220//220 689//689
f 684//684 220//220 683//683
f 244//244 238//238 683//683
f 689//689 244//244 683//683
f 688//688 237//237 246//246
f 246//246 685//685 688//688
f 690//690 685//685 246//246
f 689//689 692//692 691//691
f 220//220 692//692 689//689
f 691//691 244//244 689//689
f 250//250 690//690 246//246
f 693//693 690//690 250//250
f 247//247 244//244 691//691
f 691//691 696//696 694//694
f 692//692 696//696 691//691
f 252//252 247//247 691//691
f 694//694 252//252 691//691
f 250//250 255//255 698//698
f 250//250 248//248 255//255
f 250//250 698//698 693//693
f 694//694 696//696 700//700
f 252//252 694//694 700//700
f 252//252 700//700 257//257
f 702//702 698//698 255//255
f 700//700 304//304 257//257
f 259//259 702//702 255//255
f 257//257 309//309 262//262
f 304//304 309//309 257//257
f 265//265 702//702 259//259
f 704//704 702//702 265//265
f 709//709 707//707 706//706
f 267//267 709//709 706//706
f 262//262 709//709 267//267
f 262//262 309//309 709//709
f 271//271 704//704 265//265
f 710//710 704//704 271//271
f 271//271 712//712 710//710
f 706//706 715//715 714//714
f 707//707 715//715 706//706
f 276//276 267//267 706//706
f 714//714 276//276 706//706
f 271//271 281//281 718//718
f 712//712 271//271 718//718
f 718//718 710//710 712//712
f 230//230 710//710 718//718
f 714//714 720//720 719//719
f 715//715 720//720 714//714
f 282//282 276//276 714//714
f 719//719 282//282 714//714
f 230//230 288//288 721//721
f 718//718 288//288 230//230
f 718//718 281//281 288//288
f 282//282 722//722 290//290
f 719//719 722//722 282//282
f 292//292 721//721 288//288
f 724//724 721//721 292//292
f 290//290 722//722 298//298
f 291//291 296//296 299//299
f 292//292 291//291 299//299
f 725//725 724//724 292//292
f 722//722 726//726 298//298
f 299//299 725//725 292//292
f 727//727 725//725 299//299
f 300//300 726//726 728//728
f 300//300 298//298 726//726
f 303//303 727//727 299//299
f 730//730 727//727 303//303
f 728//728 162//162 699//699
f 699//699 300//300 728//728
f 701//701 730//730 303//303
f 162//162 731//731 699//699
f 305//305 300//300 699//699
f 308//308 701//701 303//303
f 732//732 701//701 308//308
f 699//699 731//731 708//708
f 699//699 708//708 734//734
f 305//305 699//699 734//734
f 305//305 734//734 310//310
f 316//316 732//732 308//308
f 735//735 732//732 316//316
f 310//310 261//261 737//737
f 734//734 261//261 310//310
f 316//316 318//318 739//739
f 711//711 735//735 316//316
f 261//261 266//266 737//737
f 317//317 310//310 737//737
f 739//739 711//711 316//316
f 270//270 711//711 739//739
f 737//737 275//275 320//320
f 266//266 275//275 737//737
f 320//320 319//319 737//737
f 317//317 737//737 319//319
f 318//318 321//321 324//324
f 739//739 318//318 324//324
f 324//324 270//270 739//739
f 280//280 270//270 324//324
f 320//320 275//275 326//326
f 740//740 280//280 324//324
f 275//275 741//741 326//326
f 325//325 740//740 324//324
f 326//326 606//606 329//329
f 741//741 606//606 326//326
f 331//331 740//740 325//325
f 743//743 740//740 331//331
f 329//329 606//606 744//744
f 333//333 329//329 744//744
f 330//330 334//334 331//331
f 745//745 743//743 331//331
f 606//606 746//746 744//744
f 331//331 334//334 747//747
f 745//745 331//331 747//747
f 744//744 746//746 749//749
f 749//749 750//750 744//744
f 750//750 333//333 744//744
f 333//333 750//750 337//337
f 334//334 333//333 752//752
f 333//333 337//337 752//752
f 747//747 334//334 753//753
f 334//334 752//752 753//753
f 753//753 745//745 747//747
f 754//754 745//745 753//753
f 749//749 340//340 750//750
f 340//340 336//336 750//750
f 336//336 337//337 750//750
f 337//337 338//338 752//752
f 389//389 754//754 753//753
f 749//749 387//387 340//340
f 338//338 756//756 752//752
f 752//752 756//756 753//753
f 389//389 753//753 756//756
f 340//340 405//405 343//343
f 387//387 405//405 340//340
f 338//338 345//345 756//756
f 345//345 389//389 756//756
f 408//408 389//389 345//345
f 343//343 405//405 352//352
f 416//416 408//408 345//345
f 405//405 414//414 352//352
f 349//349 416//416 345//345
f 352//352 421//421 357//357
f 414//414 421//421 352//352
f 354//354 359//359 362//362
f 349//349 354//354 362//362
f 362//362 416//416 349//349
f 757//757 416//416 362//362
f 759//759 757//757 362//362
f 364//364 357//357 760//760
f 759//759 763//763 765//765
f 759//759 362//362 763//763
f 362//362 363//363 763//763
f 760//760 768//768 767//767
f 762//762 768//768 760//760
f 366//366 364//364 760//760
f 767//767 366//366 760//760
f 370//370 373//373 363//363
f 363//363 373//373 763//763
f 373//373 765//765 763//763
f 770//770 765//765 373//373
f 767//767 768//768 772//772
f 772//772 366//366 767//767
f 773//773 770//770 373//373
f 768//768 774//774 772//772
f 374//374 366//366 772//772
f 376//376 773//773 373//373
f 772//772 776//776 775//775
f 774//774 776//776 772//772
f 383//383 374//374 772//772
f 775//775 383//383 772//772
f 376//376 386//386 777//777
f 773//773 777//777 779//779
f 773//773 376//376 777//777
f 777//777 780//780 779//779
f 776//776 781//781 393//393
f 776//776 393//393 775//775
f 393//393 383//383 775//775
f 777//777 386//386 399//399
f 780//780 777//777 782//782
f 782//782 785//785 780//780
f 781//781 787//787 393//393
f 390//390 399//399 386//386
f 401//401 777//777 399//399
f 777//777 401//401 782//782
f 785//785 788//788 789//789
f 785//785 782//782 788//788
f 782//782 401//401 788//788
f 787//787 792//792 791//791
f 787//787 791//791 393//393
f 791//791 403//403 393//393
f 396//396 394//394 407//407
f 396//396 407//407 793//793
f 390//390 396//396 794//794
f 396//396 793//793 794//794
f 409//409 399//399 390//390
f 794//794 409//409 390//390
f 788//788 401//401 795//795
f 401//401 411//411 795//795
f 795//795 789//789 788//788
f 796//796 789//789 795//795
f 791//791 792//792 797//797
f 791//791 797//797 403//403
f 406//406 415//415 407//407
f 411//411 798//798 795//795
f 796//796 795//795 799//799
f 795//795 800//800 799//799
f 792//792 801//801 797//797
f 797//797 413//413 403//403
f 407//407 415//415 802//802
f 353//353 793//793 802//802
f 793//793 407//407 802//802
f 793//793 353//353 794//794
f 348//348 794//794 353//353
f 348//348 803//803 794//794
f 417//417 409//409 794//794
f 417//417 794//794 803//803
f 411//411 417//417 798//798
f 795//795 798//798 804//804
f 795//795 804//804 805//805
f 805//805 800//800 795//795
f 809//809 808//808 807//807
f 809//809 797//797 801//801
f 809//809 807//807 797//797
f 807//807 420//420 797//797
f 420//420 413//413 797//797
f 802//802 415//415 810//810
f 415//415 422//422 810//810
f 346//346 810//810 355//355
f 346//346 802//802 810//810
f 802//802 346//346 353//353
f 811//811 803//803 348//348
f 811//811 758//758 803//803
f 758//758 417//417 803//803
f 798//798 417//417 500//500
f 417//417 758//758 500//500
f 804//804 798//798 812//812
f 798//798 500//500 812//812
f 805//805 804//804 813//813
f 804//804 812//812 813//813
f 800//800 805//805 813//813
f 813//813 814//814 800//800
f 808//808 815//815 807//807
f 355//355 422//422 817//817
f 355//355 810//810 422//422
f 811//811 274//274 758//758
f 274//274 500//500 758//758
f 814//814 813//813 818//818
f 814//814 820//820 819//819
f 807//807 822//822 426//426
f 815//815 822//822 807//807
f 420//420 807//807 426//426
f 425//425 817//817 422//422
f 274//274 811//811 594//594
f 594//594 824//824 274//274
f 824//824 500//500 274//274
f 812//812 500//500 429//429
f 500//500 824//824 429//429
f 429//429 427//427 812//812
f 813//813 812//812 427//427
f 427//427 825//825 813//813
f 813//813 825//825 818//818
f 814//814 818//818 825//825
f 825//825 820//820 814//814
f 426//426 826//826 431//431
f 822//822 826//826 426//426
f 424//424 435//435 425//425
f 425//425 435//435 827//827
f 827//827 817//817 425//425
f 828//828 817//817 827//827
f 824//824 830//830 829//829
f 594//594 830//830 824//824
f 429//429 824//824 831//831
f 824//824 829//829 831//831
f 436//436 429//429 831//831
f 427//427 436//436 832//832
f 825//825 427//427 832//832
f 825//825 832//832 833//833
f 833//833 820//820 825//825
f 834//834 820//820 833//833
f 826//826 835//835 431//431
f 835//835 836//836 431//431
f 435//435 437//437 837//837
f 828//828 435//435 838//838
f 828//828 827//827 435//435
f 840//840 829//829 830//830
f 840//840 831//831 829//829
f 832//832 436//436 841//841
f 832//832 841//841 833//833
f 833//833 842//842 834//834
f 826//826 845//845 835//835
f 437//437 433//433 431//431
f 437//437 431//431 836//836
f 837//837 838//838 435//435
f 831//831 840//840 614//614
f 614//614 846//846 831//831
f 846//846 436//436 831//831
f 436//436 846//846 841//841
f 833//833 841//841 847//847
f 842//842 848//848 849//849
f 842//842 833//833 848//848
f 833//833 847//847 848//848
f 855//855 853//853 852//852
f 855//855 835//835 845//845
f 855//855 852//852 835//835
f 852//852 443//443 835//835
f 836//836 835//835 443//443
f 836//836 443//443 444//444
f 437//437 836//836 856//856
f 836//836 444//444 856//856
f 437//437 856//856 837//837
f 859//859 837//837 857//857
f 837//837 859//859 838//838
f 846//846 614//614 860//860
f 863//863 846//846 860//860
f 863//863 862//862 846//846
f 841//841 846//846 864//864
f 846//846 862//862 864//864
f 438//438 847//847 864//864
f 864//864 847//847 841//841
f 438//438 440//440 847//847
f 847//847 440//440 848//848
f 849//849 848//848 440//440
f 440//440 850//850 849//849
f 865//865 850//850 440//440
f 852//852 853//853 454//454
f 852//852 454//454 443//443
f 856//856 857//857 837//837
f 537//537 857//857 856//856
f 863//863 864//864 862//862
f 865//865 440//440 867//867
f 520//520 517//517 454//454
f 520//520 454//454 853//853
f 447//447 443//443 454//454
f 444//444 442//442 869//869
f 444//444 869//869 856//856
f 537//537 869//869 534//534
f 537//537 856//856 869//869
f 864//864 871//871 870//870
f 863//863 871//871 864//864
f 438//438 864//864 449//449
f 864//864 870//870 449//449
f 440//440 446//446 872//872
f 867//867 440//440 872//872
f 865//865 873//873 575//575
f 865//865 867//867 873//873
f 867//867 872//872 873//873
f 517//517 874//874 462//462
f 517//517 462//462 454//454
f 462//462 453//453 454//454
f 869//869 442//442 457//457
f 869//869 457//457 876//876
f 876//876 534//534 869//869
f 587//587 534//534 876//876
f 879//879 870//870 871//871
f 879//879 878//878 870//870
f 878//878 449//449 870//870
f 446//446 449//449 465//465
f 449//449 878//878 465//465
f 872//872 446//446 465//465
f 872//872 465//465 466//466
f 873//873 872//872 468//468
f 872//872 466//466 468//468
f 575//575 468//468 748//748
f 575//575 873//873 468//468
f 468//468 593//593 748//748
f 881//881 462//462 874//874
f 881//881 674//674 462//462
f 587//587 457//457 378//378
f 587//587 876//876 457//457
f 878//878 879//879 882//882
f 468//468 469//469 593//593
f 593//593 883//883 884//884
f 593//593 469//469 883//883
f 883//883 885//885 884//884
f 888//888 887//887 482//482
f 888//888 674//674 881//881
f 888//888 482//482 674//674
f 473//473 462//462 482//482
f 482//482 462//462 674//674
f 463//463 378//378 457//457
f 878//878 882//882 889//889
f 889//889 475//475 878//878
f 475//475 465//465 878//878
f 471//471 479//479 469//469
f 469//469 479//479 883//883
f 885//885 883//883 479//479
f 479//479 890//890 885//885
f 893//893 858//858 892//892
f 893//893 502//502 887//887
f 892//892 502//502 893//893
f 887//887 502//502 482//482
f 502//502 481//481 482//482
f 489//489 378//378 463//463
f 895//895 378//378 489//489
f 475//475 897//897 493//493
f 889//889 897//897 475//475
f 479//479 861//861 890//890
f 479//479 499//499 861//861
f 890//890 505//505 898//898
f 861//861 505//505 890//890
f 899//899 844//844 531//531
f 899//899 901//901 902//902
f 531//531 901//901 899//899
f 901//901 904//904 902//902
f 902//902 892//892 858//858
f 904//904 892//892 902//902
f 751//751 895//895 489//489
f 897//897 549//549 493//493
f 505//505 861//861 499//499
f 898//898 505//505 906//906
f 505//505 907//907 906//906
f 907//907 909//909 906//906
f 461//461 523//523 452//452
f 147//147 523//523 461//461
f 452//452 523//523 455//455
f 523//523 524//524 455//455
f 455//455 531//531 844//844
f 455//455 524//524 531//531
f 904//904 901//901 532//532
f 901//901 531//531 532//532
f 892//892 904//904 539//539
f 904//904 532//532 539//539
f 506//506 502//502 539//539
f 539//539 502//502 892//892
f 511//511 751//751 489//489
f 493//493 549//549 911//911
f 493//493 911//911 908//908
f 493//493 908//908 514//514
f 515//515 516//516 505//505
f 505//505 516//516 907//907
f 909//909 550//550 439//439
f 909//909 907//907 550//550
f 907//907 516//516 550//550
f 439//439 550//550 866//866
f 914//914 913//913 553//553
f 518//518 914//914 553//553
f 147//147 914//914 518//518
f 147//147 461//461 914//914
f 506//506 539//539 915//915
f 915//915 539//539 538//538
f 916//916 506//506 915//915
f 501//501 506//506 916//916
f 577//577 501//501 916//916
f 508//508 501//501 577//577
f 541//541 508//508 577//577
f 510//510 543//543 511//511
f 511//511 543//543 573//573
f 918//918 751//751 511//511
f 908//908 921//921 920//920
f 920//920 514//514 908//908
f 547//547 551//551 550//550
f 550//550 551//551 866//866
f 922//922 866//866 551//551
f 543//543 923//923 573//573
f 573//573 918//918 511//511
f 545//545 514//514 920//920
f 922//922 551//551 924//924
f 924//924 925//925 922//922
f 927//927 557//557 913//913
f 913//913 557//557 553//553
f 930//930 915//915 560//560
f 915//915 538//538 560//560
f 915//915 930//930 916//916
f 930//930 912//912 916//916
f 916//916 931//931 577//577
f 912//912 931//931 916//916
f 931//931 932//932 577//577
f 932//932 541//541 577//577
f 543//543 541//541 932//932
f 543//543 932//932 923//923
f 573//573 923//923 933//933
f 933//933 918//918 573//573
f 903//903 918//918 933//933
f 920//920 936//936 555//555
f 921//921 936//936 920//920
f 555//555 545//545 920//920
f 562//562 569//569 551//551
f 551//551 569//569 924//924
f 569//569 925//925 924//924
f 927//927 938//938 557//557
f 557//557 938//938 564//564
f 559//559 380//380 560//560
f 560//560 380//380 941//941
f 946//946 941//941 943//943
f 946//946 560//560 941//941
f 560//560 946//946 930//930
f 932//932 949//949 948//948
f 931//931 949//949 932//932
f 923//923 932//932 950//950
f 932//932 948//948 950//950
f 933//933 923//923 951//951
f 923//923 950//950 951//951
f 952//952 903//903 933//933
f 555//555 953//953 568//568
f 936//936 953//953 555//555
f 925//925 570//570 954//954
f 569//569 570//570 925//925
f 570//570 955//955 954//954
f 563//563 564//564 956//956
f 566//566 574//574 380//380
f 943//943 380//380 957//957
f 943//943 941//941 380//380
f 948//948 949//949 521//521
f 951//951 952//952 933//933
f 568//568 953//953 958//958
f 959//959 955//955 570//570
f 956//956 960//960 578//578
f 564//564 960//960 956//956
f 578//578 563//563 956//956
f 380//380 574//574 961//961
f 432//432 380//380 961//961
f 380//380 432//432 957//957
f 949//949 962//962 521//521
f 525//525 950//950 521//521
f 521//521 950//950 948//948
f 951//951 950//950 525//525
f 529//529 951//951 525//525
f 952//952 533//533 868//868
f 952//952 951//951 533//533
f 951//951 529//529 533//533
f 958//958 445//445 964//964
f 953//953 445//445 958//958
f 579//579 568//568 964//964
f 964//964 568//568 958//958
f 581//581 959//959 570//570
f 581//581 583//583 959//959
f 578//578 960//960 966//966
f 578//578 966//966 965//965
f 540//540 578//578 965//965
f 967//967 540//540 965//965
f 821//821 540//540 967//967
f 542//542 540//540 821//821
f 970//970 821//821 969//969
f 574//574 821//821 970//970
f 574//574 542//542 821//821
f 574//574 430//430 961//961
f 970//970 430//430 574//574
f 961//961 430//430 432//432
f 521//521 962//962 585//585
f 529//529 588//588 533//533
f 588//588 868//868 533//533
f 875//875 868//868 588//588
f 445//445 600//600 964//964
f 600//600 579//579 964//964
f 596//596 583//583 581//581
f 596//596 470//470 583//583
f 470//470 959//959 583//583
f 965//965 966//966 784//784
f 965//965 971//971 967//967
f 784//784 971//971 965//965
f 967//967 971//971 821//821
f 971//971 969//969 821//821
f 962//962 460//460 585//585
f 875//875 588//588 973//973
f 445//445 877//877 600//600
f 579//579 600//600 589//589
f 476//476 596//596 601//601
f 596//596 476//476 470//470
f 585//585 472//472 598//598
f 460//460 472//472 585//585
f 588//588 379//379 940//940
f 940//940 973//973 588//588
f 975//975 973//973 940//940
f 600//600 977//977 603//603
f 877//877 977//977 600//600
f 467//467 476//476 601//601
f 598//598 472//472 978//978
f 608//608 598//598 978//978
f 565//565 609//609 894//894
f 379//379 565//565 894//894
f 379//379 894//894 940//940
f 945//945 975//975 940//940
f 603//603 977//977 548//548
f 611//611 603//603 548//548
f 467//467 601//601 979//979
f 979//979 601//601 513//513
f 978//978 483//483 980//980
f 472//472 483//483 978//978
f 940//940 894//894 981//981
f 981//981 945//945 940//940
f 983//983 945//945 981//981
f 548//548 987//987 984//984
f 977//977 987//987 548//548
f 615//615 607//607 613//613
f 980//980 989//989 988//988
f 483//483 989//989 980//980
f 608//608 978//978 990//990
f 978//978 980//980 990//990
f 609//609 608//608 991//991
f 608//608 990//990 991//991
f 894//894 609//609 991//991
f 894//894 991//991 992//992
f 981//981 894//894 993//993
f 894//894 992//992 993//993
f 993//993 983//983 981//981
f 987//987 994//994 984//984
f 611//611 548//548 995//995
f 548//548 984//984 995//995
f 616//616 611//611 996//996
f 996//996 611//611 995//995
f 616//616 996//996 613//613
f 613//613 996//996 998//998
f 615//615 613//613 999//999
f 613//613 998//998 999//999
f 615//615 999//999 1001//1001
f 615//615 1001//1001 137//137
f 1000//1000 1001//1001 999//999
f 139//139 137//137 1002//1002
f 1002//1002 137//137 1001//1001
f 1002//1002 1003//1003 139//139
f 139//139 1003//1003 138//138
f 138//138 1003//1003 243//243
f 243//243 1003//1003 1004//1004
f 513//513 243//243 979//979
f 988//988 1006//1006 1005//1005
f 989//989 1006//1006 988//988
f 990//990 980//980 1008//1008
f 980//980 988//988 1008//1008
f 990//990 1008//1008 991//991
f 1011//1011 991//991 1009//1009
f 1011//1011 1010//1010 991//991
f 1010//1010 992//992 991//991
f 993//993 992//992 1010//1010
f 1010//1010 983//983 993//993
f 1012//1012 983//983 1010//1010
f 994//994 1013//1013 984//984
f 984//984 1013//1013 1014//1014
f 995//995 984//984 1015//1015
f 984//984 1014//1014 1015//1015
f 996//996 995//995 1016//1016
f 995//995 1015//1015 1016//1016
f 998//998 996//996 1016//1016
f 998//998 1016//1016 1017//1017
f 999//999 998//998 1000//1000
f 998//998 1017//1017 1000//1000
f 988//988 1018//1018 1008//1008
f 1005//1005 1018//1018 988//988
f 1008//1008 1018//1018 991//991
f 991//991 1018//1018 1009//1009
f 1010//1010 1011//1011 1012//1012
f 1014//1014 1019//1019 1015//1015
f 1013//1013 1019//1019 1014//1014
f 1015//1015 1020//1020 1016//1016
f 1019//1019 1020//1020 1015//1015
f 1016//1016 1022//1022 1017//1017
f 1020//1020 1022//1022 1016//1016
f 1017//1017 736//736 1000//1000
f 1022//1022 736//736 1017//1017
f 618//618 1023//1023 617//617
f 622//622 1024//1024 621//621
f 622//622 624//624 1024//1024
f 1024//1024 624//624 1025//1025
f 1026//1026 631//631 630//630
f 1027//1027 629//629 634//634
f 1028//1028 631//631 1026//1026
f 1029//1029 634//634 637//637
f 638//638 631//631 1028//1028
f 212//212 638//638 1028//1028
f 644//644 212//212 1028//1028
f 217//217 1029//1029 637//637
f 212//212 644//644 646//646
f 666//666 665//665 1030//1030
f 670//670 666//666 1030//1030
f 480//480 667//667 1031//1031
f 673//673 670//670 1030//1030
f 678//678 673//673 1030//1030
f 675//675 667//667 672//672
f 185//185 653//653 658//658
f 220//220 369//369 692//692
f 733//733 304//304 700//700
f 309//309 304//304 733//733
f 733//733 707//707 709//709
f 309//309 733//733 709//709
f 719//719 720//720 1032//1032
f 722//722 719//719 1032//1032
f 1034//1034 721//721 724//724
f 1035//1035 722//722 1032//1032
f 727//727 724//724 725//725
f 726//726 722//722 1035//1035
f 1035//1035 162//162 728//728
f 726//726 1035//1035 728//728
f 730//730 701//701 732//732
f 261//261 734//734 708//708
f 705//705 261//261 708//708
f 266//266 261//261 705//705
f 735//735 711//711 1037//1037
f 275//275 266//266 705//705
f 713//713 275//275 705//705
f 270//270 280//280 711//711
f 280//280 717//717 711//711
f 741//741 275//275 713//713
f 740//740 717//717 280//280
f 1039//1039 606//606 741//741
f 1040//1040 606//606 1039//1039
f 1042//1042 743//743 745//745
f 606//606 1040//1040 746//746
f 746//746 1040//1040 749//749
f 754//754 1042//1042 745//745
f 1043//1043 1042//1042 754//754
f 398//398 1043//1043 754//754
f 392//392 387//387 1044//1044
f 1044//1044 387//387 749//749
f 389//389 398//398 754//754
f 405//405 387//387 392//392
f 402//402 405//405 392//392
f 408//408 398//398 389//389
f 412//412 405//405 402//402
f 414//414 405//405 412//412
f 635//635 408//408 416//416
f 421//421 414//414 412//412
f 418//418 421//421 412//412
f 759//759 416//416 757//757
f 357//357 421//421 418//418
f 762//762 357//357 418//418
f 357//357 762//762 760//760
f 768//768 1047//1047 774//774
f 1046//1046 1047//1047 768//768
f 1048//1048 770//770 773//773
f 1047//1047 1050//1050 774//774
f 1048//1048 773//773 779//779
f 774//774 781//781 776//776
f 1050//1050 781//781 774//774
f 780//780 785//785 779//779
f 781//781 1052//1052 787//787
f 789//789 1054//1054 1053//1053
f 787//787 1057//1057 792//792
f 789//789 796//796 799//799
f 799//799 1054//1054 789//789
f 1057//1057 1058//1058 809//809
f 1057//1057 809//809 792//792
f 799//799 800//800 1059//1059
f 801//801 792//792 809//809
f 800//800 799//799 1061//1061
f 809//809 815//815 808//808
f 353//353 355//355 358//358
f 353//353 346//346 355//355
f 353//353 358//358 348//348
f 348//348 358//358 361//361
f 811//811 348//348 361//361
f 814//814 1061//1061 800//800
f 1061//1061 814//814 1063//1063
f 814//814 819//819 1063//1063
f 355//355 817//817 880//880
f 811//811 1064//1064 590//590
f 811//811 590//590 594//594
f 880//880 817//817 828//828
f 61//61 880//880 828//828
f 594//594 590//590 1007//1007
f 594//594 1007//1007 830//830
f 820//820 842//842 1065//1065
f 820//820 834//834 842//842
f 61//61 828//828 838//838
f 842//842 850//850 1067//1067
f 855//855 845//845 1066//1066
f 1066//1066 845//845 826//826
f 840//840 830//830 612//612
f 840//840 612//612 614//614
f 842//842 849//849 850//850
f 838//838 857//857 1069//1069
f 838//838 859//859 857//857
f 614//614 612//612 1071//1071
f 614//614 1071//1071 1072//1072
f 614//614 1072//1072 863//863
f 614//614 863//863 860//860
f 580//580 850//850 865//865
f 520//520 1073//1073 517//517
f 520//520 853//853 1073//1073
f 1074//1074 871//871 863//863
f 865//865 575//575 580//580
f 580//580 575//575 1075//1075
f 575//575 748//748 1075//1075
f 874//874 517//517 881//881
f 537//537 534//534 587//587
f 1076//1076 537//537 587//587
f 1074//1074 1077//1077 879//879
f 871//871 1074//1074 879//879
f 1078//1078 587//587 378//378
f 587//587 1078//1078 1076//1076
f 885//885 890//890 884//884
f 888//888 816//816 887//887
f 888//888 881//881 816//816
f 879//879 1079//1079 889//889
f 882//882 879//879 889//889
f 1082//1082 902//902 893//893
f 858//858 893//893 902//902
f 1083//1083 890//890 898//898
f 898//898 906//906 1083//1083
f 461//461 1084//1084 914//914
f 854//854 1084//1084 461//461
f 452//452 854//854 461//461
f 455//455 854//854 452//452
f 844//844 854//854 455//455
f 895//895 751//751 1085//1085
f 549//549 897//897 911//911
f 866//866 909//909 439//439
f 512//512 909//909 866//866
f 1086//1086 512//512 866//866
f 921//921 908//908 911//911
f 1086//1086 866//866 922//922
f 1086//1086 922//922 1087//1087
f 922//922 1088//1088 1087//1087
f 913//913 929//929 927//927
f 929//929 1090//1090 927//927
f 922//922 925//925 954//954
f 1088//1088 922//922 954//954
f 930//930 943//943 1092//1092
f 930//930 946//946 943//943
f 949//949 931//931 912//912
f 938//938 927//927 1093//1093
f 564//564 938//938 960//960
f 434//434 432//432 1096//1096
f 943//943 432//432 434//434
f 943//943 957//957 432//432
f 943//943 434//434 1095//1095
f 952//952 868//868 1097//1097
f 953//953 448//448 445//445
f 784//784 966//966 960//960
f 1098//1098 784//784 960//960
f 430//430 970//970 432//432
f 868//868 875//875 1097//1097
f 448//448 877//877 445//445
f 875//875 973//973 1097//1097
f 877//877 1099//1099 977//977
f 971//971 851//851 969//969
f 1100//1100 851//851 971//971
f 945//945 928//928 975//975
f 928//928 945//945 1103//1103
f 945//945 983//983 1103//1103
f 498//498 1001//1001 1102//1102
f 498//498 504//504 1001//1001
f 504//504 1002//1002 1001//1001
f 243//243 1004//1004 1105//1105
f 243//243 1105//1105 979//979
f 1103//1103 1012//1012 1106//1106
f 1103//1103 983//983 1012//1012
f 1107//1107 1013//1013 994//994
f 1001//1001 1000//1000 736//736
f 1108//1108 1001//1001 736//736
f 1109//1109 1106//1106 1012//1012
f 1110//1110 1108//1108 736//736
f 1005//1005 1006//1006 1111//1111
f 1111//1111 1112//1112 1005//1005
f 1005//1005 1113//1113 1018//1018
f 1112//1112 1113//1113 1005//1005
f 1018//1018 1113//1113 1009//1009
f 1113//1113 1114//1114 1009//1009
f 1009//1009 1115//1115 1011//1011
f 1114//1114 1115//1115 1009//1009
f 1011//1011 1117//1117 1012//1012
f 1115//1115 1117//1117 1011//1011
f 1013//1013 1107//1107 1118//1118
f 1013//1013 1119//1119 1019//1019
f 1118//1118 1119//1119 1013//1013
f 1119//1119 1120//1120 1019//1019
f 1019//1019 1121//1121 1020//1020
f 1120//1120 1121//1121 1019//1019
f 1020//1020 1121//1121 1022//1022
f 1122//1122 1022//1022 1121//1121
f 1124//1124 736//736 1122//1122
f 736//736 1022//1022 1122//1122
f 1122//1122 1125//1125 1124//1124
f 1023//1023 618//618 1126//1126
f 618//618 1127//1127 1126//1126
f 619//619 1128//1128 618//618
f 1128//1128 1127//1127 618//618
f 621//621 1130//1130 619//619
f 1130//1130 1128//1128 619//619
f 1023//1023 1131//1131 617//617
f 1023//1023 1126//1126 1131//1131
f 1025//1025 621//621 1024//1024
f 1130//1130 621//621 1025//1025
f 617//617 1131//1131 623//623
f 623//623 1131//1131 626//626
f 626//626 1131//1131 1101//1101
f 624//624 1132//1132 1025//1025
f 626//626 1101//1101 628//628
f 628//628 1101//1101 1133//1133
f 624//624 552//552 1132//1132
f 552//552 1134//1134 1132//1132
f 628//628 1133//1133 1135//1135
f 552//552 1136//1136 1134//1134
f 628//628 1135//1135 630//630
f 552//552 629//629 1136//1136
f 630//630 1135//1135 1026//1026
f 1026//1026 1135//1135 1137//1137
f 629//629 1027//1027 1136//1136
f 1026//1026 1137//1137 1028//1028
f 1028//1028 1137//1137 1138//1138
f 634//634 1029//1029 1139//1139
f 1139//1139 1027//1027 634//634
f 1028//1028 1138//1138 644//644
f 644//644 1138//1138 1140//1140
f 1029//1029 217//217 1139//1139
f 217//217 1141//1141 1139//1139
f 1140//1140 1142//1142 644//644
f 1142//1142 1143//1143 650//650
f 1140//1140 1143//1143 1142//1142
f 650//650 644//644 1142//1142
f 217//217 648//648 1141//1141
f 648//648 1144//1144 1141//1141
f 650//650 1143//1143 656//656
f 1143//1143 1145//1145 656//656
f 1147//1147 1144//1144 657//657
f 657//657 1144//1144 648//648
f 657//657 662//662 1147//1147
f 660//660 1149//1149 1148//1148
f 660//660 656//656 1149//1149
f 656//656 1145//1145 1149//1149
f 1151//1151 1147//1147 662//662
f 1151//1151 662//662 1150//1150
f 1148//1148 1149//1149 1152//1152
f 1148//1148 1152//1152 660//660
f 660//660 1152//1152 665//665
f 662//662 480//480 1150//1150
f 480//480 1031//1031 1150//1150
f 665//665 1152//1152 1153//1153
f 665//665 1153//1153 1030//1030
f 667//667 1154//1154 1031//1031
f 1030//1030 1153//1153 678//678
f 678//678 1153//1153 1155//1155
f 667//667 675//675 1154//1154
f 675//675 1156//1156 1154//1154
f 1157//1157 680//680 1155//1155
f 1155//1155 680//680 678//678
f 675//675 679//679 1156//1156
f 679//679 1158//1158 1156//1156
f 1157//1157 1160//1160 645//645
f 645//645 680//680 1157//1157
f 1161//1161 1162//1162 1158//1158
f 1161//1161 1158//1158 682//682
f 682//682 1158//1158 679//679
f 645//645 1163//1163 641//641
f 1160//1160 1163//1163 645//645
f 682//682 651//651 1161//1161
f 641//641 1166//1166 1164//1164
f 1163//1163 1166//1166 641//641
f 1168//1168 1161//1161 651//651
f 1168//1168 651//651 1167//1167
f 1164//1164 1169//1169 641//641
f 641//641 1169//1169 653//653
f 651//651 182//182 1167//1167
f 182//182 1170//1170 1167//1167
f 653//653 1169//1169 658//658
f 658//658 1169//1169 1171//1171
f 182//182 188//188 1170//1170
f 188//188 1172//1172 1170//1170
f 658//658 1171//1171 684//684
f 684//684 1171//1171 1173//1173
f 188//188 685//685 1172//1172
f 685//685 972//972 1172//1172
f 1173//1173 910//910 220//220
f 910//910 1174//1174 220//220
f 684//684 1173//1173 220//220
f 1175//1175 972//972 690//690
f 690//690 972//972 685//685
f 220//220 1174//1174 369//369
f 369//369 1174//1174 935//935
f 690//690 693//693 1175//1175
f 692//692 935//935 696//696
f 692//692 369//369 935//935
f 1175//1175 693//693 1176//1176
f 935//935 723//723 696//696
f 1177//1177 1176//1176 693//693
f 1177//1177 693//693 974//974
f 974//974 693//693 698//698
f 723//723 1178//1178 696//696
f 696//696 1178//1178 700//700
f 698//698 702//702 974//974
f 702//702 1179//1179 974//974
f 700//700 1178//1178 733//733
f 733//733 1178//1178 1180//1180
f 702//702 704//704 1179//1179
f 704//704 1181//1181 1179//1179
f 1180//1180 3//3 707//707
f 1180//1180 707//707 733//733
f 704//704 710//710 1181//1181
f 710//710 1183//1183 1181//1181
f 3//3 1186//1186 1185//1185
f 1184//1184 1186//1186 3//3
f 715//715 707//707 3//3
f 1185//1185 715//715 3//3
f 710//710 230//230 1183//1183
f 230//230 1187//1187 1183//1183
f 720//720 715//715 1185//1185
f 1188//1188 720//720 1185//1185
f 230//230 721//721 1187//1187
f 721//721 1189//1189 1187//1187
f 720//720 1188//1188 1032//1032
f 1032//1032 1188//1188 1190//1190
f 721//721 1034//1034 1189//1189
f 1032//1032 1190//1190 1191//1191
f 727//727 1034//1034 724//724
f 727//727 519//519 1034//1034
f 1032//1032 1191//1191 1035//1035
f 1192//1192 162//162 1191//1191
f 1191//1191 162//162 1035//1035
f 727//727 730//730 519//519
f 730//730 1193//1193 519//519
f 731//731 162//162 1192//1192
f 1194//1194 731//731 1192//1192
f 730//730 732//732 1193//1193
f 732//732 1195//1195 1193//1193
f 1194//1194 1196//1196 731//731
f 731//731 1196//1196 708//708
f 732//732 735//735 1195//1195
f 735//735 1197//1197 1195//1195
f 708//708 1196//1196 1198//1198
f 735//735 1037//1037 1197//1197
f 708//708 1198//1198 705//705
f 705//705 1198//1198 713//713
f 713//713 1198//1198 1199//1199
f 717//717 1037//1037 711//711
f 1200//1200 1037//1037 717//717
f 713//713 1199//1199 1201//1201
f 717//717 740//740 1200//1200
f 740//740 1202//1202 1200//1200
f 713//713 1201//1201 741//741
f 741//741 1201//1201 1039//1039
f 1039//1039 1201//1201 1203//1203
f 740//740 743//743 1202//1202
f 743//743 1204//1204 1202//1202
f 1042//1042 1205//1205 743//743
f 1205//1205 1204//1204 743//743
f 1040//1040 1039//1039 1206//1206
f 1039//1039 1203//1203 1206//1206
f 749//749 1040//1040 1206//1206
f 1209//1209 749//749 1206//1206
f 1205//1205 1042//1042 1211//1211
f 1211//1211 1042//1042 1043//1043
f 1044//1044 749//749 1209//1209
f 392//392 1044//1044 1209//1209
f 398//398 1211//1211 1043//1043
f 1209//1209 1212//1212 392//392
f 1211//1211 398//398 133//133
f 392//392 1212//1212 402//402
f 402//402 1212//1212 1213//1213
f 398//398 408//408 133//133
f 408//408 1214//1214 133//133
f 402//402 1213//1213 412//412
f 412//412 1213//1213 1215//1215
f 408//408 635//635 1214//1214
f 412//412 1215//1215 418//418
f 418//418 1215//1215 1216//1216
f 759//759 635//635 416//416
f 759//759 1217//1217 635//635
f 759//759 765//765 1217//1217
f 1219//1219 762//762 1216//1216
f 1216//1216 762//762 418//418
f 765//765 1223//1223 1217//1217
f 1219//1219 1046//1046 768//768
f 1219//1219 1220//1220 1046//1046
f 1220//1220 1226//1226 1046//1046
f 762//762 1219//1219 768//768
f 1228//1228 1231//1231 1223//1223
f 1228//1228 1223//1223 770//770
f 770//770 1223//1223 765//765
f 1046//1046 1226//1226 1047//1047
f 770//770 1048//1048 1228//1228
f 1047//1047 1226//1226 1050//1050
f 1050//1050 1226//1226 1233//1233
f 1048//1048 779//779 1228//1228
f 779//779 1236//1236 1228//1228
f 1052//1052 781//781 1233//1233
f 1233//1233 781//781 1050//1050
f 1237//1237 779//779 785//785
f 1236//1236 779//779 1237//1237
f 1237//1237 785//785 789//789
f 787//787 1052//1052 1238//1238
f 789//789 1053//1053 1237//1237
f 1238//1238 1058//1058 1057//1057
f 1238//1238 1057//1057 787//787
f 1054//1054 799//799 1053//1053
f 799//799 1059//1059 1053//1053
f 1239//1239 1059//1059 800//800
f 1240//1240 809//809 1058//1058
f 1061//1061 149//149 1239//1239
f 800//800 1061//1061 1239//1239
f 1240//1240 815//815 809//809
f 1240//1240 1241//1241 815//815
f 1241//1241 1242//1242 815//815
f 361//361 358//358 1243//1243
f 1063//1063 1244//1244 149//149
f 1061//1061 1063//1063 149//149
f 1245//1245 1063//1063 819//819
f 1244//1244 1063//1063 1245//1245
f 355//355 880//880 1246//1246
f 1248//1248 1246//1246 1247//1247
f 358//358 1246//1246 1248//1248
f 358//358 355//355 1246//1246
f 358//358 1248//1248 1243//1243
f 811//811 361//361 1243//1243
f 815//815 1242//1242 822//822
f 1242//1242 1250//1250 822//822
f 1246//1246 880//880 1252//1252
f 1252//1252 1247//1247 1246//1246
f 1243//1243 1064//1064 811//811
f 1243//1243 1253//1253 1064//1064
f 819//819 820//820 1245//1245
f 820//820 1249//1249 1245//1245
f 820//820 1065//1065 1249//1249
f 822//822 1250//1250 826//826
f 826//826 1250//1250 1254//1254
f 1252//1252 880//880 1255//1255
f 1255//1255 880//880 61//61
f 1007//1007 1257//1257 1256//1256
f 1007//1007 590//590 1257//1257
f 590//590 1064//1064 1257//1257
f 830//830 1007//1007 1256//1256
f 1067//1067 1065//1065 842//842
f 1254//1254 1066//1066 826//826
f 61//61 838//838 1255//1255
f 1258//1258 1067//1067 850//850
f 1254//1254 1260//1260 855//855
f 1066//1066 1254//1254 855//855
f 1262//1262 1255//1255 838//838
f 1262//1262 838//838 1261//1261
f 612//612 1256//1256 1263//1263
f 830//830 1256//1256 612//612
f 850//850 1068//1068 1258//1258
f 986//986 853//853 1260//1260
f 853//853 855//855 1260//1260
f 1261//1261 838//838 1069//1069
f 1071//1071 1263//1263 1264//1264
f 612//612 1263//1263 1071//1071
f 1264//1264 1072//1072 1071//1071
f 1265//1265 1266//1266 1068//1068
f 1265//1265 1068//1068 580//580
f 580//580 1068//1068 850//850
f 853//853 986//986 1073//1073
f 857//857 537//537 1267//1267
f 1267//1267 1069//1069 857//857
f 863//863 1264//1264 1268//1268
f 863//863 1072//1072 1264//1264
f 1073//1073 986//986 1269//1269
f 517//517 1073//1073 1269//1269
f 1270//1270 1267//1267 537//537
f 1268//1268 1264//1264 1077//1077
f 1268//1268 1077//1077 863//863
f 863//863 1077//1077 1074//1074
f 580//580 1075//1075 1265//1265
f 1271//1271 881//881 517//517
f 1251//1251 881//881 1271//1271
f 517//517 1269//1269 1271//1271
f 537//537 1076//1076 1270//1270
f 1272//1272 879//879 1077//1077
f 748//748 1273//1273 1075//1075
f 748//748 593//593 1273//1273
f 816//816 881//881 1275//1275
f 881//881 1251//1251 1275//1275
f 1078//1078 378//378 1076//1076
f 879//879 1272//1272 1277//1277
f 593//593 884//884 1273//1273
f 1274//1274 1273//1273 884//884
f 1278//1278 884//884 890//890
f 1274//1274 884//884 1278//1278
f 1279//1279 893//893 887//887
f 1275//1275 1279//1279 887//887
f 816//816 1275//1275 887//887
f 1280//1280 1076//1076 378//378
f 1280//1280 378//378 823//823
f 879//879 1277//1277 1281//1281
f 879//879 1281//1281 1282//1282
f 879//879 1282//1282 1079//1079
f 889//889 1079//1079 1282//1282
f 890//890 1081//1081 1278//1278
f 1284//1284 1081//1081 890//890
f 902//902 1287//1287 1285//1285
f 902//902 1082//1082 1287//1287
f 893//893 1279//1279 1082//1082
f 1279//1279 1287//1287 1082//1082
f 378//378 895//895 823//823
f 895//895 1085//1085 823//823
f 889//889 1282//1282 897//897
f 890//890 1083//1083 1284//1284
f 906//906 1288//1288 1083//1083
f 1288//1288 1284//1284 1083//1083
f 1288//1288 1289//1289 1290//1290
f 906//906 1289//1289 1288//1288
f 1084//1084 1293//1293 1292//1292
f 854//854 1259//1259 1084//1084
f 1259//1259 1293//1293 1084//1084
f 844//844 1259//1259 854//854
f 1286//1286 1259//1259 844//844
f 1285//1285 1286//1286 899//899
f 899//899 1286//1286 844//844
f 902//902 1285//1285 899//899
f 897//897 1295//1295 1294//1294
f 897//897 1282//1282 1295//1295
f 909//909 1289//1289 906//906
f 1290//1290 1289//1289 909//909
f 1290//1290 909//909 512//512
f 1296//1296 1290//1290 512//512
f 914//914 1292//1292 1297//1297
f 1084//1084 1292//1292 914//914
f 751//751 1299//1299 1085//1085
f 897//897 1294//1294 911//911
f 1296//1296 512//512 1300//1300
f 1300//1300 512//512 1086//1086
f 1087//1087 1301//1301 1086//1086
f 1301//1301 1300//1300 1086//1086
f 1297//1297 913//913 914//914
f 1297//1297 1303//1303 913//913
f 751//751 918//918 1299//1299
f 911//911 1294//1294 921//921
f 921//921 1294//1294 1306//1306
f 1087//1087 1088//1088 1301//1301
f 1301//1301 1310//1310 1308//1308
f 913//913 1303//1303 929//929
f 918//918 903//903 1305//1305
f 1299//1299 918//918 1305//1305
f 1088//1088 954//954 1310//1310
f 1088//1088 1310//1310 1301//1301
f 929//929 1303//1303 1090//1090
f 1090//1090 1303//1303 1313//1313
f 903//903 1315//1315 1305//1305
f 921//921 1306//1306 936//936
f 936//936 1306//1306 1316//1316
f 1310//1310 954//954 886//886
f 1090//1090 1313//1313 927//927
f 927//927 1313//1313 1093//1093
f 930//930 1092//1092 1318//1318
f 1318//1318 1319//1319 930//930
f 930//930 1319//1319 912//912
f 1320//1320 912//912 1319//1319
f 1320//1320 949//949 912//912
f 903//903 952//952 1315//1315
f 952//952 1322//1322 1315//1315
f 936//936 1316//1316 1323//1323
f 954//954 955//955 886//886
f 1318//1318 943//943 1095//1095
f 1092//1092 943//943 1318//1318
f 949//949 1320//1320 1325//1325
f 287//287 1322//1322 952//952
f 936//936 1323//1323 953//953
f 1324//1324 886//886 955//955
f 938//938 1093//1093 960//960
f 960//960 1093//1093 1098//1098
f 1327//1327 434//434 1096//1096
f 434//434 1327//1327 1095//1095
f 949//949 1325//1325 962//962
f 1325//1325 1328//1328 962//962
f 952//952 1097//1097 287//287
f 1097//1097 1326//1326 287//287
f 953//953 1323//1323 448//448
f 448//448 1323//1323 1330//1330
f 959//959 1331//1331 955//955
f 1331//1331 1324//1324 955//955
f 1332//1332 784//784 1098//1098
f 1333//1333 1334//1334 1096//1096
f 1333//1333 1096//1096 970//970
f 970//970 1096//1096 432//432
f 962//962 1328//1328 1335//1335
f 1097//1097 973//973 1326//1326
f 973//973 1337//1337 1326//1326
f 1330//1330 1099//1099 877//877
f 1330//1330 877//877 448//448
f 959//959 470//470 1331//1331
f 1332//1332 971//971 784//784
f 962//962 1335//1335 460//460
f 1339//1339 1331//1331 470//470
f 971//971 1332//1332 1100//1100
f 969//969 851//851 1341//1341
f 1341//1341 851//851 1100//1100
f 970//970 969//969 1333//1333
f 969//969 1341//1341 1333//1333
f 460//460 1335//1335 472//472
f 472//472 1335//1335 1129//1129
f 973//973 975//975 1337//1337
f 975//975 1340//1340 1337//1337
f 975//975 1342//1342 1340//1340
f 977//977 1099//1099 1343//1343
f 1345//1345 476//476 467//467
f 470//470 1345//1345 1339//1339
f 476//476 1345//1345 470//470
f 472//472 1129//1129 1346//1346
f 975//975 928//928 1342//1342
f 928//928 1347//1347 1342//1342
f 977//977 1343//1343 1348//1348
f 1349//1349 1351//1351 1350//1350
f 1102//1102 1349//1349 1350//1350
f 1345//1345 467//467 979//979
f 1353//1353 1345//1345 979//979
f 472//472 1346//1346 483//483
f 483//483 1346//1346 1354//1354
f 1356//1356 1355//1355 987//987
f 1356//1356 987//987 1348//1348
f 1348//1348 987//987 977//977
f 498//498 1102//1102 1350//1350
f 979//979 843//843 1353//1353
f 1357//1357 989//989 1354//1354
f 1354//1354 989//989 483//483
f 928//928 1103//1103 1347//1347
f 1103//1103 1104//1104 1347//1347
f 1356//1356 1358//1358 1355//1355
f 994//994 987//987 1355//1355
f 1359//1359 1102//1102 1001//1001
f 498//498 1350//1350 504//504
f 1002//1002 504//504 1350//1350
f 1329//1329 1002//1002 1350//1350
f 1003//1003 1002//1002 1329//1329
f 843//843 1003//1003 1329//1329
f 1004//1004 1003//1003 843//843
f 1105//1105 1004//1004 843//843
f 979//979 1105//1105 843//843
f 1357//1357 1360//1360 989//989
f 989//989 1360//1360 1006//1006
f 1103//1103 1106//1106 1361//1361
f 1361//1361 1104//1104 1103//1103
f 1355//1355 1358//1358 1362//1362
f 1355//1355 1362//1362 994//994
f 994//994 1362//1362 1107//1107
f 1359//1359 1001//1001 1110//1110
f 1110//1110 1001//1001 1108//1108
f 1361//1361 1106//1106 1109//1109
f 1360//1360 1111//1111 1006//1006
f 1360//1360 1363//1363 1111//1111
f 1363//1363 1365//1365 1112//1112
f 1363//1363 1112//1112 1111//1111
f 1113//1113 1112//1112 1365//1365
f 79//79 1113//1113 1365//1365
f 1114//1114 1113//1113 79//79
f 1366//1366 1114//1114 79//79
f 1115//1115 1114//1114 1366//1366
f 1366//1366 1367//1367 1115//1115
f 1115//1115 1367//1367 1117//1117
f 1012//1012 1117//1117 1367//1367
f 1109//1109 1367//1367 1361//1361
f 1012//1012 1367//1367 1109//1109
f 1362//1362 1118//1118 1107//1107
f 1362//1362 1368//1368 1118//1118
f 1119//1119 1118//1118 1368//1368
f 184//184 1120//1120 1368//1368
f 1368//1368 1120//1120 1119//1119
f 1121//1121 1120//1120 184//184
f 1370//1370 1121//1121 184//184
f 1122//1122 1121//1121 1370//1370
f 1124//1124 1371//1371 736//736
f 736//736 1371//1371 1110//1110
f 1370//1370 1125//1125 1122//1122
f 1124//1124 1125//1125 1371//1371
f 1127//1127 1373//1373 1126//1126
f 1373//1373 1372//1372 1126//1126
f 1128//1128 1374//1374 1127//1127
f 1374//1374 1373//1373 1127//1127
f 1130//1130 1374//1374 1128//1128
f 1375//1375 1374//1374 1130//1130
f 1130//1130 165//165 1375//1375
f 1126//1126 1372//1372 1131//1131
f 165//165 1025//1025 1377//1377
f 1130//1130 1025//1025 165//165
f 1131//1131 1376//1376 1378//1378
f 1025//1025 1379//1379 1377//1377
f 1378//1378 1101//1101 1131//1131
f 1025//1025 1132//1132 1379//1379
f 1101//1101 1380//1380 1133//1133
f 1378//1378 1380//1380 1101//1101
f 1132//1132 1134//1134 1379//1379
f 1134//1134 1381//1381 1379//1379
f 1134//1134 1136//1136 1381//1381
f 1135//1135 1133//1133 1382//1382
f 1136//1136 1383//1383 1381//1381
f 1135//1135 1382//1382 1137//1137
f 1137//1137 1382//1382 1384//1384
f 1136//1136 1027//1027 1383//1383
f 1027//1027 1385//1385 1383//1383
f 1137//1137 1384//1384 1138//1138
f 1138//1138 1384//1384 1386//1386
f 1027//1027 1139//1139 1385//1385
f 1139//1139 1387//1387 1385//1385
f 1138//1138 1386//1386 1140//1140
f 1140//1140 1386//1386 1388//1388
f 1139//1139 1141//1141 1387//1387
f 1141//1141 1389//1389 1387//1387
f 1141//1141 1391//1391 1389//1389
f 1140//1140 1390//1390 1143//1143
f 1143//1143 1390//1390 1392//1392
f 1144//1144 1393//1393 1391//1391
f 1144//1144 1391//1391 1141//1141
f 1143//1143 1392//1392 1145//1145
f 1145//1145 1392//1392 1394//1394
f 1145//1145 1394//1394 1149//1149
f 1149//1149 1394//1394 919//919
f 1151//1151 1396//1396 1147//1147
f 1396//1396 1395//1395 1147//1147
f 1152//1152 1149//1149 1397//1397
f 1149//1149 919//919 1397//1397
f 1151//1151 1150//1150 1398//1398
f 1398//1398 1150//1150 1031//1031
f 1153//1153 1152//1152 1399//1399
f 1031//1031 1154//1154 1398//1398
f 1154//1154 1400//1400 1398//1398
f 1153//1153 1399//1399 1155//1155
f 1155//1155 1399//1399 1401//1401
f 1154//1154 1156//1156 1400//1400
f 1156//1156 1402//1402 1400//1400
f 1155//1155 1403//1403 1157//1157
f 1403//1403 1404//1404 1157//1157
f 1156//1156 1158//1158 1402//1402
f 1158//1158 1405//1405 1402//1402
f 1157//1157 1404//1404 1160//1160
f 1160//1160 1404//1404 1406//1406
f 1158//1158 1162//1162 1405//1405
f 1405//1405 1162//1162 1161//1161
f 1160//1160 1406//1406 1163//1163
f 1163//1163 1406//1406 1166//1166
f 1166//1166 1406//1406 1408//1408
f 1409//1409 1168//1168 1167//1167
f 1161//1161 1168//1168 1407//1407
f 1164//1164 1410//1410 1169//1169
f 1164//1164 1166//1166 1410//1410
f 1166//1166 1408//1408 1410//1410
f 1167//1167 1170//1170 1409//1409
f 1170//1170 1411//1411 1409//1409
f 1169//1169 1410//1410 1412//1412
f 1169//1169 1412//1412 1171//1171
f 1171//1171 1412//1412 1413//1413
f 1170//1170 1172//1172 1411//1411
f 1172//1172 1414//1414 1411//1411
f 1413//1413 1173//1173 1171//1171
f 1172//1172 972//972 1414//1414
f 972//972 1416//1416 1414//1414
f 1173//1173 1415//1415 910//910
f 1415//1415 1417//1417 910//910
f 1418//1418 1419//1419 1416//1416
f 1418//1418 1416//1416 972//972
f 1418//1418 1420//1420 1419//1419
f 910//910 1417//1417 1174//1174
f 1174//1174 1417//1417 1352//1352
f 972//972 1175//1175 1418//1418
f 1175//1175 1420//1420 1418//1418
f 1174//1174 1352//1352 935//935
f 935//935 1352//1352 1421//1421
f 1176//1176 1422//1422 1175//1175
f 935//935 1421//1421 723//723
f 723//723 1421//1421 1423//1423
f 1424//1424 1177//1177 974//974
f 1176//1176 1177//1177 1422//1422
f 1423//1423 1178//1178 723//723
f 974//974 1179//1179 1424//1424
f 1179//1179 1425//1425 1424//1424
f 1178//1178 1426//1426 1180//1180
f 1180//1180 1426//1426 1427//1427
f 1179//1179 1181//1181 1425//1425
f 1181//1181 1428//1428 1425//1425
f 1429//1429 3//3 1180//1180
f 1181//1181 1183//1183 1428//1428
f 1183//1183 1430//1430 1428//1428
f 3//3 1429//1429 1184//1184
f 1184//1184 1429//1429 1433//1433
f 1183//1183 1434//1434 1430//1430
f 1184//1184 1433//1433 1186//1186
f 1186//1186 1433//1433 1435//1435
f 1183//1183 1187//1187 1434//1434
f 1187//1187 1436//1436 1434//1434
f 1186//1186 1435//1435 1185//1185
f 1185//1185 1435//1435 1437//1437
f 1187//1187 1189//1189 1436//1436
f 1189//1189 1438//1438 1436//1436
f 1185//1185 1437//1437 1188//1188
f 1190//1190 1188//1188 1440//1440
f 1189//1189 1034//1034 1438//1438
f 1034//1034 1441//1441 1438//1438
f 1190//1190 1440//1440 1191//1191
f 1191//1191 1440//1440 1442//1442
f 1034//1034 519//519 1441//1441
f 519//519 1443//1443 1441//1441
f 1191//1191 1442//1442 1192//1192
f 519//519 1193//1193 1443//1443
f 1193//1193 1445//1445 1443//1443
f 1192//1192 1444//1444 1194//1194
f 1193//1193 1195//1195 1445//1445
f 1195//1195 327//327 1445//1445
f 1195//1195 664//664 327//327
f 1196//1196 1446//1446 1447//1447
f 1194//1194 1446//1446 1196//1196
f 1195//1195 1197//1197 664//664
f 1197//1197 1448//1448 664//664
f 1198//1198 1196//1196 1449//1449
f 1197//1197 1037//1037 1448//1448
f 1037//1037 677//677 1448//1448
f 1198//1198 1449//1449 1199//1199
f 1199//1199 1449//1449 1450//1450
f 1037//1037 1200//1200 677//677
f 1200//1200 640//640 677//677
f 1199//1199 1450//1450 1201//1201
f 1201//1201 1450//1450 1452//1452
f 1200//1200 1202//1202 640//640
f 1202//1202 1455//1455 640//640
f 1201//1201 1452//1452 1203//1203
f 1203//1203 1452//1452 1456//1456
f 1202//1202 1204//1204 1455//1455
f 1204//1204 1457//1457 1455//1455
f 1203//1203 1456//1456 1458//1458
f 1204//1204 1205//1205 1457//1457
f 1205//1205 1459//1459 1457//1457
f 1203//1203 1458//1458 1206//1206
f 1206//1206 1458//1458 1209//1209
f 1209//1209 1458//1458 1460//1460
f 1205//1205 1211//1211 1459//1459
f 1209//1209 1460//1460 1462//1462
f 1461//1461 1211//1211 133//133
f 1209//1209 1462//1462 1212//1212
f 1212//1212 1462//1462 1213//1213
f 1213//1213 1462//1462 1464//1464
f 133//133 1214//1214 1463//1463
f 1214//1214 1465//1465 1463//1463
f 1213//1213 1464//1464 1215//1215
f 1215//1215 1464//1464 1466//1466
f 1214//1214 635//635 1465//1465
f 635//635 1467//1467 1465//1465
f 1215//1215 1466//1466 1216//1216
f 1216//1216 1466//1466 1468//1468
f 635//635 1217//1217 1467//1467
f 1217//1217 1469//1469 1467//1467
f 1470//1470 1220//1220 1219//1219
f 1216//1216 1468//1468 1219//1219
f 1217//1217 1223//1223 1469//1469
f 1223//1223 1472//1472 1469//1469
f 1220//1220 1470//1470 1226//1226
f 1226//1226 1470//1470 1474//1474
f 1231//1231 1477//1477 1472//1472
f 1223//1223 1231//1231 1472//1472
f 1477//1477 1231//1231 1228//1228
f 1226//1226 1474//1474 1233//1233
f 1233//1233 1474//1474 1482//1482
f 1236//1236 1480//1480 1228//1228
f 1236//1236 1483//1483 1480//1480
f 1233//1233 1482//1482 1052//1052
f 1483//1483 1237//1237 1485//1485
f 1236//1236 1237//1237 1483//1483
f 1052//1052 1369//1369 1486//1486
f 1486//1486 1238//1238 1052//1052
f 1053//1053 1489//1489 1237//1237
f 1238//1238 1487//1487 1058//1058
f 1487//1487 1490//1490 1058//1058
f 1059//1059 1491//1491 1489//1489
f 1059//1059 1489//1489 1053//1053
f 1493//1493 1241//1241 1240//1240
f 1058//1058 1490//1490 1240//1240
f 149//149 1494//1494 1239//1239
f 1495//1495 1242//1242 1493//1493
f 1493//1493 1242//1242 1241//1241
f 1244//1244 1497//1497 149//149
f 1497//1497 1244//1244 1245//1245
f 1495//1495 395//395 1242//1242
f 1242//1242 395//395 1250//1250
f 1500//1500 1247//1247 1499//1499
f 1500//1500 1243//1243 1247//1247
f 1243//1243 1248//1248 1247//1247
f 1243//1243 1500//1500 1253//1253
f 1501//1501 1064//1064 1500//1500
f 1500//1500 1064//1064 1253//1253
f 1249//1249 1065//1065 1245//1245
f 1065//1065 1502//1502 1245//1245
f 1250//1250 395//395 1254//1254
f 1254//1254 395//395 1503//1503
f 1499//1499 1255//1255 1506//1506
f 1247//1247 1255//1255 1499//1499
f 1247//1247 1252//1252 1255//1255
f 1064//1064 1501//1501 1257//1257
f 1502//1502 1065//1065 1067//1067
f 1514//1514 1256//1256 1257//1257
f 1511//1511 1514//1514 1257//1257
f 1258//1258 1516//1516 1067//1067
f 1508//1508 1260//1260 1254//1254
f 1517//1517 1262//1262 1261//1261
f 1256//1256 1514//1514 1263//1263
f 1068//1068 1518//1518 1258//1258
f 1260//1260 1508//1508 986//986
f 1508//1508 1520//1520 986//986
f 1454//1454 1261//1261 1069//1069
f 1263//1263 1521//1521 1522//1522
f 1263//1263 1522//1522 1264//1264
f 1266//1266 1525//1525 1068//1068
f 1525//1525 1266//1266 1265//1265
f 1520//1520 1526//1526 986//986
f 1069//1069 1267//1267 1454//1454
f 986//986 1526//1526 1269//1269
f 1270//1270 1528//1528 1267//1267
f 1528//1528 1454//1454 1267//1267
f 1077//1077 1264//1264 1529//1529
f 1075//1075 1513//1513 1527//1527
f 1265//1265 1075//1075 1527//1527
f 1530//1530 1251//1251 1271//1271
f 1269//1269 1526//1526 1271//1271
f 44//44 1270//1270 1076//1076
f 1272//1272 1077//1077 1529//1529
f 1273//1273 1531//1531 1075//1075
f 1531//1531 1273//1273 1274//1274
f 1251//1251 1532//1532 1275//1275
f 1272//1272 1529//1529 1533//1533
f 1272//1272 1533//1533 1277//1277
f 1278//1278 1535//1535 1274//1274
f 1535//1535 1534//1534 1274//1274
f 1275//1275 1532//1532 1537//1537
f 1279//1279 1275//1275 1537//1537
f 1538//1538 1280//1280 823//823
f 1076//1076 1280//1280 44//44
f 1281//1281 1277//1277 1539//1539
f 1535//1535 1278//1278 1081//1081
f 1535//1535 1081//1081 1540//1540
f 1540//1540 1081//1081 1284//1284
f 1541//1541 1286//1286 1285//1285
f 1287//1287 1542//1542 1285//1285
f 1542//1542 1541//1541 1285//1285
f 1279//1279 1537//1537 1287//1287
f 823//823 1085//1085 1538//1538
f 1085//1085 1543//1543 1538//1538
f 1281//1281 1539//1539 1282//1282
f 1539//1539 1545//1545 1282//1282
f 1288//1288 1546//1546 1284//1284
f 1290//1290 1548//1548 1288//1288
f 1548//1548 1546//1546 1288//1288
f 1552//1552 1292//1292 1293//1293
f 1551//1551 1292//1292 1552//1552
f 1259//1259 1553//1553 1293//1293
f 1553//1553 1552//1552 1293//1293
f 1286//1286 1555//1555 1259//1259
f 1555//1555 1553//1553 1259//1259
f 1286//1286 1541//1541 1555//1555
f 1282//1282 1545//1545 1295//1295
f 1296//1296 1557//1557 1290//1290
f 1557//1557 1505//1505 1290//1290
f 1300//1300 1510//1510 1296//1296
f 1510//1510 1557//1557 1296//1296
f 1300//1300 1512//1512 1510//1510
f 1292//1292 1551//1551 1297//1297
f 1085//1085 1299//1299 1543//1543
f 1299//1299 1558//1558 1543//1543
f 1294//1294 1545//1545 1559//1559
f 1295//1295 1545//1545 1294//1294
f 1512//1512 1300//1300 1301//1301
f 1512//1512 1301//1301 1560//1560
f 1308//1308 1561//1561 1301//1301
f 1561//1561 1560//1560 1301//1301
f 1297//1297 944//944 1303//1303
f 1303//1303 944//944 1563//1563
f 1299//1299 1305//1305 1558//1558
f 1305//1305 1091//1091 1558//1558
f 1306//1306 1294//1294 1565//1565
f 1310//1310 1566//1566 1308//1308
f 1303//1303 1563//1563 1313//1313
f 1313//1313 1563//1563 1567//1567
f 1305//1305 1315//1315 1091//1091
f 1315//1315 1569//1569 1091//1091
f 1306//1306 1565//1565 1316//1316
f 1316//1316 1565//1565 1572//1572
f 1310//1310 886//886 1566//1566
f 886//886 1573//1573 1566//1566
f 1313//1313 1567//1567 1093//1093
f 1093//1093 1567//1567 891//891
f 1319//1319 1318//1318 1320//1320
f 1315//1315 1322//1322 1569//1569
f 1322//1322 1089//1089 1569//1569
f 1316//1316 1572//1572 1323//1323
f 1323//1323 1572//1572 1574//1574
f 886//886 1324//1324 1573//1573
f 1324//1324 503//503 1573//1573
f 1095//1095 917//917 1318//1318
f 1318//1318 917//917 1320//1320
f 1320//1320 1575//1575 1325//1325
f 287//287 926//926 1089//1089
f 1322//1322 287//287 1089//1089
f 926//926 287//287 1326//1326
f 1093//1093 891//891 1098//1098
f 1098//1098 891//891 1182//1182
f 1576//1576 1327//1327 1096//1096
f 1095//1095 1327//1327 917//917
f 1323//1323 1574//1574 1330//1330
f 1330//1330 1574//1574 1577//1577
f 1579//1579 1324//1324 1578//1578
f 1578//1578 1324//1324 1331//1331
f 1324//1324 1579//1579 503//503
f 1581//1581 1332//1332 1098//1098
f 1182//1182 1581//1581 1098//1098
f 1568//1568 1096//1096 1334//1334
f 1335//1335 1328//1328 1582//1582
f 1337//1337 937//937 1326//1326
f 1583//1583 1099//1099 1330//1330
f 1331//1331 1339//1339 1578//1578
f 1339//1339 1584//1584 1578//1578
f 1334//1334 1333//1333 1568//1568
f 1337//1337 1586//1586 937//937
f 1587//1587 1590//1590 1588//1588
f 1349//1349 1587//1587 1588//1588
f 1100//1100 1332//1332 1591//1591
f 1341//1341 1100//1100 1592//1592
f 1592//1592 1100//1100 1591//1591
f 1333//1333 1341//1341 1594//1594
f 1594//1594 1341//1341 1592//1592
f 1333//1333 1594//1594 1585//1585
f 1335//1335 1582//1582 1129//1129
f 1129//1129 1582//1582 1595//1595
f 1340//1340 1342//1342 1337//1337
f 1342//1342 1596//1596 1337//1337
f 1099//1099 1583//1583 1343//1343
f 1343//1343 1583//1583 1597//1597
f 1587//1587 1349//1349 1598//1598
f 1588//1588 1351//1351 1349//1349
f 1590//1590 1600//1600 1351//1351
f 1590//1590 1351//1351 1588//1588
f 1602//1602 1345//1345 1601//1601
f 1339//1339 1602//1602 1584//1584
f 1345//1345 1602//1602 1339//1339
f 1129//1129 1595//1595 1346//1346
f 1346//1346 1595//1595 1604//1604
f 1347//1347 1596//1596 1342//1342
f 1343//1343 1597//1597 1348//1348
f 1348//1348 1597//1597 1605//1605
f 1349//1349 1102//1102 1598//1598
f 1598//1598 1102//1102 1607//1607
f 1600//1600 1329//1329 1351//1351
f 1600//1600 1608//1608 843//843
f 1329//1329 1600//1600 843//843
f 1608//1608 1601//1601 843//843
f 1601//1601 1432//1432 1353//1353
f 843//843 1601//1601 1353//1353
f 1345//1345 1353//1353 1432//1432
f 1345//1345 1432//1432 1601//1601
f 1354//1354 1610//1610 1357//1357
f 1604//1604 1354//1354 1346//1346
f 1348//1348 1605//1605 1356//1356
f 1350//1350 1351//1351 1329//1329
f 1347//1347 1104//1104 1562//1562
f 1104//1104 1614//1614 1562//1562
f 1356//1356 1612//1612 1358//1358
f 1358//1358 1612//1612 528//528
f 1359//1359 1617//1617 1607//1607
f 1102//1102 1359//1359 1607//1607
f 1360//1360 1357//1357 1618//1618
f 1104//1104 1524//1524 1614//1614
f 1358//1358 528//528 1362//1362
f 1618//1618 1357//1357 1619//1619
f 1618//1618 1619//1619 1360//1360
f 1104//1104 1361//1361 1524//1524
f 1362//1362 528//528 1621//1621
f 1625//1625 1363//1363 1624//1624
f 1624//1624 1363//1363 1360//1360
f 1361//1361 1367//1367 1524//1524
f 1368//1368 1362//1362 1627//1627
f 1627//1627 1362//1362 1621//1621
f 1627//1627 184//184 1368//1368
f 1629//1629 1630//1630 1371//1371
f 1110//1110 1630//1630 1623//1623
f 1371//1371 1630//1630 1110//1110
f 1363//1363 1625//1625 1632//1632
f 1365//1365 1363//1363 1634//1634
f 1634//1634 1363//1363 1632//1632
f 79//79 1365//1365 1635//1635
f 1635//1635 1365//1365 1634//1634
f 1366//1366 79//79 1636//1636
f 1636//1636 79//79 1635//1635
f 1367//1367 1366//1366 1626//1626
f 1370//1370 184//184 42//42
f 42//42 184//184 1637//1637
f 1125//1125 1370//1370 42//42
f 47//47 1125//1125 42//42
f 1371//1371 1125//1125 47//47
f 1131//1131 1372//1372 1376//1376
f 165//165 1377//1377 1375//1375
f 1133//1133 1380//1380 1382//1382
f 1140//1140 1388//1388 1390//1390
f 1393//1393 1395//1395 1391//1391
f 1393//1393 1144//1144 1395//1395
f 1144//1144 1147//1147 1395//1395
f 1395//1395 1396//1396 1639//1639
f 1397//1397 919//919 1638//1638
f 1396//1396 1151//1151 1398//1398
f 1396//1396 1398//1398 1639//1639
f 1152//1152 1397//1397 1399//1399
f 1155//1155 1401//1401 1403//1403
f 1405//1405 1640//1640 1402//1402
f 1404//1404 1403//1403 1406//1406
f 1405//1405 1407//1407 1640//1640
f 1161//1161 1407//1407 1405//1405
f 1407//1407 1168//1168 1409//1409
f 1407//1407 1409//1409 1641//1641
f 1409//1409 1411//1411 1641//1641
f 1415//1415 1173//1173 1413//1413
f 1419//1419 1420//1420 1416//1416
f 1175//1175 1422//1422 1420//1420
f 1421//1421 1642//1642 1423//1423
f 1422//1422 1177//1177 1424//1424
f 1422//1422 1424//1424 1643//1643
f 1426//1426 1178//1178 1423//1423
f 1180//1180 1427//1427 1429//1429
f 1433//1433 1429//1429 1435//1435
f 1435//1435 1429//1429 1646//1646
f 1434//1434 1436//1436 1430//1430
f 1436//1436 1647//1647 1430//1430
f 1435//1435 1646//1646 1437//1437
f 1436//1436 1438//1438 1647//1647
f 1188//1188 1437//1437 1440//1440
f 1444//1444 1192//1192 1442//1442
f 1446//1446 1194//1194 1444//1444
f 327//327 664//664 1445//1445
f 1196//1196 1447//1447 1449//1449
f 1459//1459 1211//1211 1461//1461
f 1463//1463 1461//1461 133//133
f 1648//1648 1470//1470 1219//1219
f 1219//1219 1468//1468 1648//1648
f 1477//1477 1650//1650 1472//1472
f 1650//1650 1477//1477 1228//1228
f 1228//1228 1480//1480 1650//1650
f 1369//1369 1052//1052 1482//1482
f 1483//1483 1485//1485 1480//1480
f 1487//1487 1238//1238 1486//1486
f 1237//1237 1489//1489 1485//1485
f 1491//1491 1059//1059 1652//1652
f 1059//1059 1239//1239 1652//1652
f 1651//1651 1493//1493 1240//1240
f 1240//1240 1490//1490 1651//1651
f 1239//1239 1494//1494 1652//1652
f 149//149 1497//1497 1494//1494
f 1498//1498 1497//1497 1245//1245
f 1653//1653 1498//1498 1245//1245
f 1245//1245 1502//1502 1653//1653
f 1499//1499 1506//1506 1500//1500
f 1500//1500 1506//1506 1556//1556
f 1511//1511 1257//1257 1501//1501
f 1654//1654 1502//1502 1067//1067
f 1503//1503 1508//1508 1254//1254
f 1506//1506 1255//1255 1550//1550
f 1067//1067 1516//1516 1654//1654
f 1262//1262 1517//1517 1655//1655
f 1255//1255 1262//1262 1655//1655
f 1255//1255 1655//1655 1550//1550
f 1506//1506 1550//1550 1656//1656
f 1550//1550 1655//1655 1656//1656
f 1657//1657 1506//1506 1656//1656
f 1506//1506 1657//1657 1556//1556
f 1521//1521 1263//1263 1514//1514
f 1258//1258 1518//1518 1516//1516
f 1655//1655 1261//1261 1454//1454
f 1655//1655 1517//1517 1261//1261
f 1521//1521 1658//1658 1522//1522
f 1525//1525 1527//1527 1518//1518
f 1068//1068 1525//1525 1518//1518
f 1527//1527 1525//1525 1265//1265
f 1522//1522 1660//1660 1529//1529
f 1536//1536 1454//1454 1528//1528
f 1264//1264 1522//1522 1529//1529
f 1513//1513 1509//1509 1527//1527
f 1549//1549 1530//1530 1271//1271
f 1271//1271 1526//1526 1549//1549
f 1528//1528 1270//1270 44//44
f 1533//1533 1529//1529 239//239
f 1075//1075 1531//1531 1513//1513
f 1534//1534 1531//1531 1274//1274
f 1532//1532 1251//1251 1530//1530
f 1533//1533 239//239 1277//1277
f 1532//1532 1453//1453 1537//1537
f 1280//1280 1538//1538 44//44
f 1277//1277 239//239 1539//1539
f 1535//1535 1540//1540 1659//1659
f 1287//1287 1663//1663 1542//1542
f 1663//1663 1541//1541 1542//1542
f 1287//1287 1537//1537 1663//1663
f 1538//1538 1543//1543 1661//1661
f 1539//1539 1662//1662 1545//1545
f 1284//1284 1546//1546 1540//1540
f 1290//1290 1505//1505 1548//1548
f 1297//1297 1551//1551 944//944
f 1294//1294 1559//1559 1565//1565
f 1308//1308 1566//1566 1561//1561
f 891//891 1567//1567 1664//1664
f 1320//1320 917//917 1575//1575
f 1670//1670 1327//1327 1576//1576
f 1665//1665 1327//1327 1670//1670
f 917//917 1327//1327 1665//1665
f 1575//1575 1672//1672 1325//1325
f 1325//1325 1672//1672 1328//1328
f 926//926 937//937 1089//1089
f 926//926 1326//1326 937//937
f 1667//1667 1611//1611 1666//1666
f 1578//1578 503//503 1579//1579
f 1182//1182 1669//1669 1581//1581
f 1576//1576 1096//1096 1568//1568
f 1328//1328 1672//1672 1582//1582
f 1577//1577 1583//1583 1330//1330
f 1611//1611 1590//1590 1666//1666
f 1666//1666 1590//1590 1587//1587
f 1590//1590 1611//1611 1571//1571
f 1333//1333 1585//1585 1568//1568
f 1673//1673 1586//1586 1337//1337
f 1591//1591 1581//1581 1675//1675
f 1332//1332 1581//1581 1591//1591
f 1594//1594 1592//1592 1677//1677
f 1594//1594 1677//1677 1585//1585
f 1337//1337 1596//1596 1673//1673
f 1590//1590 1571//1571 1600//1600
f 1571//1571 1608//1608 1600//1600
f 1604//1604 1595//1595 1668//1668
f 1562//1562 1596//1596 1347//1347
f 1354//1354 1604//1604 1610//1610
f 1356//1356 1605//1605 1612//1612
f 1562//1562 1614//1614 1679//1679
f 1671//1671 1562//1562 1679//1679
f 1679//1679 1614//1614 1524//1524
f 528//528 1685//1685 1621//1621
f 1623//1623 1617//1617 1359//1359
f 1357//1357 1610//1610 1619//1619
f 1619//1619 1610//1610 1681//1681
f 1619//1619 1681//1681 1360//1360
f 1359//1359 1110//1110 1623//1623
f 1360//1360 1681//1681 1624//1624
f 1367//1367 1626//1626 1524//1524
f 184//184 1627//1627 1637//1637
f 1630//1630 1629//1629 1623//1623
f 1625//1625 1624//1624 1632//1632
f 1366//1366 1636//1636 1626//1626
f 1371//1371 47//47 1629//1629
f 1372//1372 1373//1373 1687//1687
f 1688//1688 1687//1687 1373//1373
f 1374//1374 1451//1451 1373//1373
f 1451//1451 1688//1688 1373//1373
f 1375//1375 1451//1451 1374//1374
f 1451//1451 1375//1375 1689//1689
f 1687//1687 293//293 1690//1690
f 1687//1687 1690//1690 1376//1376
f 1687//1687 1376//1376 1372//1372
f 1375//1375 295//295 1689//1689
f 295//295 1375//1375 1377//1377
f 1690//1690 1691//1691 1376//1376
f 1377//1377 1692//1692 766//766
f 1377//1377 766//766 295//295
f 1376//1376 1691//1691 1378//1378
f 1377//1377 1379//1379 1692//1692
f 1378//1378 1691//1691 1380//1380
f 1380//1380 1691//1691 1693//1693
f 1379//1379 1381//1381 1692//1692
f 1381//1381 1694//1694 1692//1692
f 1380//1380 1693//1693 1695//1695
f 1380//1380 1695//1695 1382//1382
f 1381//1381 1383//1383 1694//1694
f 1383//1383 1696//1696 1694//1694
f 1382//1382 1695//1695 1384//1384
f 1384//1384 1695//1695 1276//1276
f 1696//1696 1385//1385 1698//1698
f 1696//1696 1383//1383 1385//1385
f 1386//1386 1384//1384 1276//1276
f 1699//1699 1698//1698 1385//1385
f 1276//1276 1700//1700 1386//1386
f 1387//1387 1699//1699 1385//1385
f 1700//1700 1283//1283 1386//1386
f 1283//1283 1388//1388 1386//1386
f 1699//1699 1387//1387 1701//1701
f 1387//1387 1389//1389 1701//1701
f 1388//1388 1283//1283 1702//1702
f 1390//1390 1702//1702 1392//1392
f 1702//1702 1390//1390 1388//1388
f 1389//1389 1391//1391 1701//1701
f 1391//1391 1703//1703 1701//1701
f 1392//1392 1704//1704 1394//1394
f 1702//1702 1704//1704 1392//1392
f 1395//1395 1705//1705 1391//1391
f 1391//1391 1705//1705 1703//1703
f 1394//1394 1704//1704 919//919
f 919//919 1707//1707 1638//1638
f 1704//1704 1707//1707 919//919
f 1395//1395 1639//1639 1705//1705
f 1639//1639 1709//1709 1705//1705
f 1638//1638 1707//1707 1397//1397
f 1397//1397 1707//1707 1710//1710
f 1639//1639 1398//1398 1709//1709
f 1398//1398 1711//1711 1709//1709
f 1397//1397 1710//1710 1712//1712
f 1711//1711 1398//1398 1713//1713
f 1399//1399 1397//1397 1712//1712
f 1400//1400 1713//1713 1398//1398
f 1712//1712 241//241 1399//1399
f 241//241 1401//1401 1399//1399
f 1402//1402 1713//1713 1400//1400
f 1714//1714 1713//1713 1402//1402
f 1401//1401 241//241 1715//1715
f 1403//1403 1401//1401 1715//1715
f 1402//1402 1640//1640 1714//1714
f 1640//1640 1716//1716 1714//1714
f 1403//1403 108//108 1406//1406
f 108//108 1403//1403 1715//1715
f 1640//1640 1717//1717 1716//1716
f 1406//1406 108//108 1408//1408
f 1640//1640 1407//1407 1717//1717
f 1408//1408 1718//1718 1410//1410
f 108//108 1718//1718 1408//1408
f 1407//1407 1641//1641 1717//1717
f 1641//1641 1719//1719 1717//1717
f 1410//1410 1718//1718 1412//1412
f 1412//1412 1718//1718 1721//1721
f 1641//1641 1411//1411 1719//1719
f 1411//1411 1722//1722 1719//1719
f 1722//1722 1411//1411 1723//1723
f 1412//1412 1721//1721 1413//1413
f 1413//1413 1721//1721 1725//1725
f 1414//1414 1723//1723 1411//1411
f 1413//1413 1725//1725 1415//1415
f 1415//1415 1725//1725 1726//1726
f 1723//1723 1414//1414 1727//1727
f 1414//1414 1416//1416 1727//1727
f 1415//1415 1726//1726 1417//1417
f 1417//1417 1728//1728 1352//1352
f 1726//1726 1728//1728 1417//1417
f 1420//1420 1364//1364 1416//1416
f 1416//1416 1364//1364 1727//1727
f 1352//1352 1728//1728 1421//1421
f 1420//1420 1422//1422 1730//1730
f 1364//1364 1420//1420 1730//1730
f 1421//1421 1729//1729 1642//1642
f 1728//1728 1729//1729 1421//1421
f 1422//1422 1643//1643 1730//1730
f 1729//1729 1423//1423 1642//1642
f 1731//1731 1423//1423 1729//1729
f 1643//1643 1424//1424 1730//1730
f 1424//1424 1732//1732 1730//1730
f 1423//1423 1731//1731 1426//1426
f 1426//1426 1731//1731 1733//1733
f 1424//1424 1425//1425 1732//1732
f 1425//1425 1734//1734 1732//1732
f 1426//1426 1733//1733 1427//1427
f 1427//1427 1733//1733 1736//1736
f 1734//1734 1425//1425 1737//1737
f 1425//1425 1428//1428 1737//1737
f 1427//1427 1736//1736 1429//1429
f 1429//1429 1736//1736 1738//1738
f 1428//1428 1430//1430 1737//1737
f 1430//1430 1739//1739 1737//1737
f 1429//1429 1740//1740 1646//1646
f 1740//1740 1429//1429 1738//1738
f 1430//1430 1647//1647 1739//1739
f 1647//1647 1741//1741 1739//1739
f 1742//1742 1646//1646 1740//1740
f 1647//1647 1438//1438 1741//1741
f 1438//1438 1744//1744 1741//1741
f 1437//1437 1646//1646 1742//1742
f 1437//1437 1742//1742 1440//1440
f 1440//1440 1742//1742 1745//1745
f 1165//1165 1744//1744 1441//1441
f 1744//1744 1438//1438 1441//1441
f 1440//1440 1745//1745 1442//1442
f 1442//1442 1745//1745 1746//1746
f 1443//1443 1165//1165 1441//1441
f 1747//1747 1165//1165 1443//1443
f 1442//1442 1746//1746 1444//1444
f 1444//1444 1746//1746 1748//1748
f 1443//1443 1445//1445 1747//1747
f 1445//1445 1749//1749 1747//1747
f 1446//1446 1444//1444 1750//1750
f 1750//1750 1444//1444 1748//1748
f 1445//1445 664//664 1749//1749
f 664//664 1751//1751 1749//1749
f 1446//1446 1750//1750 1447//1447
f 1447//1447 1750//1750 1752//1752
f 664//664 1448//1448 1751//1751
f 1448//1448 1753//1753 1751//1751
f 1447//1447 1752//1752 1449//1449
f 1449//1449 1752//1752 1754//1754
f 1753//1753 677//677 1755//1755
f 1753//1753 1448//1448 677//677
f 1754//1754 1756//1756 1449//1449
f 1756//1756 1450//1450 1449//1449
f 640//640 1755//1755 677//677
f 1758//1758 1755//1755 640//640
f 1450//1450 1756//1756 1452//1452
f 1452//1452 1756//1756 1760//1760
f 1455//1455 1758//1758 640//640
f 1761//1761 1758//1758 1455//1455
f 1452//1452 1760//1760 1456//1456
f 1456//1456 1760//1760 1762//1762
f 1763//1763 1761//1761 1457//1457
f 1761//1761 1455//1455 1457//1457
f 1456//1456 1762//1762 1458//1458
f 1458//1458 1762//1762 1764//1764
f 1459//1459 1763//1763 1457//1457
f 1765//1765 1763//1763 1459//1459
f 1458//1458 1766//1766 1460//1460
f 1764//1764 1766//1766 1458//1458
f 1767//1767 1766//1766 1764//1764
f 1459//1459 1461//1461 1765//1765
f 1461//1461 1768//1768 1765//1765
f 1460//1460 1766//1766 1462//1462
f 1461//1461 1463//1463 1770//1770
f 1461//1461 1770//1770 1768//1768
f 1771//1771 1462//1462 1766//1766
f 1770//1770 1463//1463 1772//1772
f 1462//1462 1771//1771 1464//1464
f 1464//1464 1771//1771 1773//1773
f 1465//1465 1772//1772 1463//1463
f 1774//1774 1772//1772 1465//1465
f 1464//1464 1773//1773 1466//1466
f 1466//1466 1773//1773 1775//1775
f 1467//1467 1774//1774 1465//1465
f 1776//1776 1774//1774 1467//1467
f 1466//1466 1775//1775 1468//1468
f 1468//1468 1775//1775 1777//1777
f 1469//1469 1776//1776 1467//1467
f 1778//1778 1776//1776 1469//1469
f 1468//1468 1777//1777 1648//1648
f 1648//1648 1777//1777 1779//1779
f 1469//1469 1472//1472 1778//1778
f 1472//1472 1780//1780 1778//1778
f 1470//1470 1781//1781 1474//1474
f 1648//1648 1781//1781 1470//1470
f 1781//1781 1648//1648 1779//1779
f 1650//1650 1782//1782 1783//1783
f 1650//1650 1783//1783 1472//1472
f 1472//1472 1783//1783 1780//1780
f 1781//1781 1784//1784 1474//1474
f 1784//1784 1482//1482 1474//1474
f 1782//1782 1785//1785 1783//1783
f 1782//1782 1650//1650 1785//1785
f 1650//1650 1480//1480 1785//1785
f 1482//1482 1784//1784 1369//1369
f 1369//1369 1784//1784 1786//1786
f 1787//1787 1480//1480 1485//1485
f 1785//1785 1480//1480 1787//1787
f 1369//1369 1786//1786 1486//1486
f 1485//1485 806//806 1787//1787
f 1789//1789 1486//1486 1786//1786
f 1789//1789 1487//1487 1486//1486
f 1489//1489 1790//1790 1791//1791
f 1489//1489 1791//1791 1485//1485
f 1485//1485 1791//1791 806//806
f 1490//1490 1487//1487 1792//1792
f 1792//1792 1487//1487 1789//1789
f 1790//1790 1489//1489 1793//1793
f 1489//1489 1491//1491 1793//1793
f 1795//1795 1794//1794 1490//1490
f 1794//1794 1651//1651 1490//1490
f 1490//1490 1792//1792 1795//1795
f 1652//1652 1793//1793 1491//1491
f 1651//1651 1794//1794 1493//1493
f 1793//1793 1796//1796 627//627
f 1652//1652 1796//1796 1793//1793
f 1652//1652 1494//1494 1796//1796
f 1794//1794 1797//1797 1493//1493
f 1797//1797 1495//1495 1493//1493
f 1494//1494 1593//1593 1796//1796
f 1494//1494 1798//1798 1593//1593
f 1494//1494 1497//1497 1798//1798
f 1498//1498 1798//1798 1497//1497
f 1495//1495 1797//1797 395//395
f 1653//1653 1798//1798 1498//1498
f 1799//1799 395//395 1797//1797
f 1798//1798 1653//1653 1800//1800
f 1653//1653 1502//1502 1800//1800
f 395//395 1799//1799 1503//1503
f 1503//1503 1799//1799 1801//1801
f 1556//1556 1803//1803 1805//1805
f 1556//1556 1805//1805 1500//1500
f 1500//1500 1805//1805 1501//1501
f 1803//1803 1511//1511 1501//1501
f 1803//1803 1501//1501 1805//1805
f 1803//1803 1805//1805 1806//1806
f 1502//1502 1808//1808 1800//1800
f 1654//1654 1808//1808 1502//1502
f 1503//1503 1809//1809 1508//1508
f 1809//1809 1503//1503 1801//1801
f 1810//1810 1803//1803 1556//1556
f 1511//1511 1803//1803 1514//1514
f 1514//1514 1803//1803 1806//1806
f 1654//1654 1812//1812 1808//1808
f 1654//1654 1516//1516 1812//1812
f 1813//1813 1508//1508 1809//1809
f 1809//1809 1801//1801 1813//1813
f 1556//1556 1657//1657 1811//1811
f 1811//1811 1810//1810 1556//1556
f 1521//1521 1806//1806 1814//1814
f 1514//1514 1806//1806 1521//1521
f 1814//1814 1815//1815 1521//1521
f 1812//1812 1817//1817 1808//1808
f 1516//1516 1817//1817 1812//1812
f 1516//1516 1518//1518 1817//1817
f 1508//1508 1818//1818 1520//1520
f 1818//1818 1508//1508 1813//1813
f 1655//1655 1454//1454 1819//1819
f 1656//1656 1655//1655 1819//1819
f 1820//1820 1656//1656 1819//1819
f 1656//1656 1820//1820 1657//1657
f 1657//1657 1820//1820 451//451
f 1811//1811 1657//1657 451//451
f 1521//1521 1815//1815 1658//1658
f 1821//1821 1522//1522 1658//1658
f 1815//1815 1821//1821 1658//1658
f 1518//1518 458//458 1817//1817
f 1518//1518 1527//1527 458//458
f 1818//1818 1822//1822 1520//1520
f 1824//1824 1528//1528 1823//1823
f 1536//1536 1528//1528 1824//1824
f 1536//1536 1824//1824 1454//1454
f 1454//1454 1824//1824 1825//1825
f 1454//1454 1825//1825 1819//1819
f 1827//1827 1819//1819 1825//1825
f 1820//1820 1819//1819 1828//1828
f 1819//1819 1827//1827 1828//1828
f 451//451 1828//1828 1829//1829
f 451//451 1820//1820 1828//1828
f 1660//1660 1821//1821 1603//1603
f 1522//1522 1821//1821 1660//1660
f 942//942 1529//1529 1660//1660
f 1603//1603 942//942 1660//1660
f 1527//1527 1830//1830 458//458
f 1520//1520 1822//1822 1831//1831
f 1526//1526 1520//1520 1831//1831
f 1827//1827 1829//1829 1828//1828
f 22//22 1829//1829 1827//1827
f 1509//1509 1833//1833 1830//1830
f 1527//1527 1509//1509 1830//1830
f 1834//1834 1833//1833 1513//1513
f 1833//1833 1509//1509 1513//1513
f 1826//1826 1530//1530 1549//1549
f 428//428 1530//1530 1826//1826
f 1526//1526 1831//1831 1826//1826
f 1549//1549 1526//1526 1826//1826
f 1823//1823 1836//1836 1837//1837
f 1823//1823 44//44 1836//1836
f 1823//1823 1528//1528 44//44
f 1529//1529 942//942 239//239
f 239//239 942//942 1839//1839
f 1513//1513 1841//1841 1834//1834
f 1513//1513 1840//1840 1841//1841
f 1513//1513 1531//1531 1840//1840
f 1534//1534 1840//1840 1531//1531
f 428//428 1532//1532 1530//1530
f 1842//1842 1532//1532 428//428
f 1836//1836 44//44 1837//1837
f 1839//1839 1539//1539 239//239
f 1534//1534 1535//1535 1840//1840
f 1835//1835 1537//1537 1843//1843
f 1537//1537 1453//1453 1843//1843
f 1532//1532 1842//1842 1843//1843
f 1453//1453 1532//1532 1843//1843
f 44//44 1538//1538 1661//1661
f 44//44 1661//1661 1837//1837
f 1837//1837 1661//1661 1845//1845
f 1539//1539 1839//1839 1846//1846
f 1846//1846 1662//1662 1539//1539
f 1535//1535 1847//1847 1840//1840
f 1535//1535 1659//1659 1847//1847
f 1838//1838 1847//1847 1540//1540
f 1847//1847 1659//1659 1540//1540
f 1663//1663 1849//1849 1541//1541
f 1849//1849 1663//1663 1835//1835
f 1663//1663 1537//1537 1835//1835
f 1661//1661 1543//1543 1845//1845
f 1543//1543 1850//1850 1845//1845
f 1662//1662 1846//1846 1545//1545
f 1545//1545 1846//1846 1851//1851
f 1838//1838 1540//1540 1852//1852
f 1853//1853 1852//1852 1546//1546
f 1852//1852 1540//1540 1546//1546
f 1548//1548 1853//1853 1546//1546
f 1552//1552 224//224 1551//1551
f 1855//1855 224//224 1552//1552
f 1855//1855 1552//1552 1856//1856
f 1552//1552 1553//1553 1856//1856
f 1555//1555 1858//1858 1553//1553
f 1858//1858 1856//1856 1553//1553
f 1541//1541 1858//1858 1555//1555
f 1541//1541 1849//1849 492//492
f 1541//1541 492//492 1858//1858
f 1853//1853 1548//1548 1505//1505
f 1853//1853 1505//1505 1860//1860
f 1557//1557 1816//1816 1505//1505
f 1816//1816 1860//1860 1505//1505
f 1802//1802 1816//1816 1510//1510
f 1816//1816 1557//1557 1510//1510
f 224//224 1863//1863 944//944
f 224//224 944//944 1551//1551
f 224//224 1855//1855 1865//1865
f 1863//1863 224//224 1865//1865
f 1866//1866 1850//1850 1558//1558
f 1850//1850 1543//1543 1558//1558
f 1545//1545 1851//1851 1559//1559
f 1559//1559 1851//1851 1868//1868
f 1510//1510 1512//1512 1802//1802
f 1802//1802 1512//1512 1870//1870
f 1872//1872 1870//1870 1560//1560
f 1870//1870 1512//1512 1560//1560
f 1561//1561 1872//1872 1560//1560
f 944//944 1863//1863 1563//1563
f 1091//1091 1866//1866 1558//1558
f 1874//1874 1866//1866 1091//1091
f 1559//1559 1868//1868 1565//1565
f 1565//1565 1868//1868 1720//1720
f 1872//1872 1561//1561 1875//1875
f 1561//1561 1566//1566 1875//1875
f 1563//1563 1873//1873 1567//1567
f 1863//1863 1873//1873 1563//1563
f 1876//1876 1874//1874 1091//1091
f 1565//1565 1720//1720 1878//1878
f 1567//1567 1879//1879 1664//1664
f 1873//1873 1879//1879 1567//1567
f 1569//1569 1876//1876 1091//1091
f 1565//1565 1878//1878 1572//1572
f 1566//1566 1573//1573 1875//1875
f 1573//1573 1880//1880 1875//1875
f 1664//1664 1879//1879 891//891
f 891//891 1879//1879 1881//1881
f 1876//1876 1569//1569 1883//1883
f 1569//1569 1089//1089 1883//1883
f 1572//1572 1878//1878 1574//1574
f 1574//1574 1878//1878 1886//1886
f 1888//1888 1890//1890 1892//1892
f 1573//1573 503//503 1880//1880
f 503//503 1893//1893 1880//1880
f 1881//1881 313//313 1894//1894
f 1896//1896 917//917 1665//1665
f 1897//1897 917//917 1896//1896
f 1575//1575 917//917 1897//1897
f 1900//1900 1575//1575 1897//1897
f 1574//1574 1886//1886 1902//1902
f 1667//1667 1888//1888 1892//1892
f 1892//1892 1903//1903 1667//1667
f 891//891 1881//1881 1182//1182
f 1182//1182 1881//1881 1894//1894
f 1182//1182 1894//1894 1669//1669
f 1576//1576 1882//1882 1670//1670
f 1670//1670 1882//1882 1896//1896
f 1670//1670 1896//1896 1665//1665
f 1905//1905 1906//1906 1897//1897
f 1906//1906 1900//1900 1897//1897
f 1672//1672 1575//1575 1900//1900
f 1672//1672 1900//1900 1906//1906
f 937//937 1895//1895 1883//1883
f 1089//1089 937//937 1883//1883
f 1574//1574 1902//1902 1577//1577
f 1666//1666 1888//1888 1667//1667
f 1908//1908 1888//1888 1666//1666
f 1667//1667 1903//1903 1611//1611
f 1903//1903 283//283 1611//1611
f 503//503 1578//1578 1893//1893
f 1578//1578 1911//1911 1893//1893
f 1913//1913 1581//1581 1894//1894
f 1581//1581 1669//1669 1894//1894
f 1568//1568 1222//1222 1882//1882
f 1576//1576 1568//1568 1882//1882
f 1906//1906 1862//1862 1672//1672
f 1672//1672 1862//1862 1582//1582
f 937//937 1586//1586 1895//1895
f 1586//1586 1914//1914 1895//1895
f 1583//1583 1577//1577 1916//1916
f 1916//1916 1577//1577 1902//1902
f 1587//1587 1908//1908 1666//1666
f 1871//1871 1908//1908 1587//1587
f 283//283 1910//1910 1918//1918
f 283//283 1918//1918 1571//1571
f 283//283 1571//1571 1611//1611
f 1911//1911 1578//1578 1584//1584
f 1159//1159 1911//1911 1584//1584
f 1913//1913 1919//1919 1581//1581
f 1585//1585 1920//1920 1222//1222
f 1568//1568 1585//1585 1222//1222
f 1582//1582 1862//1862 1921//1921
f 1673//1673 1914//1914 1586//1586
f 1923//1923 1922//1922 1861//1861
f 1583//1583 1916//1916 1597//1597
f 1871//1871 1587//1587 536//536
f 1918//1918 1867//1867 1571//1571
f 1584//1584 1927//1927 1928//1928
f 1584//1584 1928//1928 1159//1159
f 1581//1581 1919//1919 1675//1675
f 1591//1591 1675//1675 1919//1919
f 1920//1920 1591//1591 1919//1919
f 1592//1592 1591//1591 1920//1920
f 1677//1677 1592//1592 1920//1920
f 1585//1585 1677//1677 1920//1920
f 1582//1582 1921//1921 1595//1595
f 1595//1595 1921//1921 1912//1912
f 1596//1596 1914//1914 1673//1673
f 1596//1596 1922//1922 1914//1914
f 1922//1922 1596//1596 1861//1861
f 1596//1596 1929//1929 1861//1861
f 1923//1923 1861//1861 1929//1929
f 1926//1926 1923//1923 1930//1930
f 1923//1923 1929//1929 1930//1930
f 947//947 1926//1926 1932//1932
f 1926//1926 1930//1930 1932//1932
f 1917//1917 1597//1597 1916//1916
f 1587//1587 1598//1598 536//536
f 1598//1598 1933//1933 536//536
f 1571//1571 1867//1867 1608//1608
f 1601//1601 1608//1608 1867//1867
f 1033//1033 1601//1601 1867//1867
f 1033//1033 597//597 1601//1601
f 1602//1602 1601//1601 1934//1934
f 1934//1934 1601//1601 597//597
f 1927//1927 1602//1602 1934//1934
f 1584//1584 1602//1602 1927//1927
f 1595//1595 1912//1912 1668//1668
f 1668//1668 1912//1912 1937//1937
f 1596//1596 1562//1562 1671//1671
f 1596//1596 1671//1671 1929//1929
f 1930//1930 1929//1929 1938//1938
f 1929//1929 1671//1671 1938//1938
f 1932//1932 1930//1930 1939//1939
f 1930//1930 1938//1938 1939//1939
f 1932//1932 1939//1939 1940//1940
f 1225//1225 1932//1932 1940//1940
f 1597//1597 1917//1917 1605//1605
f 1605//1605 1917//1917 1941//1941
f 1598//1598 1607//1607 1933//1933
f 1607//1607 939//939 1933//1933
f 1668//1668 1937//1937 1604//1604
f 1940//1940 1939//1939 1225//1225
f 1612//1612 1605//1605 528//528
f 1604//1604 1937//1937 1610//1610
f 1610//1610 1937//1937 1942//1942
f 1938//1938 1671//1671 1945//1945
f 1671//1671 1679//1679 1945//1945
f 1939//1939 1938//1938 1948//1948
f 1938//1938 1945//1945 1948//1948
f 1225//1225 1939//1939 1950//1950
f 1939//1939 1948//1948 1950//1950
f 1605//1605 1685//1685 528//528
f 1685//1685 1605//1605 1941//1941
f 1951//1951 1685//1685 1941//1941
f 1607//1607 1617//1617 939//939
f 1617//1617 1952//1952 939//939
f 1610//1610 1942//1942 1681//1681
f 1681//1681 1942//1942 1208//1208
f 1679//1679 1524//1524 1954//1954
f 1945//1945 1679//1679 1956//1956
f 1679//1679 1954//1954 1956//1956
f 1948//1948 1945//1945 1956//1956
f 1948//1948 1956//1956 1686//1686
f 1950//1950 1948//1948 1958//1958
f 1948//1948 1686//1686 1958//1958
f 1950//1950 1962//1962 1960//1960
f 1685//1685 1951//1951 1621//1621
f 1621//1621 1951//1951 1210//1210
f 1617//1617 1623//1623 1952//1952
f 1623//1623 1963//1963 1952//1952
f 1954//1954 1524//1524 1965//1965
f 1954//1954 1965//1965 1956//1956
f 1950//1950 1958//1958 1967//1967
f 1967//1967 1962//1962 1950//1950
f 1681//1681 1208//1208 1624//1624
f 1208//1208 1969//1969 1968//1968
f 1208//1208 1968//1968 1624//1624
f 1524//1524 1626//1626 1970//1970
f 1965//1965 1524//1524 1971//1971
f 1524//1524 1970//1970 1971//1971
f 1956//1956 1965//1965 1973//1973
f 1965//1965 1971//1971 1973//1973
f 1686//1686 1956//1956 1974//1974
f 1956//1956 1973//1973 1974//1974
f 1976//1976 1686//1686 1974//1974
f 1686//1686 1976//1976 1958//1958
f 1958//1958 1976//1976 1979//1979
f 1967//1967 1958//1958 1979//1979
f 1979//1979 1962//1962 1967//1967
f 1981//1981 1962//1962 1979//1979
f 1210//1210 1982//1982 1621//1621
f 1982//1982 1627//1627 1621//1621
f 1627//1627 1982//1982 1983//1983
f 1629//1629 1984//1984 1985//1985
f 1623//1623 1985//1985 1963//1963
f 1629//1629 1985//1985 1623//1623
f 1624//1624 1968//1968 1632//1632
f 1969//1969 1632//1632 1968//1968
f 1634//1634 1632//1632 92//92
f 92//92 1632//1632 1969//1969
f 1635//1635 1634//1634 1986//1986
f 1986//1986 1634//1634 92//92
f 1636//1636 1635//1635 1988//1988
f 1988//1988 1635//1635 1986//1986
f 1626//1626 1636//1636 1988//1988
f 1626//1626 1990//1990 1970//1970
f 1626//1626 1988//1988 1990//1990
f 1974//1974 1979//1979 1976//1976
f 1983//1983 1637//1637 1627//1627
f 42//42 1637//1637 1991//1991
f 1991//1991 1637//1637 1983//1983
f 47//47 42//42 1992//1992
f 1992//1992 42//42 1991//1991
f 1984//1984 1629//1629 1992//1992
f 1629//1629 47//47 1992//1992
f 297//297 1993//1993 293//293
f 1688//1688 297//297 293//293
f 1688//1688 293//293 1687//1687
f 297//297 1688//1688 1995//1995
f 1688//1688 1451//1451 1996//1996
f 1995//1995 1688//1688 1996//1996
f 1451//1451 1689//1689 1997//1997
f 1996//1996 1451//1451 1997//1997
f 1689//1689 295//295 1997//1997
f 1993//1993 1580//1580 1690//1690
f 293//293 1993//1993 1690//1690
f 1691//1691 1690//1690 1580//1580
f 766//766 1692//1692 295//295
f 1693//1693 1691//1691 1580//1580
f 1998//1998 1693//1693 1580//1580
f 1692//1692 1694//1694 1999//1999
f 2000//2000 1693//1693 1998//1998
f 1694//1694 1696//1696 1999//1999
f 1695//1695 1693//1693 2000//2000
f 1276//1276 1695//1695 2000//2000
f 2001//2001 1276//1276 2000//2000
f 1696//1696 1698//1698 2002//2002
f 1276//1276 2001//2001 2003//2003
f 2002//2002 2004//2004 2005//2005
f 2002//2002 1698//1698 2004//2004
f 1276//1276 2003//2003 1700//1700
f 1700//1700 2003//2003 2006//2006
f 2005//2005 2004//2004 2007//2007
f 1699//1699 2004//2004 1698//1698
f 1283//1283 1700//1700 2008//2008
f 2008//2008 1700//1700 2006//2006
f 2004//2004 2009//2009 2007//2007
f 1699//1699 2009//2009 2004//2004
f 1699//1699 1701//1701 2009//2009
f 2010//2010 1283//1283 2008//2008
f 1701//1701 1703//1703 2011//2011
f 2009//2009 1701//1701 2011//2011
f 1283//1283 2010//2010 1702//1702
f 2011//2011 1703//1703 2012//2012
f 1703//1703 1705//1705 2012//2012
f 1705//1705 1709//1709 2013//2013
f 2013//2013 1709//1709 2014//2014
f 1710//1710 1707//1707 2016//2016
f 1710//1710 2016//2016 1987//1987
f 1709//1709 1711//1711 1972//1972
f 2014//2014 1709//1709 1972//1972
f 2017//2017 1710//1710 1987//1987
f 1972//1972 1711//1711 2018//2018
f 1712//1712 1710//1710 2017//2017
f 2019//2019 2018//2018 1713//1713
f 2018//2018 1711//1711 1713//1713
f 241//241 1712//1712 2021//2021
f 2021//2021 1712//1712 2017//2017
f 2019//2019 2022//2022 2020//2020
f 2019//2019 1713//1713 2022//2022
f 1713//1713 1714//1714 2022//2022
f 2023//2023 241//241 2021//2021
f 241//241 2023//2023 1715//1715
f 1714//1714 1716//1716 2025//2025
f 1716//1716 1717//1717 2026//2026
f 2025//2025 1716//1716 2026//2026
f 1717//1717 1719//1719 2026//2026
f 2026//2026 1719//1719 2027//2027
f 1721//1721 1718//1718 1964//1964
f 1721//1721 1964//1964 2028//2028
f 1719//1719 1722//1722 2030//2030
f 2027//2027 1719//1719 2030//2030
f 1488//1488 1721//1721 2028//2028
f 2030//2030 1722//1722 2031//2031
f 1725//1725 1721//1721 1488//1488
f 1722//1722 1723//1723 2031//2031
f 1723//1723 2032//2032 2031//2031
f 2033//2033 1725//1725 1488//1488
f 1725//1725 2033//2033 1726//1726
f 1723//1723 1727//1727 2034//2034
f 1727//1727 2035//2035 2034//2034
f 1727//1727 1364//1364 2035//2035
f 1730//1730 1732//1732 1431//1431
f 1731//1731 1729//1729 2037//2037
f 1431//1431 1732//1732 2038//2038
f 2039//2039 1731//1731 2037//2037
f 2038//2038 1732//1732 1734//1734
f 1733//1733 1731//1731 2039//2039
f 1736//1736 1733//1733 2039//2039
f 286//286 1736//1736 2039//2039
f 1734//1734 1737//1737 2040//2040
f 1317//1317 1736//1736 286//286
f 1737//1737 1739//1739 2041//2041
f 1736//1736 1317//1317 1738//1738
f 2041//2041 1739//1739 2043//2043
f 1739//1739 1741//1741 2044//2044
f 2043//2043 1739//1739 2044//2044
f 1742//1742 1740//1740 2045//2045
f 1742//1742 2045//2045 2046//2046
f 1741//1741 1744//1744 2044//2044
f 2048//2048 1742//1742 2046//2046
f 1745//1745 1742//1742 2048//2048
f 546//546 1745//1745 2048//2048
f 1744//1744 1165//1165 2049//2049
f 2050//2050 1745//1745 546//546
f 2049//2049 1724//1724 1706//1706
f 2049//2049 1747//1747 1724//1724
f 2049//2049 1165//1165 1747//1747
f 1746//1746 1745//1745 2050//2050
f 1724//1724 2051//2051 1706//1706
f 1748//1748 1746//1746 2050//2050
f 2054//2054 1748//1748 2050//2050
f 1747//1747 1749//1749 2055//2055
f 1724//1724 1747//1747 2055//2055
f 2056//2056 1748//1748 2054//2054
f 1749//1749 1751//1751 2055//2055
f 1750//1750 1748//1748 2056//2056
f 2055//2055 1751//1751 2057//2057
f 1752//1752 1750//1750 2056//2056
f 2058//2058 1752//1752 2056//2056
f 2057//2057 1751//1751 1753//1753
f 2059//2059 1752//1752 2058//2058
f 1754//1754 1752//1752 2059//2059
f 2061//2061 2060//2060 1755//1755
f 2060//2060 1753//1753 1755//1755
f 1756//1756 1754//1754 2063//2063
f 2063//2063 1754//1754 2059//2059
f 2061//2061 2064//2064 2065//2065
f 2062//2062 2061//2061 2065//2065
f 1758//1758 2061//2061 1755//1755
f 2064//2064 2061//2061 1758//1758
f 2066//2066 1756//1756 2063//2063
f 1758//1758 1761//1761 2064//2064
f 1760//1760 1756//1756 2066//2066
f 1762//1762 1760//1760 2066//2066
f 2067//2067 1762//1762 2066//2066
f 1761//1761 1763//1763 2069//2069
f 2070//2070 1762//1762 2067//2067
f 2069//2069 1492//1492 2071//2071
f 2069//2069 1763//1763 1492//1492
f 1762//1762 2070//2070 1764//1764
f 2071//2071 1492//1492 2073//2073
f 1765//1765 1492//1492 1763//1763
f 2070//2070 1767//1767 1764//1764
f 1767//1767 2070//2070 2072//2072
f 2074//2074 1767//1767 2072//2072
f 1492//1492 1768//1768 2075//2075
f 2073//2073 1492//1492 2075//2075
f 1768//1768 1492//1492 1765//1765
f 2077//2077 1767//1767 2074//2074
f 1768//1768 2078//2078 2075//2075
f 2078//2078 1768//1768 1770//1770
f 2079//2079 2077//2077 1771//1771
f 1767//1767 2079//2079 1771//1771
f 1767//1767 1771//1771 1766//1766
f 1767//1767 2077//2077 2079//2079
f 2075//2075 2078//2078 2080//2080
f 1772//1772 2078//2078 1770//1770
f 1773//1773 1771//1771 2077//2077
f 2081//2081 1773//1773 2077//2077
f 2078//2078 1774//1774 2080//2080
f 2078//2078 1772//1772 1774//1774
f 2082//2082 1773//1773 2081//2081
f 1775//1775 1773//1773 2082//2082
f 1774//1774 1776//1776 2083//2083
f 1776//1776 2085//2085 2083//2083
f 1777//1777 1775//1775 2082//2082
f 2086//2086 1777//1777 2082//2082
f 2088//2088 2085//2085 1778//1778
f 2085//2085 1776//1776 1778//1778
f 1804//1804 1777//1777 2086//2086
f 2088//2088 1778//1778 2089//2089
f 1779//1779 1777//1777 1804//1804
f 2090//2090 1779//1779 1804//1804
f 1778//1778 1780//1780 1291//1291
f 2090//2090 1781//1781 1779//1779
f 1780//1780 1783//1783 1291//1291
f 1781//1781 2091//2091 1784//1784
f 1785//1785 2093//2093 1783//1783
f 1783//1783 2093//2093 2092//2092
f 1784//1784 2094//2094 1786//1786
f 2091//2091 2094//2094 1784//1784
f 2094//2094 2091//2091 98//98
f 2095//2095 2094//2094 98//98
f 1785//1785 1787//1787 2096//2096
f 2093//2093 1785//1785 2096//2096
f 2095//2095 1786//1786 2094//2094
f 2095//2095 1789//1789 1786//1786
f 1787//1787 2097//2097 2096//2096
f 806//806 1791//1791 1787//1787
f 1789//1789 1786//1786 127//127
f 1787//1787 2098//2098 2097//2097
f 2099//2099 2098//2098 1787//1787
f 2099//2099 1787//1787 1791//1791
f 1792//1792 1789//1789 127//127
f 2100//2100 1792//1792 127//127
f 1791//1791 2101//2101 2099//2099
f 1791//1791 1793//1793 2101//2101
f 1791//1791 1790//1790 1793//1793
f 1795//1795 1792//1792 1794//1794
f 1793//1793 627//627 2102//2102
f 2101//2101 1793//1793 2102//2102
f 1794//1794 1792//1792 1925//1925
f 2104//2104 1794//1794 1925//1925
f 627//627 2105//2105 2102//2102
f 1794//1794 2106//2106 1797//1797
f 2108//2108 2107//2107 2106//2106
f 1794//1794 2108//2108 2106//2106
f 1794//1794 2104//2104 2108//2108
f 627//627 1593//1593 2109//2109
f 1796//1796 1593//1593 627//627
f 1797//1797 2106//2106 2107//2107
f 2111//2111 1805//1805 2110//2110
f 1805//1805 2111//2111 2113//2113
f 1797//1797 2116//2116 1799//1799
f 1797//1797 2107//2107 2116//2116
f 1805//1805 2117//2117 2119//2119
f 2110//2110 1805//1805 2119//2119
f 2117//2117 1805//1805 2113//2113
f 1798//1798 2120//2120 1593//1593
f 1798//1798 1800//1800 2120//2120
f 1801//1801 1799//1799 2116//2116
f 2121//2121 1801//1801 2116//2116
f 2117//2117 2122//2122 2119//2119
f 2117//2117 1805//1805 2122//2122
f 1805//1805 1803//1803 2122//2122
f 2117//2117 2113//2113 1806//1806
f 2117//2117 1806//1806 1805//1805
f 1806//1806 2113//2113 49//49
f 1800//1800 2123//2123 60//60
f 2123//2123 1800//1800 1808//1808
f 49//49 2125//2125 1806//1806
f 2125//2125 49//49 1947//1947
f 2126//2126 1678//1678 1813//1813
f 1801//1801 2126//2126 1813//1813
f 1801//1801 2121//2121 2126//2126
f 1684//1684 1810//1810 1811//1811
f 1803//1803 1810//1810 2122//2122
f 1814//1814 1806//1806 1815//1815
f 1806//1806 2125//2125 1815//1815
f 1947//1947 1944//1944 1815//1815
f 1947//1947 1815//1815 2125//2125
f 1808//1808 1616//1616 2123//2123
f 1808//1808 1859//1859 1616//1616
f 1808//1808 1817//1817 1859//1859
f 1818//1818 1813//1813 1678//1678
f 2128//2128 1818//1818 1678//1678
f 451//451 1620//1620 1811//1811
f 1620//1620 1684//1684 1811//1811
f 1815//1815 1603//1603 1821//1821
f 1944//1944 1603//1603 1815//1815
f 1603//1603 1944//1944 1955//1955
f 1817//1817 1616//1616 1859//1859
f 1817//1817 458//458 1616//1616
f 2128//2128 2129//2129 1818//1818
f 1680//1680 1823//1823 2130//2130
f 1823//1823 1680//1680 1824//1824
f 2131//2131 1825//1825 1680//1680
f 1680//1680 1825//1825 1824//1824
f 1827//1827 1825//1825 22//22
f 2133//2133 1603//1603 1955//1955
f 458//458 450//450 2134//2134
f 1830//1830 1833//1833 458//458
f 1833//1833 450//450 458//458
f 1822//1822 1818//1818 1831//1831
f 1818//1818 2135//2135 1831//1831
f 2135//2135 1818//1818 2129//2129
f 2130//2130 1823//1823 2136//2136
f 1825//1825 2131//2131 2137//2137
f 2137//2137 22//22 1825//1825
f 1829//1829 2132//2132 451//451
f 2133//2133 2139//2139 2138//2138
f 1603//1603 2133//2133 2138//2138
f 1603//1603 2138//2138 942//942
f 450//450 2141//2141 2134//2134
f 2141//2141 450//450 1833//1833
f 1831//1831 428//428 1826//1826
f 2143//2143 2142//2142 1831//1831
f 2143//2143 1831//1831 2135//2135
f 2135//2135 2129//2129 2143//2143
f 1823//1823 1837//1837 2136//2136
f 22//22 2137//2137 2146//2146
f 1829//1829 22//22 2147//2147
f 22//22 2146//2146 2147//2147
f 1829//1829 2147//2147 2015//2015
f 2138//2138 1839//1839 942//942
f 2139//2139 41//41 1839//1839
f 2139//2139 1839//1839 2138//2138
f 1833//1833 2148//2148 2141//2141
f 1833//1833 1841//1841 2148//2148
f 1834//1834 1841//1841 1833//1833
f 428//428 1831//1831 2142//2142
f 1837//1837 1845//1845 2144//2144
f 2146//2146 2137//2137 2149//2149
f 2147//2147 2146//2146 2015//2015
f 41//41 2150//2150 1839//1839
f 2150//2150 41//41 2151//2151
f 2145//2145 2152//2152 1843//1843
f 428//428 2145//2145 1843//1843
f 428//428 1843//1843 1842//1842
f 428//428 599//599 2145//2145
f 2144//2144 1845//1845 2153//2153
f 2146//2146 2149//2149 2015//2015
f 1839//1839 2150//2150 1846//1846
f 1846//1846 2150//2150 2151//2151
f 2154//2154 1846//1846 2151//2151
f 1840//1840 2155//2155 1841//1841
f 1840//1840 2156//2156 2155//2155
f 1840//1840 1847//1847 2156//2156
f 1835//1835 2158//2158 1849//1849
f 2152//2152 2159//2159 2158//2158
f 1843//1843 2152//2152 2158//2158
f 1843//1843 2158//2158 1835//1835
f 1845//1845 1850//1850 2160//2160
f 2153//2153 1845//1845 2160//2160
f 1851//1851 1846//1846 2154//2154
f 2161//2161 1851//1851 2154//2154
f 1847//1847 2155//2155 2156//2156
f 2155//2155 1847//1847 2162//2162
f 1847//1847 2164//2164 2162//2162
f 1838//1838 2164//2164 1847//1847
f 1838//1838 1852//1852 2164//2164
f 1856//1856 2166//2166 1855//1855
f 1858//1858 2166//2166 1856//1856
f 2170//2170 2168//2168 1849//1849
f 2158//2158 2170//2170 1849//1849
f 2158//2158 2159//2159 2170//2170
f 1851//1851 2161//2161 2172//2172
f 2172//2172 2161//2161 2173//2173
f 1852//1852 2175//2175 2164//2164
f 1852//1852 1853//1853 2175//2175
f 1855//1855 2166//2166 1865//1865
f 687//687 2166//2166 1858//1858
f 1858//1858 492//492 2177//2177
f 687//687 1858//1858 2177//2177
f 492//492 1849//1849 2177//2177
f 2177//2177 1849//1849 2179//2179
f 1849//1849 2168//2168 2179//2179
f 2172//2172 1868//1868 1851//1851
f 1868//1868 2172//2172 2173//2173
f 1853//1853 1860//1860 2182//2182
f 2181//2181 1853//1853 2182//2182
f 1860//1860 1816//1816 2182//2182
f 2182//2182 1816//1816 1931//1931
f 1816//1816 1802//1802 1931//1931
f 1931//1931 1802//1802 2184//2184
f 1645//1645 2184//2184 1802//1802
f 1645//1645 1802//1802 1870//1870
f 1863//1863 1865//1865 1873//1873
f 1865//1865 2166//2166 2186//2186
f 2166//2166 687//687 2186//2186
f 2188//2188 2187//2187 18//18
f 2188//2188 1866//1866 2187//2187
f 1720//1720 1868//1868 2173//2173
f 1870//1870 2192//2192 2189//2189
f 1872//1872 2192//2192 1870//1870
f 1872//1872 1875//1875 2192//2192
f 1873//1873 1865//1865 2185//2185
f 2187//2187 2194//2194 18//18
f 1874//1874 2187//2187 1866//1866
f 2194//2194 2187//2187 1874//1874
f 1875//1875 2196//2196 2192//2192
f 2185//2185 2200//2200 2197//2197
f 2185//2185 2197//2197 1873//1873
f 1873//1873 2197//2197 1879//1879
f 2194//2194 1876//1876 2201//2201
f 18//18 2194//2194 2201//2201
f 1876//1876 2194//2194 1874//1874
f 2195//2195 2203//2203 2202//2202
f 2202//2202 2203//2203 1890//1890
f 1879//1879 313//313 1881//1881
f 2197//2197 313//313 1879//1879
f 313//313 2197//2197 2200//2200
f 2204//2204 313//313 2200//2200
f 1876//1876 1883//1883 2201//2201
f 2202//2202 1888//1888 2191//2191
f 2195//2195 2202//2202 2191//2191
f 1888//1888 2202//2202 1890//1890
f 2203//2203 1439//1439 1903//1903
f 1890//1890 2203//2203 1903//1903
f 1890//1890 1903//1903 1892//1892
f 1903//1903 1439//1439 2205//2205
f 2204//2204 2207//2207 313//313
f 2207//2207 2204//2204 2208//2208
f 2210//2210 2084//2084 1896//1896
f 2211//2211 1905//1905 1896//1896
f 1897//1897 1896//1896 1905//1905
f 1883//1883 2212//2212 2201//2201
f 2213//2213 2212//2212 1883//1883
f 2191//2191 1888//1888 2215//2215
f 2205//2205 2216//2216 1903//1903
f 1903//1903 2216//2216 2218//2218
f 2207//2207 2219//2219 313//313
f 313//313 2219//2219 1894//1894
f 2219//2219 2207//2207 2208//2208
f 2222//2222 2220//2220 2221//2221
f 2222//2222 1882//1882 2220//2220
f 1882//1882 2084//2084 2210//2210
f 1896//1896 1882//1882 2210//2210
f 1905//1905 2211//2211 2223//2223
f 1883//1883 2224//2224 2213//2213
f 1883//1883 2209//2209 2224//2224
f 1883//1883 1895//1895 2209//2209
f 1899//1899 1885//1885 2225//2225
f 1902//1902 1886//1886 2214//2214
f 1888//1888 1908//1908 2227//2227
f 2215//2215 1888//1888 2227//2227
f 2218//2218 2228//2228 1910//1910
f 1903//1903 2218//2218 1910//1910
f 1903//1903 1910//1910 283//283
f 1910//1910 2228//2228 507//507
f 620//620 1911//1911 2229//2229
f 620//620 1893//1893 1911//1911
f 1894//1894 2219//2219 1913//1913
f 2208//2208 2221//2221 1919//1919
f 2208//2208 1919//1919 2219//2219
f 1919//1919 2221//2221 1920//1920
f 2221//2221 2220//2220 1920//1920
f 1920//1920 2220//2220 1222//1222
f 1222//1222 2220//2220 1882//1882
f 1905//1905 2223//2223 2230//2230
f 2231//2231 1905//1905 2230//2230
f 1906//1906 1905//1905 1862//1862
f 1862//1862 1905//1905 2231//2231
f 1895//1895 1914//1914 2224//2224
f 2209//2209 1895//1895 2224//2224
f 2234//2234 2233//2233 1922//1922
f 2234//2234 1922//1922 1899//1899
f 1922//1922 1923//1923 1899//1899
f 1899//1899 1923//1923 1885//1885
f 1885//1885 1926//1926 2236//2236
f 1926//1926 947//947 2236//2236
f 1910//1910 507//507 1918//1918
f 507//507 2103//2103 1867//1867
f 1911//1911 1159//1159 2229//2229
f 2229//2229 1159//1159 2237//2237
f 1913//1913 2219//2219 1919//1919
f 2238//2238 1862//1862 2231//2231
f 2224//2224 1914//1914 2178//2178
f 1926//1926 1885//1885 1923//1923
f 2242//2242 1916//1916 1902//1902
f 1902//1902 2214//2214 2242//2242
f 536//536 2244//2244 1871//1871
f 1918//1918 507//507 1867//1867
f 2246//2246 1033//1033 1867//1867
f 2246//2246 2248//2248 1033//1033
f 1927//1927 1033//1033 2248//2248
f 1927//1927 2248//2248 1928//1928
f 1928//1928 2248//2248 2237//2237
f 1159//1159 1928//1928 2237//2237
f 1862//1862 2238//2238 2249//2249
f 1912//1912 1921//1921 2249//2249
f 1912//1912 2249//2249 2250//2250
f 2249//2249 1921//1921 1862//1862
f 1914//1914 2251//2251 2178//2178
f 1922//1922 2233//2233 1914//1914
f 2240//2240 1644//1644 2183//2183
f 947//947 1644//1644 2240//2240
f 947//947 1932//1932 1644//1644
f 1917//1917 1916//1916 1207//1207
f 1207//1207 1916//1916 2242//2242
f 1871//1871 2244//2244 2252//2252
f 1933//1933 2244//2244 536//536
f 1934//1934 597//597 1033//1033
f 1927//1927 1934//1934 1033//1033
f 2199//2199 1912//1912 2250//2250
f 1932//1932 1225//1225 1644//1644
f 1225//1225 2183//2183 1644//1644
f 2254//2254 1917//1917 1207//1207
f 2244//2244 939//939 2255//2255
f 2252//2252 2244//2244 2255//2255
f 939//939 2244//2244 1933//1933
f 1937//1937 1912//1912 2199//2199
f 1941//1941 1917//1917 2254//2254
f 1942//1942 1937//1937 2199//2199
f 2256//2256 1942//1942 2199//2199
f 1960//1960 2257//2257 1225//1225
f 1960//1960 1225//1225 1950//1950
f 1951//1951 1941//1941 2254//2254
f 2258//2258 1951//1951 2254//2254
f 939//939 2259//2259 2255//2255
f 939//939 1952//1952 2259//2259
f 1208//1208 1942//1942 2256//2256
f 2260//2260 1208//1208 2256//2256
f 1960//1960 2261//2261 2257//2257
f 1210//1210 1951//1951 2258//2258
f 2262//2262 1210//1210 2258//2258
f 1952//1952 1985//1985 2259//2259
f 1952//1952 1963//1963 1985//1985
f 2260//2260 2264//2264 2263//2263
f 1208//1208 2260//2260 2263//2263
f 1962//1962 2261//2261 1960//1960
f 1210//1210 2262//2262 2029//2029
f 2259//2259 1985//1985 2265//2265
f 1208//1208 2263//2263 1969//1969
f 2264//2264 2267//2267 1969//1969
f 2263//2263 2264//2264 1969//1969
f 1969//1969 2267//2267 2269//2269
f 1962//1962 1981//1981 2261//2261
f 1210//1210 2029//2029 1982//1982
f 2262//2262 1982//1982 2029//2029
f 2262//2262 2127//2127 1982//1982
f 2127//2127 1983//1983 1982//1982
f 1985//1985 1984//1984 2265//2265
f 2269//2269 92//92 1969//1969
f 1988//1988 1986//1986 2271//2271
f 372//372 2273//2273 1990//1990
f 372//372 1990//1990 2272//2272
f 2272//2272 1990//1990 1988//1988
f 1970//1970 1990//1990 2273//2273
f 2275//2275 1970//1970 2273//2273
f 1971//1971 1970//1970 2275//2275
f 1973//1973 1971//1971 2275//2275
f 2024//2024 1973//1973 2275//2275
f 2277//2277 1973//1973 2024//2024
f 1974//1974 1973//1973 2277//2277
f 1979//1979 1974//1974 2277//2277
f 2053//2053 1979//1979 2277//2277
f 2053//2053 2278//2278 1981//1981
f 2053//2053 1981//1981 1979//1979
f 1991//1991 1983//1983 2127//2127
f 1992//1992 1991//1991 2280//2280
f 1984//1984 1992//1992 1898//1898
f 372//372 2282//2282 2273//2273
f 2024//2024 2283//2283 2277//2277
f 2277//2277 2278//2278 2053//2053
f 2283//2283 2278//2278 2277//2277
f 297//297 2284//2284 1993//1993
f 1995//1995 2284//2284 297//297
f 1996//1996 2284//2284 1995//1995
f 1997//1997 2284//2284 1996//1996
f 295//295 1564//1564 1997//1997
f 1570//1570 1997//1997 1564//1564
f 295//295 1570//1570 1564//1564
f 2284//2284 1580//1580 1993//1993
f 2284//2284 1674//1674 1580//1580
f 1570//1570 1589//1589 1997//1997
f 1692//1692 1570//1570 295//295
f 1580//1580 2285//2285 1998//1998
f 1999//1999 1570//1570 1692//1692
f 2286//2286 1570//1570 1999//1999
f 1998//1998 2285//2285 2000//2000
f 2286//2286 2287//2287 2288//2288
f 2287//2287 2286//2286 1999//1999
f 2288//2288 2287//2287 2290//2290
f 1696//1696 2287//2287 1999//1999
f 2000//2000 2291//2291 2001//2001
f 2000//2000 2292//2292 2291//2291
f 2289//2289 2292//2292 2000//2000
f 2292//2292 2290//2290 2293//2293
f 2290//2290 2287//2287 2293//2293
f 2293//2293 2287//2287 2005//2005
f 2002//2002 2287//2287 1696//1696
f 2005//2005 2287//2287 2002//2002
f 2001//2001 2291//2291 2003//2003
f 2291//2291 2006//2006 2003//2003
f 2292//2292 2294//2294 2291//2291
f 2291//2291 2294//2294 2006//2006
f 2293//2293 2295//2295 2292//2292
f 2292//2292 2295//2295 2294//2294
f 2005//2005 2007//2007 2293//2293
f 2293//2293 2007//2007 2295//2295
f 2294//2294 1232//1232 2006//2006
f 2006//2006 1232//1232 2008//2008
f 1232//1232 2294//2294 2295//2295
f 1235//1235 2295//2295 2296//2296
f 2296//2296 2295//2295 2007//2007
f 2009//2009 2296//2296 2007//2007
f 2011//2011 2296//2296 2009//2009
f 2298//2298 2296//2296 2011//2011
f 2010//2010 2300//2300 1702//1702
f 2010//2010 2008//2008 2300//2300
f 2008//2008 2297//2297 2300//2300
f 2012//2012 2298//2298 2011//2011
f 1702//1702 2301//2301 1704//1704
f 2300//2300 2301//2301 1702//1702
f 2297//2297 1218//1218 2301//2301
f 2297//2297 2301//2301 2300//2300
f 2012//2012 2013//2013 2298//2298
f 2013//2013 1221//1221 2298//2298
f 1705//1705 2013//2013 2012//2012
f 1704//1704 2301//2301 1707//1707
f 2301//2301 2016//2016 1707//1707
f 1218//1218 1045//1045 2301//2301
f 2301//2301 1045//1045 2016//2016
f 2014//2014 1221//1221 2013//2013
f 2302//2302 1221//1221 2014//2014
f 2016//2016 1045//1045 1987//1987
f 1972//1972 2302//2302 2014//2014
f 1980//1980 2302//2302 1972//1972
f 2303//2303 1978//1978 1980//1980
f 2018//2018 1980//1980 1972//1972
f 2020//2020 1980//1980 2018//2018
f 1987//1987 2304//2304 2017//2017
f 1989//1989 2305//2305 1987//1987
f 1987//1987 2305//2305 2304//2304
f 2305//2305 1978//1978 2303//2303
f 1980//1980 2020//2020 2303//2303
f 2018//2018 2019//2019 2020//2020
f 2017//2017 2306//2306 2021//2021
f 2304//2304 2306//2306 2017//2017
f 2305//2305 2307//2307 2304//2304
f 2304//2304 2307//2307 2306//2306
f 1949//1949 2307//2307 2305//2305
f 1949//1949 2305//2305 2303//2303
f 2020//2020 1959//1959 2303//2303
f 2303//2303 1959//1959 1949//1949
f 2022//2022 1959//1959 2020//2020
f 2021//2021 2306//2306 2023//2023
f 2307//2307 2309//2309 2306//2306
f 1714//1714 1959//1959 2022//2022
f 2023//2023 2274//2274 1715//1715
f 2023//2023 2306//2306 2274//2274
f 2306//2306 2309//2309 2274//2274
f 2025//2025 1959//1959 1714//1714
f 2310//2310 1959//1959 2025//2025
f 1715//1715 2311//2311 108//108
f 2274//2274 2311//2311 1715//1715
f 2309//2309 2313//2313 2274//2274
f 2274//2274 2313//2313 2311//2311
f 2026//2026 2310//2310 2025//2025
f 2314//2314 2310//2310 2026//2026
f 108//108 2311//2311 1718//1718
f 1961//1961 2314//2314 2026//2026
f 2311//2311 1964//1964 1718//1718
f 2313//2313 2316//2316 2311//2311
f 2311//2311 2316//2316 1964//1964
f 2027//2027 1961//1961 2026//2026
f 1964//1964 2316//2316 2028//2028
f 2030//2030 1961//1961 2027//2027
f 2317//2317 1961//1961 2030//2030
f 2028//2028 2318//2318 2319//2319
f 2031//2031 2317//2317 2030//2030
f 1488//1488 2028//2028 2319//2319
f 2317//2317 1056//1056 2321//2321
f 2320//2320 2317//2317 2321//2321
f 2032//2032 2317//2317 2031//2031
f 1056//1056 2317//2317 2032//2032
f 1488//1488 2322//2322 2033//2033
f 2319//2319 2322//2322 1488//1488
f 2323//2323 2321//2321 1056//1056
f 1723//1723 1056//1056 2032//2032
f 2323//2323 1056//1056 1723//1723
f 2034//2034 2323//2323 1723//1723
f 2324//2324 2323//2323 2034//2034
f 1726//1726 1302//1302 1728//1728
f 2033//2033 1302//1302 1726//1726
f 2326//2326 1302//1302 2322//2322
f 2322//2322 1302//1302 2033//2033
f 2035//2035 2324//2324 2034//2034
f 1728//1728 1302//1302 1729//1729
f 2327//2327 1302//1302 2326//2326
f 2035//2035 1431//1431 2324//2324
f 2324//2324 1431//1431 1344//1344
f 1730//1730 2035//2035 1364//1364
f 1431//1431 2035//2035 1730//1730
f 1302//1302 2328//2328 1729//1729
f 2328//2328 1302//1302 2327//2327
f 1729//1729 2328//2328 2037//2037
f 2328//2328 2327//2327 2329//2329
f 2328//2328 2329//2329 2037//2037
f 2038//2038 1344//1344 1431//1431
f 2330//2330 1344//1344 2038//2038
f 2329//2329 2039//2039 2037//2037
f 2329//2329 2331//2331 2039//2039
f 2039//2039 2331//2331 1314//1314
f 2330//2330 2332//2332 2333//2333
f 1734//1734 2330//2330 2038//2038
f 2332//2332 2330//2330 1734//1734
f 2040//2040 2332//2332 1734//1734
f 1314//1314 286//286 2039//2039
f 1321//1321 286//286 1314//1314
f 2332//2332 2334//2334 1338//1338
f 2333//2333 2332//2332 1338//1338
f 1737//1737 2332//2332 2040//2040
f 2334//2334 2332//2332 1737//1737
f 286//286 1094//1094 1317//1317
f 2299//2299 1338//1338 2334//2334
f 2041//2041 2334//2334 1737//1737
f 2299//2299 2334//2334 2041//2041
f 2043//2043 2299//2299 2041//2041
f 1738//1738 2045//2045 1740//1740
f 1317//1317 2045//2045 1738//1738
f 1094//1094 738//738 1317//1317
f 1317//1317 738//738 2045//2045
f 2044//2044 2299//2299 2043//2043
f 2335//2335 2299//2299 2044//2044
f 2045//2045 738//738 2046//2046
f 2336//2336 2335//2335 2044//2044
f 738//738 2048//2048 2046//2046
f 1744//1744 2336//2336 2044//2044
f 2048//2048 2339//2339 546//546
f 2048//2048 2340//2340 2339//2339
f 2342//2342 2338//2338 2336//2336
f 2342//2342 2336//2336 1706//1706
f 2049//2049 2336//2336 1744//1744
f 1706//1706 2336//2336 2049//2049
f 2339//2339 2050//2050 546//546
f 2340//2340 2343//2343 2339//2339
f 2342//2342 2345//2345 2340//2340
f 2340//2340 2345//2345 2343//2343
f 1706//1706 2051//2051 2342//2342
f 2342//2342 2051//2051 2345//2345
f 2339//2339 2343//2343 2050//2050
f 2050//2050 2346//2346 2054//2054
f 2343//2343 2346//2346 2050//2050
f 2051//2051 2347//2347 2345//2345
f 2348//2348 2347//2347 2051//2051
f 2055//2055 2051//2051 1724//1724
f 2348//2348 2051//2051 2055//2055
f 2054//2054 2346//2346 2056//2056
f 2350//2350 2348//2348 2055//2055
f 2346//2346 2349//2349 2056//2056
f 2057//2057 2350//2350 2055//2055
f 2349//2349 2058//2058 2056//2056
f 1753//1753 2350//2350 2057//2057
f 2351//2351 2350//2350 1753//1753
f 2058//2058 2353//2353 2059//2059
f 2058//2058 2354//2354 985//985
f 2058//2058 985//985 2353//2353
f 2352//2352 2351//2351 2355//2355
f 2355//2355 2351//2351 2062//2062
f 2060//2060 2351//2351 1753//1753
f 2062//2062 2351//2351 2060//2060
f 985//985 2352//2352 2355//2355
f 2060//2060 2061//2061 2062//2062
f 2059//2059 2356//2356 2063//2063
f 2353//2353 2356//2356 2059//2059
f 985//985 2356//2356 2353//2353
f 985//985 976//976 2356//2356
f 2355//2355 2357//2357 985//985
f 985//985 2357//2357 976//976
f 2062//2062 2065//2065 2355//2355
f 2355//2355 2065//2065 2357//2357
f 2356//2356 2066//2066 2063//2063
f 2356//2356 976//976 2066//2066
f 2358//2358 2357//2357 2065//2065
f 2064//2064 2358//2358 2065//2065
f 2066//2066 976//976 1743//1743
f 2357//2357 2358//2358 2359//2359
f 1761//1761 2358//2358 2064//2064
f 2066//2066 2360//2360 2067//2067
f 2066//2066 2361//2361 2360//2360
f 2361//2361 2066//2066 1743//1743
f 2359//2359 2358//2358 2362//2362
f 2358//2358 2071//2071 2362//2362
f 2069//2069 2358//2358 1761//1761
f 2071//2071 2358//2358 2069//2069
f 2067//2067 2360//2360 2070//2070
f 2361//2361 2042//2042 2360//2360
f 2361//2361 2362//2362 2363//2363
f 2042//2042 2361//2361 2363//2363
f 2363//2363 2362//2362 2073//2073
f 2073//2073 2362//2362 2071//2071
f 2070//2070 2360//2360 2072//2072
f 2072//2072 2360//2360 2042//2042
f 2072//2072 58//58 2074//2074
f 2042//2042 58//58 2072//2072
f 2363//2363 2364//2364 2042//2042
f 2042//2042 2364//2364 58//58
f 2075//2075 2363//2363 2073//2073
f 2364//2364 2363//2363 2075//2075
f 2074//2074 2365//2365 2077//2077
f 58//58 2365//2365 2074//2074
f 2364//2364 2366//2366 58//58
f 2364//2364 2080//2080 2366//2366
f 2080//2080 2364//2364 2075//2075
f 58//58 2366//2366 2365//2365
f 2365//2365 2367//2367 2077//2077
f 2077//2077 2367//2367 2081//2081
f 2365//2365 2366//2366 2368//2368
f 2367//2367 2365//2365 2368//2368
f 2368//2368 2366//2366 2369//2369
f 2369//2369 2366//2366 2080//2080
f 1774//1774 2369//2369 2080//2080
f 2081//2081 2367//2367 2082//2082
f 2369//2369 2371//2371 2368//2368
f 2369//2369 2372//2372 2371//2371
f 2083//2083 2369//2369 1774//1774
f 2372//2372 2369//2369 2083//2083
f 2367//2367 2370//2370 2082//2082
f 2085//2085 2372//2372 2083//2083
f 2370//2370 2086//2086 2082//2082
f 2370//2370 1757//1757 2086//2086
f 2370//2370 2371//2371 1757//1757
f 1757//1757 2371//2371 2374//2374
f 2372//2372 2089//2089 2371//2371
f 2371//2371 2089//2089 2374//2374
f 2089//2089 2372//2372 2088//2088
f 2085//2085 2088//2088 2372//2372
f 1757//1757 2375//2375 2086//2086
f 2376//2376 2374//2374 2089//2089
f 2086//2086 2375//2375 1804//1804
f 2376//2376 2377//2377 2374//2374
f 1291//1291 2089//2089 1778//1778
f 2376//2376 2089//2089 1291//1291
f 2090//2090 2378//2378 1781//1781
f 1804//1804 2379//2379 2378//2378
f 1804//1804 2378//2378 2090//2090
f 1291//1291 2092//2092 2376//2376
f 2092//2092 2380//2380 2376//2376
f 1783//1783 2092//2092 1291//1291
f 1781//1781 2378//2378 2091//2091
f 2381//2381 2378//2378 2379//2379
f 2382//2382 2380//2380 2092//2092
f 2378//2378 98//98 2091//2091
f 98//98 2378//2378 2381//2381
f 2380//2380 2382//2382 2383//2383
f 2093//2093 2382//2382 2092//2092
f 2095//2095 98//98 2381//2381
f 2383//2383 2382//2382 2096//2096
f 2096//2096 2382//2382 2093//2093
f 2097//2097 2098//2098 2096//2096
f 2098//2098 2385//2385 2096//2096
f 1789//1789 2384//2384 127//127
f 2095//2095 2384//2384 1789//1789
f 2384//2384 2100//2100 127//127
f 2386//2386 2100//2100 2384//2384
f 2098//2098 2387//2387 2388//2388
f 2385//2385 2098//2098 2388//2388
f 2099//2099 2102//2102 2098//2098
f 2102//2102 2387//2387 2098//2098
f 2101//2101 2102//2102 2099//2099
f 1792//1792 2100//2100 1925//1925
f 2387//2387 2390//2390 2388//2388
f 2100//2100 2104//2104 1925//1925
f 2386//2386 2104//2104 2100//2100
f 2104//2104 2386//2386 2389//2389
f 2388//2388 2390//2390 2391//2391
f 2102//2102 2105//2105 2387//2387
f 2387//2387 2105//2105 2390//2390
f 2105//2105 2109//2109 2102//2102
f 627//627 2109//2109 2105//2105
f 2108//2108 2392//2392 2107//2107
f 2104//2104 2392//2392 2108//2108
f 2393//2393 2392//2392 2104//2104
f 2104//2104 2389//2389 2393//2393
f 2390//2390 2111//2111 2110//2110
f 2391//2391 2390//2390 2110//2110
f 2105//2105 332//332 2390//2390
f 2390//2390 332//332 2111//2111
f 2109//2109 2394//2394 2105//2105
f 2105//2105 2394//2394 332//332
f 1593//1593 2394//2394 2109//2109
f 2114//2114 2394//2394 1593//1593
f 2114//2114 2120//2120 2394//2394
f 1593//1593 2120//2120 2114//2114
f 2107//2107 2395//2395 2116//2116
f 1631//1631 2395//2395 2392//2392
f 2392//2392 2395//2395 2107//2107
f 332//332 1975//1975 2111//2111
f 2111//2111 1975//1975 2113//2113
f 2394//2394 2396//2396 332//332
f 332//332 2396//2396 1975//1975
f 2394//2394 2120//2120 2396//2396
f 2116//2116 839//839 2121//2121
f 2395//2395 839//839 2116//2116
f 1631//1631 2397//2397 2395//2395
f 2395//2395 2397//2397 839//839
f 2113//2113 1975//1975 49//49
f 2396//2396 2398//2398 1975//1975
f 1975//1975 2398//2398 49//49
f 2120//2120 63//63 2396//2396
f 2396//2396 63//63 2398//2398
f 2120//2120 60//60 63//63
f 60//60 2120//2120 1800//1800
f 839//839 1613//1613 2121//2121
f 2123//2123 2180//2180 60//60
f 2121//2121 1678//1678 2126//2126
f 2121//2121 1613//1613 1678//1678
f 2397//2397 2167//2167 839//839
f 839//839 2167//2167 1613//1613
f 1684//1684 2122//2122 1810//1810
f 1947//1947 49//49 1944//1944
f 49//49 2398//2398 1944//1944
f 63//63 2174//2174 2398//2398
f 2398//2398 2174//2174 1944//1944
f 60//60 2180//2180 63//63
f 63//63 2180//2180 2174//2174
f 1616//1616 2180//2180 2123//2123
f 1678//1678 1953//1953 2128//2128
f 1613//1613 1523//1523 1678//1678
f 1678//1678 1523//1523 1953//1953
f 2167//2167 2130//2130 1613//1613
f 1613//1613 2130//2130 1523//1523
f 2130//2130 2167//2167 2169//2169
f 1680//1680 2130//2130 2169//2169
f 1944//1944 2133//2133 1955//1955
f 1944//1944 2174//2174 2133//2133
f 2180//2180 1957//1957 2174//2174
f 2174//2174 1957//1957 2133//2133
f 1616//1616 1622//1622 2180//2180
f 2180//2180 1622//1622 1957//1957
f 458//458 1622//1622 1616//1616
f 2128//2128 1953//1953 2129//2129
f 451//451 2132//2132 2399//2399
f 2399//2399 1620//1620 451//451
f 2134//2134 1622//1622 458//458
f 1953//1953 703//703 2129//2129
f 1523//1523 2400//2400 1953//1953
f 1953//1953 2400//2400 703//703
f 2130//2130 2401//2401 1523//1523
f 1523//1523 2401//2401 2400//2400
f 2401//2401 2130//2130 2136//2136
f 2131//2131 1680//1680 2137//2137
f 2132//2132 1620//1620 2399//2399
f 2402//2402 1620//1620 2132//2132
f 1957//1957 1507//1507 2133//2133
f 2133//2133 1507//1507 2139//2139
f 1622//1622 2403//2403 1957//1957
f 1957//1957 2403//2403 1507//1507
f 2134//2134 2141//2141 1622//1622
f 1622//1622 2141//2141 2403//2403
f 2143//2143 2404//2404 2142//2142
f 2129//2129 2404//2404 2143//2143
f 703//703 2405//2405 2129//2129
f 2129//2129 2405//2405 2404//2404
f 2400//2400 2406//2406 703//703
f 703//703 2406//2406 2405//2405
f 2144//2144 2401//2401 1837//1837
f 2144//2144 2406//2406 2401//2401
f 2406//2406 2400//2400 2401//2401
f 2136//2136 1837//1837 2401//2401
f 1829//1829 2015//2015 1628//1628
f 2132//2132 1829//1829 1628//1628
f 1628//1628 2402//2402 2132//2132
f 2139//2139 1507//1507 41//41
f 2403//2403 2408//2408 1507//1507
f 1507//1507 2408//2408 41//41
f 2141//2141 2408//2408 2403//2403
f 2141//2141 2410//2410 2408//2408
f 2148//2148 2118//2118 2141//2141
f 2118//2118 2410//2410 2141//2141
f 2112//2112 2118//2118 2148//2148
f 1841//1841 2112//2112 2148//2148
f 428//428 1633//1633 599//599
f 2142//2142 1633//1633 428//428
f 2404//2404 2411//2411 2142//2142
f 2149//2149 2137//2137 2407//2407
f 2149//2149 2407//2407 2412//2412
f 41//41 2408//2408 2151//2151
f 2145//2145 599//599 2152//2152
f 2411//2411 599//599 2142//2142
f 2142//2142 599//599 1633//1633
f 2406//2406 2414//2414 2405//2405
f 2153//2153 2406//2406 2144//2144
f 2414//2414 2406//2406 2153//2153
f 2416//2416 2149//2149 2412//2412
f 2015//2015 2149//2149 2416//2416
f 2015//2015 2416//2416 2417//2417
f 1628//1628 2015//2015 2417//2417
f 2417//2417 2413//2413 1628//1628
f 2408//2408 2154//2154 2151//2151
f 2408//2408 2418//2418 2154//2154
f 2410//2410 2418//2418 2408//2408
f 2410//2410 2118//2118 2419//2419
f 2418//2418 2410//2410 2419//2419
f 2118//2118 2112//2112 2419//2419
f 2420//2420 2419//2419 2112//2112
f 2155//2155 2112//2112 1841//1841
f 2155//2155 2420//2420 2112//2112
f 2152//2152 599//599 2159//2159
f 599//599 963//963 2159//2159
f 2160//2160 2414//2414 2153//2153
f 2422//2422 2414//2414 2160//2160
f 2423//2423 2416//2416 2412//2412
f 2416//2416 2423//2423 2417//2417
f 2418//2418 2161//2161 2154//2154
f 2425//2425 2161//2161 2418//2418
f 2155//2155 1946//1946 2420//2420
f 2420//2420 1946//1946 527//527
f 1943//1943 1946//1946 2155//2155
f 2162//2162 1943//1943 2155//2155
f 2164//2164 1943//1943 2162//2162
f 2170//2170 2427//2427 2168//2168
f 1850//1850 2422//2422 2160//2160
f 2428//2428 2422//2422 1850//1850
f 2423//2423 1615//1615 2417//2417
f 527//527 1946//1946 2429//2429
f 2175//2175 1943//1943 2164//2164
f 1853//1853 2430//2430 2175//2175
f 2168//2168 2427//2427 2179//2179
f 2232//2232 2427//2427 2159//2159
f 2159//2159 2427//2427 2170//2170
f 1866//1866 2428//2428 1850//1850
f 2161//2161 2432//2432 2173//2173
f 2425//2425 2432//2432 2161//2161
f 2425//2425 2239//2239 2432//2432
f 1946//1946 2433//2433 2429//2429
f 1943//1943 2434//2434 1946//1946
f 1946//1946 2434//2434 2433//2433
f 2175//2175 2435//2435 1943//1943
f 1943//1943 2435//2435 2434//2434
f 2430//2430 2435//2435 2175//2175
f 2181//2181 2430//2430 1853//1853
f 2182//2182 2430//2430 2181//2181
f 1931//1931 2436//2436 2182//2182
f 2184//2184 2436//2436 1931//1931
f 2189//2189 2184//2184 1645//1645
f 1870//1870 2189//2189 1645//1645
f 2186//2186 2185//2185 1865//1865
f 1769//1769 2185//2185 2186//2186
f 2437//2437 1769//1769 2186//2186
f 687//687 2437//2437 2186//2186
f 2177//2177 2438//2438 687//687
f 687//687 2438//2438 2437//2437
f 2179//2179 2438//2438 2177//2177
f 2179//2179 2439//2439 2438//2438
f 2179//2179 2427//2427 2439//2439
f 2428//2428 2188//2188 18//18
f 1866//1866 2188//2188 2428//2428
f 2173//2173 2441//2441 1720//1720
f 2432//2432 2441//2441 2173//2173
f 2239//2239 2442//2442 2432//2432
f 2432//2432 2442//2442 2441//2441
f 2429//2429 2442//2442 2239//2239
f 2429//2429 2444//2444 2442//2442
f 2433//2433 2446//2446 2429//2429
f 2429//2429 2446//2446 2444//2444
f 2434//2434 2447//2447 2433//2433
f 2433//2433 2447//2447 2446//2446
f 2435//2435 2448//2448 2434//2434
f 2434//2434 2448//2448 2447//2447
f 2430//2430 2449//2449 2435//2435
f 2450//2450 2449//2449 2182//2182
f 2182//2182 2449//2449 2430//2430
f 486//486 2182//2182 2436//2436
f 2453//2453 486//486 2436//2436
f 2453//2453 2436//2436 2184//2184
f 2453//2453 2184//2184 2189//2189
f 2192//2192 2453//2453 2189//2189
f 2440//2440 2439//2439 2427//2427
f 2449//2449 2253//2253 2448//2448
f 2449//2449 2448//2448 2435//2435
f 2200//2200 2185//2185 2456//2456
f 2185//2185 1769//1769 2456//2456
f 2437//2437 2458//2458 1769//1769
f 1769//1769 2458//2458 2456//2456
f 2438//2438 2459//2459 2437//2437
f 2437//2437 2459//2459 2458//2458
f 2460//2460 2439//2439 2440//2440
f 2460//2460 2440//2440 2454//2454
f 1720//1720 485//485 1878//1878
f 2441//2441 485//485 1720//1720
f 2442//2442 2452//2452 2441//2441
f 2441//2441 2452//2452 485//485
f 2444//2444 2191//2191 2442//2442
f 2442//2442 2191//2191 2452//2452
f 2195//2195 2191//2191 2446//2446
f 2191//2191 2444//2444 2446//2446
f 2203//2203 2195//2195 2446//2446
f 2447//2447 2203//2203 2446//2446
f 2203//2203 2447//2447 1439//1439
f 2447//2447 2448//2448 1439//1439
f 1439//1439 2448//2448 2253//2253
f 2196//2196 2445//2445 2443//2443
f 2192//2192 2196//2196 2443//2443
f 1880//1880 2196//2196 1875//1875
f 2445//2445 2196//2196 1880//1880
f 2456//2456 2204//2204 2200//2200
f 2458//2458 2464//2464 2456//2456
f 2456//2456 2464//2464 2204//2204
f 2459//2459 2465//2465 2458//2458
f 2458//2458 2465//2465 2464//2464
f 2459//2459 2460//2460 2084//2084
f 2454//2454 2211//2211 2460//2460
f 2460//2460 2211//2211 2084//2084
f 2201//2201 2212//2212 2466//2466
f 2461//2461 2468//2468 2467//2467
f 2463//2463 2461//2461 2470//2470
f 2461//2461 2467//2467 2470//2470
f 2463//2463 2470//2470 2471//2471
f 2470//2470 2472//2472 2471//2471
f 1878//1878 2473//2473 1886//1886
f 485//485 2473//2473 1878//1878
f 2452//2452 2475//2475 485//485
f 485//485 2475//2475 2473//2473
f 2191//2191 2315//2315 2452//2452
f 2452//2452 2315//2315 2475//2475
f 2253//2253 2216//2216 1439//1439
f 1439//1439 2216//2216 2205//2205
f 2445//2445 2476//2476 2443//2443
f 1893//1893 2445//2445 1880//1880
f 2476//2476 2445//2445 1893//1893
f 2465//2465 2459//2459 2084//2084
f 2211//2211 1896//1896 2084//2084
f 2212//2212 2477//2477 249//249
f 2466//2466 2212//2212 249//249
f 1886//1886 2473//2473 2214//2214
f 2215//2215 2315//2315 2191//2191
f 2443//2443 2476//2476 2479//2479
f 2464//2464 2221//2221 2204//2204
f 2204//2204 2221//2221 2208//2208
f 2221//2221 2465//2465 2222//2222
f 2221//2221 2464//2464 2465//2465
f 1882//1882 2222//2222 2465//2465
f 2084//2084 1882//1882 2465//2465
f 2211//2211 2480//2480 2223//2223
f 249//249 2477//2477 2482//2482
f 2224//2224 2212//2212 2213//2213
f 2224//2224 2477//2477 2212//2212
f 2234//2234 2483//2483 2468//2468
f 1899//1899 2467//2467 2483//2483
f 2483//2483 2467//2467 2468//2468
f 2470//2470 2467//2467 1899//1899
f 2225//2225 2470//2470 1899//1899
f 2225//2225 1885//1885 2484//2484
f 2225//2225 2484//2484 2470//2470
f 2484//2484 2472//2472 2470//2470
f 2473//2473 2486//2486 2214//2214
f 2475//2475 2487//2487 2473//2473
f 2473//2473 2487//2487 2486//2486
f 2475//2475 1994//1994 2487//2487
f 2315//2315 1994//1994 2475//2475
f 2227//2227 2315//2315 2215//2215
f 1994//1994 2315//2315 2227//2227
f 2218//2218 2216//2216 2228//2228
f 2228//2228 2103//2103 507//507
f 2228//2228 2216//2216 2103//2103
f 2216//2216 2478//2478 2103//2103
f 2478//2478 2488//2488 2103//2103
f 620//620 2229//2229 2479//2479
f 620//620 2479//2479 2476//2476
f 1893//1893 620//620 2476//2476
f 2223//2223 2489//2489 2230//2230
f 2231//2231 2230//2230 2489//2489
f 2224//2224 2178//2178 2477//2477
f 2477//2477 2178//2178 2176//2176
f 2234//2234 2426//2426 2233//2233
f 1899//1899 2483//2483 2234//2234
f 1885//1885 2236//2236 2484//2484
f 2484//2484 947//947 2431//2431
f 2484//2484 2236//2236 947//947
f 2431//2431 2240//2240 2484//2484
f 2486//2486 2490//2490 2242//2242
f 2486//2486 2242//2242 2214//2214
f 2308//2308 2487//2487 1994//1994
f 2227//2227 2491//2491 1994//1994
f 2491//2491 2308//2308 1994//1994
f 1908//1908 2491//2491 2227//2227
f 2488//2488 2246//2246 2103//2103
f 2488//2488 2492//2492 2248//2248
f 2246//2246 2488//2488 2248//2248
f 2492//2492 2229//2229 2248//2248
f 2248//2248 2229//2229 2237//2237
f 2238//2238 2231//2231 2489//2489
f 2431//2431 947//947 2240//2240
f 1871//1871 2491//2491 1908//1908
f 2246//2246 1867//1867 2103//2103
f 2238//2238 2489//2489 2494//2494
f 2494//2494 2495//2495 2238//2238
f 2238//2238 2495//2495 2249//2249
f 2251//2251 2497//2497 2178//2178
f 2426//2426 2251//2251 1914//1914
f 2233//2233 2426//2426 1914//1914
f 2242//2242 2493//2493 1207//1207
f 2308//2308 2491//2491 2252//2252
f 2252//2252 2491//2491 1871//1871
f 2250//2250 2496//2496 2199//2199
f 1225//1225 2451//2451 2183//2183
f 1207//1207 2493//2493 2254//2254
f 2496//2496 2455//2455 2199//2199
f 2190//2190 2451//2451 1225//1225
f 2462//2462 2254//2254 2493//2493
f 2199//2199 2498//2498 2256//2256
f 2455//2455 2498//2498 2199//2199
f 1225//1225 2257//2257 2190//2190
f 2254//2254 2462//2462 2258//2258
f 2258//2258 2462//2462 2499//2499
f 2256//2256 2264//2264 2260//2260
f 2498//2498 2264//2264 2256//2256
f 2258//2258 2499//2499 2262//2262
f 2264//2264 2140//2140 2269//2269
f 2264//2264 2269//2269 2267//2267
f 2501//2501 2261//2261 1981//1981
f 2127//2127 2262//2262 2502//2502
f 1984//1984 1898//1898 2500//2500
f 1984//1984 2500//2500 2265//2265
f 1986//1986 92//92 2269//2269
f 2271//2271 1986//1986 2269//2269
f 2272//2272 1988//1988 2271//2271
f 2504//2504 372//372 2272//2272
f 1981//1981 2278//2278 2501//2501
f 2280//2280 1991//1991 2127//2127
f 1992//1992 2280//2280 1898//1898
f 2506//2506 2273//2273 2282//2282
f 2275//2275 2273//2273 2506//2506
f 2024//2024 2275//2275 2506//2506
f 2508//2508 2024//2024 2506//2506
f 2283//2283 2024//2024 2508//2508
f 372//372 2510//2510 2282//2282
f 2282//2282 2511//2511 2506//2506
f 2510//2510 2511//2511 2282//2282
f 2511//2511 2508//2508 2506//2506
f 1997//1997 1674//1674 2284//2284
f 1589//1589 1674//1674 1997//1997
f 1580//1580 2512//2512 2285//2285
f 1674//1674 2512//2512 1580//1580
f 1589//1589 2288//2288 1674//1674
f 1674//1674 2288//2288 2512//2512
f 2286//2286 1589//1589 1570//1570
f 2288//2288 1589//1589 2286//2286
f 2285//2285 2512//2512 2000//2000
f 2000//2000 2512//2512 2289//2289
f 2288//2288 2290//2290 2512//2512
f 2512//2512 2290//2290 2289//2289
f 2290//2290 2292//2292 2289//2289
f 1235//1235 1232//1232 2295//2295
f 2008//2008 1232//1232 2297//2297
f 1232//1232 1051//1051 2297//2297
f 1232//1232 2514//2514 1051//1051
f 1235//1235 2515//2515 1232//1232
f 1232//1232 2515//2515 2514//2514
f 1235//1235 2298//2298 2515//2515
f 2298//2298 1235//1235 2296//2296
f 2297//2297 1051//1051 1218//1218
f 1051//1051 2516//2516 1218//1218
f 2514//2514 2516//2516 1051//1051
f 2515//2515 2517//2517 2514//2514
f 2514//2514 2517//2517 2516//2516
f 2298//2298 1221//1221 2515//2515
f 2515//2515 1221//1221 2517//2517
f 1045//1045 1218//1218 1224//1224
f 1218//1218 2516//2516 1224//1224
f 2516//2516 2518//2518 1224//1224
f 2517//2517 2519//2519 2516//2516
f 2516//2516 2519//2519 2518//2518
f 1221//1221 1227//1227 2517//2517
f 2517//2517 1227//1227 2519//2519
f 1227//1227 1221//1221 2302//2302
f 1045//1045 1989//1989 1987//1987
f 1224//1224 1989//1989 1045//1045
f 2518//2518 1989//1989 1224//1224
f 2519//2519 1978//1978 2518//2518
f 2518//2518 1978//1978 1989//1989
f 1227//1227 1978//1978 2519//2519
f 1980//1980 1227//1227 2302//2302
f 1978//1978 1227//1227 1980//1980
f 1978//1978 2305//2305 1989//1989
f 1959//1959 2310//2310 1949//1949
f 2307//2307 2520//2520 2309//2309
f 2307//2307 2521//2521 2520//2520
f 1949//1949 2052//2052 2307//2307
f 2307//2307 2052//2052 2521//2521
f 1949//1949 2310//2310 2052//2052
f 2309//2309 2522//2522 2313//2313
f 2520//2520 2522//2522 2309//2309
f 2521//2521 2523//2523 2520//2520
f 2520//2520 2523//2523 2522//2522
f 2052//2052 2524//2524 2521//2521
f 2521//2521 2524//2524 2523//2523
f 2310//2310 2314//2314 2052//2052
f 2052//2052 2314//2314 2524//2524
f 2313//2313 2522//2522 2316//2316
f 2522//2522 2525//2525 2316//2316
f 2523//2523 2527//2527 2522//2522
f 2522//2522 2527//2527 2525//2525
f 2524//2524 2528//2528 2523//2523
f 2523//2523 2528//2528 2527//2527
f 2314//2314 1966//1966 2524//2524
f 2524//2524 1966//1966 2528//2528
f 1966//1966 2314//2314 1961//1961
f 2316//2316 2318//2318 2028//2028
f 2525//2525 2318//2318 2316//2316
f 2527//2527 2318//2318 2525//2525
f 2528//2528 2320//2320 2527//2527
f 2527//2527 2320//2320 2318//2318
f 1966//1966 2320//2320 2528//2528
f 2320//2320 1966//1966 1961//1961
f 1961//1961 2317//2317 2320//2320
f 2320//2320 2321//2321 2318//2318
f 2318//2318 2321//2321 2319//2319
f 2319//2319 2531//2531 2322//2322
f 2321//2321 2533//2533 2319//2319
f 2319//2319 2533//2533 2531//2531
f 2323//2323 2533//2533 2321//2321
f 2533//2533 2535//2535 2531//2531
f 2531//2531 2535//2535 2534//2534
f 2533//2533 2323//2323 2535//2535
f 2322//2322 2531//2531 2326//2326
f 2531//2531 2536//2536 2326//2326
f 2534//2534 2536//2536 2531//2531
f 2535//2535 2537//2537 2534//2534
f 2534//2534 2537//2537 2536//2536
f 2323//2323 2324//2324 2535//2535
f 2535//2535 2324//2324 2537//2537
f 2536//2536 2539//2539 2326//2326
f 2326//2326 2539//2539 2327//2327
f 2537//2537 2541//2541 2536//2536
f 2536//2536 2541//2541 2539//2539
f 2324//2324 2543//2543 2537//2537
f 2537//2537 2543//2543 2541//2541
f 2543//2543 2324//2324 1344//1344
f 2539//2539 2545//2545 2327//2327
f 2543//2543 1344//1344 2541//2541
f 2329//2329 2327//2327 2331//2331
f 2327//2327 2545//2545 2331//2331
f 2539//2539 2331//2331 2545//2545
f 2541//2541 2546//2546 2539//2539
f 2539//2539 2546//2546 2331//2331
f 1344//1344 2546//2546 2541//2541
f 2546//2546 1344//1344 2330//2330
f 2546//2546 2333//2333 2331//2331
f 2331//2331 2333//2333 1314//1314
f 2333//2333 2546//2546 2330//2330
f 2333//2333 1338//1338 1314//1314
f 1314//1314 1338//1338 1321//1321
f 286//286 1298//1298 1094//1094
f 1321//1321 1298//1298 286//286
f 1338//1338 2548//2548 1321//1321
f 1321//1321 2548//2548 1298//1298
f 2299//2299 2548//2548 1338//1338
f 2548//2548 2552//2552 1298//1298
f 1298//1298 2552//2552 2550//2550
f 2548//2548 2299//2299 2552//2552
f 1094//1094 1304//1304 738//738
f 1298//1298 1304//1304 1094//1094
f 2550//2550 2554//2554 1298//1298
f 1298//1298 2554//2554 1304//1304
f 2552//2552 2556//2556 2550//2550
f 2550//2550 2556//2556 2554//2554
f 2299//2299 2335//2335 2552//2552
f 2552//2552 2335//2335 2556//2556
f 738//738 1606//1606 2048//2048
f 1304//1304 1606//1606 738//738
f 2554//2554 1606//1606 1304//1304
f 2556//2556 2338//2338 2554//2554
f 2554//2554 2338//2338 1606//1606
f 2335//2335 2338//2338 2556//2556
f 2335//2335 2336//2336 2338//2338
f 2048//2048 1606//1606 2340//2340
f 2338//2338 2340//2340 1606//1606
f 2342//2342 2340//2340 2338//2338
f 2343//2343 2557//2557 2346//2346
f 2345//2345 2347//2347 2343//2343
f 2343//2343 2347//2347 2557//2557
f 2346//2346 2558//2558 2349//2349
f 2557//2557 2558//2558 2346//2346
f 2347//2347 2559//2559 2557//2557
f 2557//2557 2559//2559 2558//2558
f 2559//2559 2347//2347 2348//2348
f 2350//2350 2559//2559 2348//2348
f 2349//2349 2354//2354 2058//2058
f 2558//2558 2354//2354 2349//2349
f 2559//2559 2352//2352 2558//2558
f 2558//2558 2352//2352 2354//2354
f 2352//2352 2559//2559 2351//2351
f 2350//2350 2351//2351 2559//2559
f 2352//2352 985//985 2354//2354
f 2357//2357 1743//1743 976//976
f 2359//2359 1743//1743 2357//2357
f 2359//2359 2362//2362 1743//1743
f 1743//1743 2362//2362 2361//2361
f 2371//2371 2370//2370 2368//2368
f 2370//2370 2367//2367 2368//2368
f 2374//2374 2375//2375 1757//1757
f 2377//2377 2375//2375 2374//2374
f 2375//2375 2377//2377 2560//2560
f 1804//1804 2375//2375 2379//2379
f 2375//2375 2562//2562 2379//2379
f 2560//2560 2562//2562 2375//2375
f 2377//2377 2563//2563 2560//2560
f 2560//2560 2563//2563 2562//2562
f 2377//2377 2380//2380 2563//2563
f 2380//2380 2377//2377 2376//2376
f 2380//2380 2564//2564 2563//2563
f 2383//2383 2564//2564 2380//2380
f 2562//2562 2565//2565 2379//2379
f 2379//2379 2565//2565 2381//2381
f 2562//2562 1544//1544 2565//2565
f 2563//2563 2566//2566 2562//2562
f 2562//2562 2566//2566 1544//1544
f 2564//2564 2567//2567 2563//2563
f 2563//2563 2567//2567 2566//2566
f 2564//2564 2383//2383 2567//2567
f 2381//2381 1832//1832 2095//2095
f 2565//2565 544//544 2381//2381
f 2381//2381 544//544 1832//1832
f 1544//1544 544//544 2565//2565
f 2568//2568 544//544 1544//1544
f 2568//2568 1544//1544 2566//2566
f 2567//2567 2569//2569 2566//2566
f 2566//2566 2569//2569 2568//2568
f 2383//2383 2570//2570 2567//2567
f 2567//2567 2570//2570 2569//2569
f 2570//2570 2383//2383 2096//2096
f 1832//1832 2571//2571 2095//2095
f 544//544 2571//2571 1832//1832
f 2573//2573 2569//2569 2570//2570
f 2573//2573 2570//2570 2096//2096
f 2095//2095 2574//2574 2384//2384
f 2572//2572 2574//2574 2571//2571
f 2571//2571 2574//2574 2095//2095
f 2385//2385 2573//2573 2096//2096
f 2384//2384 2575//2575 2386//2386
f 2574//2574 2575//2575 2384//2384
f 2575//2575 2574//2574 2572//2572
f 2576//2576 2575//2575 2572//2572
f 2578//2578 2573//2573 2577//2577
f 2577//2577 2573//2573 2385//2385
f 2577//2577 2385//2385 2388//2388
f 2386//2386 2575//2575 2389//2389
f 2579//2579 2575//2575 2576//2576
f 2580//2580 2577//2577 2388//2388
f 2575//2575 2581//2581 2389//2389
f 2581//2581 2575//2575 2579//2579
f 2391//2391 2580//2580 2388//2388
f 2389//2389 2581//2581 2393//2393
f 2581//2581 2582//2582 2393//2393
f 2582//2582 2581//2581 2579//2579
f 2391//2391 2110//2110 2583//2583
f 2580//2580 2391//2391 2583//2583
f 2392//2392 2393//2393 1631//1631
f 2582//2582 2584//2584 2393//2393
f 2393//2393 2584//2584 1631//1631
f 2583//2583 2110//2110 2585//2585
f 2110//2110 2119//2119 2585//2585
f 2397//2397 1631//1631 2587//2587
f 1631//1631 2584//2584 2587//2587
f 1484//1484 2587//2587 2584//2584
f 2119//2119 2122//2122 2585//2585
f 2122//2122 2588//2588 2585//2585
f 2397//2397 1484//1484 2167//2167
f 2587//2587 1484//1484 2397//2397
f 2167//2167 1484//1484 2169//2169
f 2169//2169 1484//1484 2590//2590
f 2122//2122 1684//1684 2588//2588
f 1684//1684 1735//1735 2588//2588
f 2169//2169 2590//2590 1680//1680
f 1680//1680 2590//2590 2591//2591
f 1620//1620 2592//2592 1684//1684
f 2592//2592 1735//1735 1684//1684
f 1680//1680 2591//2591 2593//2593
f 2591//2591 2594//2594 2593//2593
f 2137//2137 1680//1680 2593//2593
f 2594//2594 2137//2137 2593//2593
f 1620//1620 2402//2402 2592//2592
f 2402//2402 2595//2595 2592//2592
f 2407//2407 2137//2137 2594//2594
f 2596//2596 2407//2407 2594//2594
f 2402//2402 1628//1628 2595//2595
f 1628//1628 2598//2598 2595//2595
f 2404//2404 2599//2599 2411//2411
f 2405//2405 2599//2599 2404//2404
f 2600//2600 2598//2598 1628//1628
f 2599//2599 769//769 2411//2411
f 2405//2405 769//769 2599//2599
f 2405//2405 697//697 769//769
f 2414//2414 697//697 2405//2405
f 2412//2412 2407//2407 2601//2601
f 2407//2407 2596//2596 2601//2601
f 2413//2413 2600//2600 1628//1628
f 2602//2602 2600//2600 2413//2413
f 2411//2411 963//963 599//599
f 2411//2411 2603//2603 963//963
f 769//769 2604//2604 2411//2411
f 2411//2411 2604//2604 2603//2603
f 697//697 2605//2605 769//769
f 769//769 2605//2605 2604//2604
f 2414//2414 1609//1609 697//697
f 697//697 1609//1609 2605//2605
f 2601//2601 2485//2485 2412//2412
f 2423//2423 2412//2412 2485//2485
f 2417//2417 1615//1615 2606//2606
f 2413//2413 2417//2417 2606//2606
f 2413//2413 2606//2606 2607//2607
f 2607//2607 2602//2602 2413//2413
f 2419//2419 1683//1683 2418//2418
f 2418//2418 1683//1683 2425//2425
f 1683//1683 2419//2419 2420//2420
f 963//963 2608//2608 2159//2159
f 2608//2608 963//963 2603//2603
f 2422//2422 1609//1609 2414//2414
f 2485//2485 2609//2609 2423//2423
f 527//527 1683//1683 2420//2420
f 2608//2608 2611//2611 2610//2610
f 2608//2608 2610//2610 2232//2232
f 2608//2608 2232//2232 2159//2159
f 2612//2612 2605//2605 2428//2428
f 2428//2428 2605//2605 1609//1609
f 2428//2428 1609//1609 2422//2422
f 2423//2423 2609//2609 2613//2613
f 1615//1615 2423//2423 2241//2241
f 2423//2423 2613//2613 2241//2241
f 2606//2606 1615//1615 2241//2241
f 2607//2607 2606//2606 2614//2614
f 2606//2606 2241//2241 2614//2614
f 2425//2425 1683//1683 2239//2239
f 2429//2429 2239//2239 1683//1683
f 527//527 2429//2429 1683//1683
f 2427//2427 1889//1889 2440//2440
f 2610//2610 1889//1889 2427//2427
f 2610//2610 2427//2427 2232//2232
f 2428//2428 18//18 2612//2612
f 2613//2613 2609//2609 2616//2616
f 2609//2609 2615//2615 2616//2616
f 2241//2241 2613//2613 2618//2618
f 2613//2613 2616//2616 2618//2618
f 2241//2241 2618//2618 2614//2614
f 486//486 2450//2450 2182//2182
f 2621//2621 2440//2440 1889//1889
f 2621//2621 2454//2454 2440//2440
f 2612//2612 18//18 2235//2235
f 2616//2616 2615//2615 2623//2623
f 2615//2615 2622//2622 2623//2623
f 2614//2614 2618//2618 2619//2619
f 2453//2453 2624//2624 486//486
f 2460//2460 2459//2459 2439//2439
f 2459//2459 2438//2438 2439//2439
f 2454//2454 2621//2621 1309//1309
f 18//18 2201//2201 2235//2235
f 2235//2235 2201//2201 2625//2625
f 2623//2623 2622//2622 2626//2626
f 2461//2461 2616//2616 2626//2626
f 2626//2626 2616//2616 2623//2623
f 2618//2618 2616//2616 2461//2461
f 2463//2463 2618//2618 2461//2461
f 2463//2463 2471//2471 2618//2618
f 2618//2618 2471//2471 2619//2619
f 2619//2619 2471//2471 2627//2627
f 2450//2450 2628//2628 2449//2449
f 2449//2449 2628//2628 2253//2253
f 2450//2450 404//404 2628//2628
f 486//486 2629//2629 2450//2450
f 2450//2450 2629//2629 404//404
f 2624//2624 2630//2630 486//486
f 486//486 2630//2630 2629//2629
f 2453//2453 2630//2630 2624//2624
f 2192//2192 2443//2443 2453//2453
f 2453//2453 2443//2443 2630//2630
f 1309//1309 2632//2632 2211//2211
f 1309//1309 2211//2211 2454//2454
f 2201//2201 2466//2466 2625//2625
f 2466//2466 2424//2424 2625//2625
f 2622//2622 2634//2634 2468//2468
f 2468//2468 2461//2461 2626//2626
f 2468//2468 2626//2626 2622//2622
f 2471//2471 2472//2472 2627//2627
f 2253//2253 2478//2478 2216//2216
f 2253//2253 2628//2628 2478//2478
f 404//404 2115//2115 2628//2628
f 2628//2628 2115//2115 2478//2478
f 2629//2629 771//771 404//404
f 404//404 771//771 2115//2115
f 2630//2630 2637//2637 2629//2629
f 2629//2629 2637//2637 771//771
f 2443//2443 2479//2479 2630//2630
f 2630//2630 2479//2479 2637//2637
f 2632//2632 633//633 2211//2211
f 2424//2424 249//249 2638//2638
f 2424//2424 2466//2466 249//249
f 2627//2627 2472//2472 2636//2636
f 2115//2115 771//771 2478//2478
f 2211//2211 633//633 2480//2480
f 2480//2480 633//633 2640//2640
f 2482//2482 2638//2638 249//249
f 2468//2468 2634//2634 2234//2234
f 2634//2634 2620//2620 2234//2234
f 2636//2636 2472//2472 2484//2484
f 2484//2484 2639//2639 2636//2636
f 2478//2478 771//771 2488//2488
f 2637//2637 1936//1936 771//771
f 771//771 1936//1936 2488//2488
f 2229//2229 1936//1936 2479//2479
f 1936//1936 2637//2637 2479//2479
f 2223//2223 2640//2640 2489//2489
f 2223//2223 2480//2480 2640//2640
f 2638//2638 2482//2482 2409//2409
f 2477//2477 2176//2176 2482//2482
f 2176//2176 2409//2409 2482//2482
f 2620//2620 1041//1041 2426//2426
f 2620//2620 2426//2426 2234//2234
f 2484//2484 2240//2240 2639//2639
f 2240//2240 2641//2641 2639//2639
f 2487//2487 2490//2490 2486//2486
f 2642//2642 2490//2490 2487//2487
f 2308//2308 2642//2642 2487//2487
f 2492//2492 2488//2488 1936//1936
f 2229//2229 2492//2492 1936//1936
f 2489//2489 2644//2644 2643//2643
f 2640//2640 2644//2644 2489//2489
f 2409//2409 2176//2176 686//686
f 2641//2641 2240//2240 2183//2183
f 2242//2242 2490//2490 2493//2493
f 2642//2642 2646//2646 2490//2490
f 2490//2490 2646//2646 2526//2526
f 2308//2308 1336//1336 2642//2642
f 2642//2642 1336//1336 2646//2646
f 2643//2643 2644//2644 2648//2648
f 2489//2489 2643//2643 2648//2648
f 2489//2489 2648//2648 2633//2633
f 2489//2489 2633//2633 2494//2494
f 2495//2495 2494//2494 2633//2633
f 2645//2645 2496//2496 2250//2250
f 2645//2645 2409//2409 2496//2496
f 686//686 716//716 2409//2409
f 2409//2409 716//716 2496//2496
f 2176//2176 2649//2649 686//686
f 686//686 2649//2649 716//716
f 2497//2497 2176//2176 2178//2178
f 2649//2649 2176//2176 2497//2497
f 2426//2426 1041//1041 2251//2251
f 2251//2251 1041//1041 2631//2631
f 2183//2183 2650//2650 2641//2641
f 2490//2490 2245//2245 2493//2493
f 2526//2526 2635//2635 2490//2490
f 2490//2490 2635//2635 2245//2245
f 2652//2652 2635//2635 2646//2646
f 2646//2646 2635//2635 2526//2526
f 2646//2646 1336//1336 2652//2652
f 2653//2653 2652//2652 1336//1336
f 2653//2653 1336//1336 2308//2308
f 2653//2653 2308//2308 2252//2252
f 2495//2495 2633//2633 2249//2249
f 2633//2633 2654//2654 2249//2249
f 2655//2655 2249//2249 2654//2654
f 2250//2250 2249//2249 2656//2656
f 2249//2249 2655//2655 2656//2656
f 2250//2250 2656//2656 2645//2645
f 2496//2496 2457//2457 2455//2455
f 2496//2496 716//716 2457//2457
f 2649//2649 2657//2657 716//716
f 716//716 2657//2657 2457//2457
f 2497//2497 2658//2658 2649//2649
f 2658//2658 2657//2657 2649//2649
f 2658//2658 2497//2497 632//632
f 2251//2251 2631//2631 632//632
f 2497//2497 2251//2251 632//632
f 2183//2183 2451//2451 2650//2650
f 2245//2245 2659//2659 2493//2493
f 2635//2635 2660//2660 2659//2659
f 2635//2635 2659//2659 2245//2245
f 2252//2252 2255//2255 2653//2653
f 2457//2457 2657//2657 1036//1036
f 2190//2190 2661//2661 2650//2650
f 2451//2451 2190//2190 2650//2650
f 2659//2659 2662//2662 2462//2462
f 2659//2659 2462//2462 2493//2493
f 2659//2659 2660//2660 2662//2662
f 2255//2255 2663//2663 2415//2415
f 2653//2653 2255//2255 2415//2415
f 2457//2457 2498//2498 2455//2455
f 1036//1036 2664//2664 2457//2457
f 2457//2457 2664//2664 2498//2498
f 2657//2657 2665//2665 1036//1036
f 1036//1036 2665//2665 2664//2664
f 2666//2666 2665//2665 2658//2658
f 2658//2658 2665//2665 2657//2657
f 2190//2190 2257//2257 2661//2661
f 2257//2257 2667//2667 2661//2661
f 2662//2662 2499//2499 2462//2462
f 2668//2668 2499//2499 2662//2662
f 2259//2259 2663//2663 2255//2255
f 2664//2664 2669//2669 2498//2498
f 2498//2498 2669//2669 2264//2264
f 2664//2664 2665//2665 2669//2669
f 2670//2670 2257//2257 2261//2261
f 2667//2667 2257//2257 2670//2670
f 2262//2262 2499//2499 2668//2668
f 2672//2672 2262//2262 2668//2668
f 2265//2265 2663//2663 2259//2259
f 2673//2673 2663//2663 2265//2265
f 2264//2264 2669//2669 2140//2140
f 2665//2665 2140//2140 2669//2669
f 2665//2665 1146//1146 2140//2140
f 2265//2265 2500//2500 2586//2586
f 2265//2265 2586//2586 2673//2673
f 2271//2271 2269//2269 2140//2140
f 1146//1146 2271//2271 2140//2140
f 2271//2271 1146//1146 2674//2674
f 2271//2271 2674//2674 2272//2272
f 2272//2272 2674//2674 2677//2677
f 2678//2678 2670//2670 2501//2501
f 2670//2670 2261//2261 2501//2501
f 2262//2262 2672//2672 2502//2502
f 2675//2675 2502//2502 2672//2672
f 2675//2675 2127//2127 2502//2502
f 2280//2280 2127//2127 2679//2679
f 2679//2679 2127//2127 2675//2675
f 2280//2280 2679//2679 1898//1898
f 1898//1898 2679//2679 900//900
f 2586//2586 1898//1898 900//900
f 2500//2500 1898//1898 2586//2586
f 2677//2677 2504//2504 2272//2272
f 372//372 2677//2677 2680//2680
f 2504//2504 2677//2677 372//372
f 2278//2278 2283//2283 2681//2681
f 2681//2681 2283//2283 1676//1676
f 2501//2501 2681//2681 2678//2678
f 2278//2278 2681//2681 2501//2501
f 372//372 2680//2680 2682//2682
f 2510//2510 372//372 2683//2683
f 2683//2683 372//372 2682//2682
f 2511//2511 2510//2510 2684//2684
f 2684//2684 2510//2510 2683//2683
f 2508//2508 2511//2511 2671//2671
f 2671//2671 2511//2511 2684//2684
f 2685//2685 2508//2508 2671//2671
f 2283//2283 2685//2685 1676//1676
f 2508//2508 2685//2685 2283//2283
f 2571//2571 2686//2686 2572//2572
f 544//544 2686//2686 2571//2571
f 2568//2568 2686//2686 544//544
f 2569//2569 2573//2573 2568//2568
f 2568//2568 2687//2687 2686//2686
f 2568//2568 2573//2573 2687//2687
f 2686//2686 1547//1547 2572//2572
f 2572//2572 1547//1547 2576//2576
f 2688//2688 1547//1547 2686//2686
f 2686//2686 2687//2687 2689//2689
f 2688//2688 2686//2686 2689//2689
f 2690//2690 2689//2689 2687//2687
f 2690//2690 2687//2687 2578//2578
f 2578//2578 2687//2687 2573//2573
f 1547//1547 2688//2688 2576//2576
f 2578//2578 2691//2691 2690//2690
f 2579//2579 2576//2576 478//478
f 2580//2580 2578//2578 2577//2577
f 1519//1519 2578//2578 2580//2580
f 2692//2692 2582//2582 2579//2579
f 1519//1519 2693//2693 2695//2695
f 2583//2583 1519//1519 2580//2580
f 2693//2693 1519//1519 2583//2583
f 2693//2693 2583//2583 2695//2695
f 2582//2582 2692//2692 2584//2584
f 1484//1484 2584//2584 1901//1901
f 2585//2585 2588//2588 2696//2696
f 1484//1484 1901//1901 2590//2590
f 2594//2594 2591//2591 1884//1884
f 2595//2595 142//142 2592//2592
f 2594//2594 1884//1884 2596//2596
f 2596//2596 1884//1884 2697//2697
f 2698//2698 142//142 2595//2595
f 2598//2598 2698//2698 2595//2595
f 2596//2596 2700//2700 2699//2699
f 2601//2601 2596//2596 2699//2699
f 2598//2598 2600//2600 2698//2698
f 2699//2699 2700//2700 1060//1060
f 2485//2485 2601//2601 2699//2699
f 1060//1060 2485//2485 2699//2699
f 2602//2602 2607//2607 2600//2600
f 2607//2607 2701//2701 2600//2600
f 2605//2605 2702//2702 2604//2604
f 1060//1060 2704//2704 2703//2703
f 2700//2700 2704//2704 1060//1060
f 2703//2703 2485//2485 1060//1060
f 2607//2607 2705//2705 2701//2701
f 2608//2608 2603//2603 2707//2707
f 2611//2611 2608//2608 2707//2707
f 2603//2603 2604//2604 2708//2708
f 2707//2707 2603//2603 2708//2708
f 2124//2124 2708//2708 2604//2604
f 2124//2124 2604//2604 2702//2702
f 2612//2612 2702//2702 2605//2605
f 2704//2704 2469//2469 2703//2703
f 2609//2609 2485//2485 2703//2703
f 2614//2614 2705//2705 2607//2607
f 2706//2706 119//119 2610//2610
f 2611//2611 2706//2706 2610//2610
f 2710//2710 2124//2124 2702//2702
f 2710//2710 2702//2702 2235//2235
f 2235//2235 2702//2702 2612//2612
f 2703//2703 2469//2469 2711//2711
f 2615//2615 2609//2609 2703//2703
f 2711//2711 2615//2615 2703//2703
f 2705//2705 2619//2619 2712//2712
f 2705//2705 2614//2614 2619//2619
f 2610//2610 119//119 1889//1889
f 2235//2235 2625//2625 2710//2710
f 2711//2711 2713//2713 1307//1307
f 2469//2469 2713//2713 2711//2711
f 1307//1307 2615//2615 2711//2711
f 2714//2714 1309//1309 2621//2621
f 2710//2710 2625//2625 2715//2715
f 2713//2713 2716//2716 1307//1307
f 2622//2622 2615//2615 1307//1307
f 2712//2712 2717//2717 2542//2542
f 2619//2619 2717//2717 2712//2712
f 2619//2619 2627//2627 2717//2717
f 1309//1309 2714//2714 2632//2632
f 2714//2714 2549//2549 2632//2632
f 2715//2715 2625//2625 2424//2424
f 1307//1307 2716//2716 2647//2647
f 2634//2634 2622//2622 1307//1307
f 2647//2647 2634//2634 1307//1307
f 2627//2627 2636//2636 2651//2651
f 2717//2717 2627//2627 2651//2651
f 2651//2651 2542//2542 2717//2717
f 2718//2718 2542//2542 2651//2651
f 633//633 2549//2549 2640//2640
f 2549//2549 633//633 2632//2632
f 2647//2647 2694//2694 2620//2620
f 2716//2716 2694//2694 2647//2647
f 2620//2620 2634//2634 2647//2647
f 2636//2636 2639//2639 2651//2651
f 2549//2549 2720//2720 2640//2640
f 2424//2424 2638//2638 2719//2719
f 2638//2638 2721//2721 2719//2719
f 2651//2651 2639//2639 2718//2718
f 2720//2720 2644//2644 2640//2640
f 2638//2638 2409//2409 2721//2721
f 2639//2639 2641//2641 2722//2722
f 2409//2409 2645//2645 2724//2724
f 2724//2724 2725//2725 2409//2409
f 2725//2725 2721//2721 2409//2409
f 2644//2644 2723//2723 661//661
f 2644//2644 661//661 2648//2648
f 2724//2724 2645//2645 2725//2725
f 1041//1041 2726//2726 2631//2631
f 2631//2631 2726//2726 2617//2617
f 2650//2650 2727//2727 2641//2641
f 206//206 2729//2729 2633//2633
f 206//206 2633//2633 2728//2728
f 2728//2728 2633//2633 2648//2648
f 2654//2654 2633//2633 2729//2729
f 2730//2730 2655//2655 2654//2654
f 2656//2656 2655//2655 2730//2730
f 2730//2730 2645//2645 2656//2656
f 2631//2631 2658//2658 632//632
f 2553//2553 2658//2658 2631//2631
f 2650//2650 2731//2731 2727//2727
f 2635//2635 2652//2652 2660//2660
f 2652//2652 1935//1935 2660//2660
f 2653//2653 2415//2415 2652//2652
f 2652//2652 2415//2415 1935//1935
f 2661//2661 2555//2555 2731//2731
f 2650//2650 2661//2661 2731//2731
f 2660//2660 1935//1935 2733//2733
f 1935//1935 2415//2415 2733//2733
f 2734//2734 2733//2733 2415//2415
f 2666//2666 2658//2658 2735//2735
f 2735//2735 2658//2658 2553//2553
f 2662//2662 2732//2732 2668//2668
f 2660//2660 2732//2732 2662//2662
f 2415//2415 441//441 1891//1891
f 2734//2734 2415//2415 1891//1891
f 441//441 2415//2415 2663//2663
f 2665//2665 2674//2674 1146//1146
f 2666//2666 2674//2674 2665//2665
f 2668//2668 2675//2675 2672//2672
f 2732//2732 2675//2675 2668//2668
f 2673//2673 441//441 2663//2663
f 2586//2586 441//441 2673//2673
f 2677//2677 2674//2674 2738//2738
f 2679//2679 2675//2675 2737//2737
f 900//900 2679//2679 2737//2737
f 2586//2586 900//900 2737//2737
f 2677//2677 2738//2738 2739//2739
f 2678//2678 2681//2681 2740//2740
f 2680//2680 2739//2739 2193//2193
f 2677//2677 2739//2739 2680//2680
f 2742//2742 2685//2685 2741//2741
f 1676//1676 2685//2685 2742//2742
f 2681//2681 1676//1676 2742//2742
f 2682//2682 2680//2680 2743//2743
f 2683//2683 2682//2682 1864//1864
f 1864//1864 2682//2682 2743//2743
f 2684//2684 2683//2683 1864//1864
f 2685//2685 2671//2671 2741//2741
f 2691//2691 2688//2688 2689//2689
f 2690//2690 2691//2691 2689//2689
f 2576//2576 2688//2688 478//478
f 2688//2688 2691//2691 2744//2744
f 2688//2688 2744//2744 478//478
f 2691//2691 2745//2745 2744//2744
f 2691//2691 2746//2746 2745//2745
f 1519//1519 2691//2691 2578//2578
f 2746//2746 2691//2691 1519//1519
f 2579//2579 2747//2747 2692//2692
f 478//478 2747//2747 2579//2579
f 478//478 2744//2744 2747//2747
f 2744//2744 2748//2748 2747//2747
f 2748//2748 2744//2744 2745//2745
f 2749//2749 2745//2745 2695//2695
f 2695//2695 2745//2745 2746//2746
f 2695//2695 2746//2746 1519//1519
f 2747//2747 174//174 2750//2750
f 2747//2747 2750//2750 2584//2584
f 2747//2747 2584//2584 2692//2692
f 2695//2695 2583//2583 177//177
f 2583//2583 2585//2585 177//177
f 2750//2750 1901//1901 2584//2584
f 1901//1901 2750//2750 174//174
f 2696//2696 982//982 2585//2585
f 2585//2585 982//982 177//177
f 2588//2588 982//982 2696//2696
f 2751//2751 982//982 2588//2588
f 2590//2590 1901//1901 2752//2752
f 1735//1735 2751//2751 2588//2588
f 2590//2590 2752//2752 2591//2591
f 2591//2591 2752//2752 1877//1877
f 2592//2592 2751//2751 1735//1735
f 1116//1116 2751//2751 2592//2592
f 2591//2591 1877//1877 1884//1884
f 2592//2592 142//142 1116//1116
f 2596//2596 2697//2697 2700//2700
f 2753//2753 2698//2698 2600//2600
f 2600//2600 2701//2701 2753//2753
f 2701//2701 2705//2705 2754//2754
f 2753//2753 2701//2701 2754//2754
f 2611//2611 2708//2708 2706//2706
f 2707//2707 2708//2708 2611//2611
f 2705//2705 2709//2709 2754//2754
f 2736//2736 119//119 2706//2706
f 2124//2124 2755//2755 2708//2708
f 2710//2710 2755//2755 2124//2124
f 2705//2705 2712//2712 2756//2756
f 2756//2756 2709//2709 2705//2705
f 1889//1889 2758//2758 2621//2621
f 2758//2758 1889//1889 119//119
f 2621//2621 2758//2758 2714//2714
f 2758//2758 119//119 2714//2714
f 2755//2755 2715//2715 2761//2761
f 2755//2755 2710//2710 2715//2715
f 2712//2712 2542//2542 2756//2756
f 2542//2542 2759//2759 2756//2756
f 2540//2540 2759//2759 2542//2542
f 2714//2714 2760//2760 2549//2549
f 2424//2424 2719//2719 2715//2715
f 2718//2718 2540//2540 2542//2542
f 2762//2762 2540//2540 2718//2718
f 2763//2763 2720//2720 2549//2549
f 2620//2620 2694//2694 2757//2757
f 2718//2718 2639//2639 2722//2722
f 2718//2718 2722//2722 2762//2762
f 2644//2644 2720//2720 2763//2763
f 2764//2764 2644//2644 2763//2763
f 2620//2620 2757//2757 1041//1041
f 1041//1041 2757//2757 2726//2726
f 2641//2641 2765//2765 2722//2722
f 2723//2723 2644//2644 2764//2764
f 2641//2641 2727//2727 2765//2765
f 2764//2764 2766//2766 1496//1496
f 2723//2723 2764//2764 1496//1496
f 2723//2723 1496//1496 661//661
f 2645//2645 2226//2226 2725//2725
f 661//661 1496//1496 2767//2767
f 661//661 2767//2767 2648//2648
f 2728//2728 2648//2648 2767//2767
f 206//206 2728//2728 2767//2767
f 2645//2645 2730//2730 2768//2768
f 2768//2768 2226//2226 2645//2645
f 2631//2631 2769//2769 2553//2553
f 2769//2769 2631//2631 2617//2617
f 2654//2654 2729//2729 206//206
f 2770//2770 2654//2654 206//206
f 1479//1479 2654//2654 2770//2770
f 2730//2730 2654//2654 1479//1479
f 2730//2730 1479//1479 2768//2768
f 2660//2660 210//210 2732//2732
f 2733//2733 210//210 2660//2660
f 206//206 312//312 2770//2770
f 2770//2770 2206//2206 1479//1479
f 312//312 2206//2206 2770//2770
f 2206//2206 1904//1904 1479//1479
f 2555//2555 2771//2771 1907//1907
f 2731//2731 2555//2555 1907//1907
f 2667//2667 2555//2555 2661//2661
f 2771//2771 2555//2555 2667//2667
f 210//210 2217//2217 2732//2732
f 2733//2733 1887//1887 210//210
f 210//210 1887//1887 2217//2217
f 1891//1891 2733//2733 2734//2734
f 1887//1887 2733//2733 1891//1891
f 2666//2666 582//582 2674//2674
f 582//582 2666//2666 2735//2735
f 2771//2771 2772//2772 1907//1907
f 2772//2772 2771//2771 2667//2667
f 2732//2732 2217//2217 2675//2675
f 441//441 1887//1887 1891//1891
f 2772//2772 2243//2243 2773//2773
f 1907//1907 2772//2772 2773//2773
f 2670//2670 2772//2772 2667//2667
f 2243//2243 2772//2772 2670//2670
f 1887//1887 2675//2675 2217//2217
f 2737//2737 2675//2675 1887//1887
f 2586//2586 2737//2737 1887//1887
f 441//441 2586//2586 1887//1887
f 2674//2674 582//582 2738//2738
f 2678//2678 2243//2243 2670//2670
f 1915//1915 2243//2243 2742//2742
f 2742//2742 2243//2243 2774//2774
f 2740//2740 2243//2243 2678//2678
f 2740//2740 2774//2774 2243//2243
f 2681//2681 2742//2742 2774//2774
f 2740//2740 2681//2681 2774//2774
f 2680//2680 2193//2193 2743//2743
f 1864//1864 2743//2743 2193//2193
f 2684//2684 1864//1864 2165//2165
f 2741//2741 2671//2671 2165//2165
f 2671//2671 2684//2684 2165//2165
f 2749//2749 2748//2748 2745//2745
f 2749//2749 2776//2776 2748//2748
f 2748//2748 2776//2776 2775//2775
f 2695//2695 2776//2776 2749//2749
f 2748//2748 2778//2778 2777//2777
f 2748//2748 2777//2777 174//174
f 2748//2748 174//174 2747//2747
f 2748//2748 2775//2775 2778//2778
f 2775//2775 2776//2776 2779//2779
f 2778//2778 2775//2775 2779//2779
f 2776//2776 2695//2695 2779//2779
f 2695//2695 968//968 2779//2779
f 2695//2695 177//177 968//968
f 174//174 2780//2780 1901//1901
f 2777//2777 2780//2780 174//174
f 968//968 177//177 2781//2781
f 2781//2781 177//177 982//982
f 2780//2780 2783//2783 1901//1901
f 2589//2589 2781//2781 982//982
f 2752//2752 1901//1901 2783//2783
f 2751//2751 2589//2589 982//982
f 1877//1877 2752//2752 2783//2783
f 2784//2784 1877//1877 2783//2783
f 2589//2589 2751//2751 2785//2785
f 2751//2751 1116//1116 2785//2785
f 1877//1877 1697//1697 1884//1884
f 1697//1697 1877//1877 2784//2784
f 1708//1708 1697//1697 2784//2784
f 1708//1708 1884//1884 1697//1697
f 142//142 2787//2787 1116//1116
f 1116//1116 2787//2787 2785//2785
f 1884//1884 1708//1708 2697//2697
f 2697//2697 1708//1708 2788//2788
f 142//142 2698//2698 2787//2787
f 2697//2697 2788//2788 2789//2789
f 2697//2697 2789//2789 2700//2700
f 2698//2698 2753//2753 2790//2790
f 2753//2753 1759//1759 2790//2790
f 2700//2700 2789//2789 2704//2704
f 2704//2704 2789//2789 2791//2791
f 2753//2753 2754//2754 1759//1759
f 2754//2754 2792//2792 1759//1759
f 2793//2793 2469//2469 2791//2791
f 2791//2791 2469//2469 2704//2704
f 2754//2754 2709//2709 2792//2792
f 2709//2709 2794//2794 2792//2792
f 1476//1476 2736//2736 2706//2706
f 2708//2708 1476//1476 2706//2706
f 2755//2755 1476//1476 2708//2708
f 2713//2713 2469//2469 2793//2793
f 2759//2759 2795//2795 2794//2794
f 2759//2759 2794//2794 2756//2756
f 2756//2756 2794//2794 2709//2709
f 2759//2759 2796//2796 2795//2795
f 119//119 2736//2736 2798//2798
f 119//119 2798//2798 2797//2797
f 2736//2736 1476//1476 2798//2798
f 2798//2798 1476//1476 2799//2799
f 2799//2799 1476//1476 1515//1515
f 1515//1515 1476//1476 2755//2755
f 2713//2713 2800//2800 2716//2716
f 2793//2793 2800//2800 2713//2713
f 119//119 2797//2797 592//592
f 2714//2714 119//119 592//592
f 1515//1515 896//896 2799//2799
f 2755//2755 896//896 1515//1515
f 2755//2755 2761//2761 896//896
f 2800//2800 2801//2801 2716//2716
f 2802//2802 2796//2796 2540//2540
f 2540//2540 2796//2796 2759//2759
f 592//592 2760//2760 2714//2714
f 592//592 2804//2804 2760//2760
f 2804//2804 2549//2549 2760//2760
f 2761//2761 2805//2805 896//896
f 2761//2761 2715//2715 2805//2805
f 2715//2715 2719//2719 2805//2805
f 2716//2716 2801//2801 2694//2694
f 2802//2802 2540//2540 2762//2762
f 2806//2806 2802//2802 2762//2762
f 2694//2694 2807//2807 2757//2757
f 2801//2801 2807//2807 2694//2694
f 2549//2549 2804//2804 2808//2808
f 2763//2763 2549//2549 2808//2808
f 2719//2719 2721//2721 2805//2805
f 2721//2721 1504//1504 2805//2805
f 2807//2807 2803//2803 2757//2757
f 2762//2762 2722//2722 131//131
f 2806//2806 2762//2762 2198//2198
f 2762//2762 131//131 2198//2198
f 2806//2806 2810//2810 2811//2811
f 2806//2806 2198//2198 2810//2810
f 2763//2763 2808//2808 2813//2813
f 2721//2721 2725//2725 1504//1504
f 2725//2725 2814//2814 1504//1504
f 2757//2757 2803//2803 2815//2815
f 2815//2815 2726//2726 2757//2757
f 2722//2722 2765//2765 2816//2816
f 131//131 2722//2722 2816//2816
f 2198//2198 131//131 2817//2817
f 131//131 2816//2816 2817//2817
f 2198//2198 2817//2817 2810//2810
f 2818//2818 2811//2811 2810//2810
f 2763//2763 2813//2813 2764//2764
f 2820//2820 2815//2815 2803//2803
f 2820//2820 2726//2726 2815//2815
f 2765//2765 2727//2727 2816//2816
f 2810//2810 2817//2817 2821//2821
f 2821//2821 2818//2818 2810//2810
f 2822//2822 2818//2818 2821//2821
f 2766//2766 2764//2764 1230//1230
f 2764//2764 2813//2813 1230//1230
f 2226//2226 2823//2823 2725//2725
f 2823//2823 2814//2814 2725//2725
f 2726//2726 2820//2820 2617//2617
f 2820//2820 2824//2824 2617//2617
f 2816//2816 2727//2727 2551//2551
f 2816//2816 2551//2551 2505//2505
f 2817//2817 2816//2816 2826//2826
f 2816//2816 2505//2505 2826//2826
f 2821//2821 2817//2817 2826//2826
f 2826//2826 2822//2822 2821//2821
f 2766//2766 1230//1230 2819//2819
f 1496//1496 2766//2766 2819//2819
f 1496//1496 2819//2819 2827//2827
f 2226//2226 2768//2768 2828//2828
f 2828//2828 2823//2823 2226//2226
f 905//905 2823//2823 2828//2828
f 2824//2824 2769//2769 2617//2617
f 2505//2505 2551//2551 2727//2727
f 2505//2505 2727//2727 2829//2829
f 2829//2829 2727//2727 2731//2731
f 2827//2827 2819//2819 2830//2830
f 2827//2827 2767//2767 1496//1496
f 2827//2827 2830//2830 2767//2767
f 2830//2830 2831//2831 2767//2767
f 905//905 2828//2828 2768//2768
f 2824//2824 2832//2832 2769//2769
f 2832//2832 2833//2833 2769//2769
f 2767//2767 2831//2831 2834//2834
f 2767//2767 2834//2834 206//206
f 2834//2834 2835//2835 206//206
f 2835//2835 2206//2206 312//312
f 2835//2835 312//312 206//206
f 2836//2836 2837//2837 1904//1904
f 1904//1904 2837//2837 1479//1479
f 2768//2768 2837//2837 905//905
f 1479//1479 2837//2837 2768//2768
f 2553//2553 2838//2838 2735//2735
f 2769//2769 2838//2838 2553//2553
f 2838//2838 2769//2769 2833//2833
f 1907//1907 2829//2829 2731//2731
f 2839//2839 2829//2829 1907//1907
f 2206//2206 2835//2835 2840//2840
f 2206//2206 2840//2840 1904//1904
f 2840//2840 2836//2836 1904//1904
f 2838//2838 2841//2841 2735//2735
f 2841//2841 582//582 2735//2735
f 2842//2842 2839//2839 1907//1907
f 582//582 2841//2841 2843//2843
f 2844//2844 2839//2839 2842//2842
f 2844//2844 2842//2842 2773//2773
f 2773//2773 2842//2842 1907//1907
f 582//582 2843//2843 2738//2738
f 2845//2845 2844//2844 1915//1915
f 2243//2243 1915//1915 2773//2773
f 1915//1915 2844//2844 2773//2773
f 2193//2193 2843//2843 2847//2847
f 2193//2193 2739//2739 2843//2843
f 2739//2739 2738//2738 2843//2843
f 2193//2193 2847//2847 2341//2341
f 2846//2846 2845//2845 2848//2848
f 2848//2848 2845//2845 2742//2742
f 2742//2742 2845//2845 1915//1915
f 2193//2193 2341//2341 2474//2474
f 2474//2474 2849//2849 2850//2850
f 2741//2741 2850//2850 2849//2849
f 2741//2741 2849//2849 2848//2848
f 2742//2742 2741//2741 2848//2848
f 1864//1864 2193//2193 2474//2474
f 2165//2165 1864//1864 2474//2474
f 2850//2850 2165//2165 2474//2474
f 2741//2741 2165//2165 2850//2850
f 2777//2777 1977//1977 2780//2780
f 2778//2778 1977//1977 2777//2777
f 2779//2779 2852//2852 2778//2778
f 2778//2778 2852//2852 1977//1977
f 968//968 2781//2781 2779//2779
f 2779//2779 2781//2781 2852//2852
f 1977//1977 1599//1599 2780//2780
f 2780//2780 1599//1599 2783//2783
f 1977//1977 2852//2852 2853//2853
f 1599//1599 1977//1977 2853//2853
f 2853//2853 2852//2852 2589//2589
f 2589//2589 2852//2852 2781//2781
f 2589//2589 2854//2854 2853//2853
f 2785//2785 2854//2854 2589//2589
f 2855//2855 1708//1708 2784//2784
f 2854//2854 2856//2856 397//397
f 2854//2854 2785//2785 2856//2856
f 2785//2785 2787//2787 2856//2856
f 2857//2857 1708//1708 2855//2855
f 2787//2787 2790//2790 2856//2856
f 2698//2698 2790//2790 2787//2787
f 1708//1708 2857//2857 2788//2788
f 2790//2790 2859//2859 2858//2858
f 2790//2790 1759//1759 2859//2859
f 2791//2791 2860//2860 2793//2793
f 2795//2795 783//783 2792//2792
f 2795//2795 2792//2792 2794//2794
f 2796//2796 2862//2862 2861//2861
f 2797//2797 2864//2864 592//592
f 2797//2797 2798//2798 497//497
f 2864//2864 2797//2797 497//497
f 2798//2798 2799//2799 497//497
f 497//497 2799//2799 341//341
f 2799//2799 896//896 341//341
f 2862//2862 2866//2866 2867//2867
f 2796//2796 2866//2866 2862//2862
f 2796//2796 2802//2802 2866//2866
f 2868//2868 2804//2804 592//592
f 2805//2805 2870//2870 896//896
f 2801//2801 2871//2871 2807//2807
f 2866//2866 2802//2802 2806//2806
f 2807//2807 2871//2871 2803//2803
f 2804//2804 2868//2868 2808//2808
f 2805//2805 1504//1504 2870//2870
f 2873//2873 2803//2803 2871//2871
f 2806//2806 2811//2811 2872//2872
f 2873//2873 2874//2874 1229//1229
f 2803//2803 2873//2873 2820//2820
f 2873//2873 1229//1229 2820//2820
f 2818//2818 2875//2875 2811//2811
f 2876//2876 2875//2875 2818//2818
f 2812//2812 2824//2824 1229//1229
f 2824//2824 2820//2820 1229//1229
f 2822//2822 2876//2876 2818//2818
f 2830//2830 2819//2819 1230//1230
f 209//209 2830//2830 1230//1230
f 905//905 2877//2877 2823//2823
f 1234//1234 2824//2824 2812//2812
f 2832//2832 2824//2824 1234//1234
f 2505//2505 2829//2829 1554//1554
f 2826//2826 2505//2505 1554//1554
f 2878//2878 2826//2826 1554//1554
f 2822//2822 2826//2826 2878//2878
f 2879//2879 2876//2876 2822//2822
f 2831//2831 2830//2830 2881//2881
f 2881//2881 2830//2830 2880//2880
f 1554//1554 2829//2829 2883//2883
f 2822//2822 2878//2878 2879//2879
f 2834//2834 2831//2831 2885//2885
f 2835//2835 2834//2834 2885//2885
f 905//905 2837//2837 2877//2877
f 2832//2832 2886//2886 2838//2838
f 2832//2832 2838//2838 2833//2833
f 2839//2839 2882//2882 2829//2829
f 28//28 2882//2882 2839//2839
f 1554//1554 2883//2883 2888//2888
f 2878//2878 1554//1554 2889//2889
f 1554//1554 2888//2888 2889//2889
f 2879//2879 2878//2878 2889//2889
f 2889//2889 2884//2884 2879//2879
f 2840//2840 2835//2835 2890//2890
f 2838//2838 2891//2891 2841//2841
f 28//28 2844//2844 2892//2892
f 2844//2844 28//28 2839//2839
f 2841//2841 2891//2891 2843//2843
f 2894//2894 2892//2892 2844//2844
f 2889//2889 2888//2888 2893//2893
f 2891//2891 2847//2847 2843//2843
f 1080//1080 2894//2894 2846//2846
f 2846//2846 2844//2844 2845//2845
f 2846//2846 2894//2894 2844//2844
f 2896//2896 1080//1080 2849//2849
f 2848//2848 2849//2849 2846//2846
f 2849//2849 1080//1080 2846//2846
f 2896//2896 2341//2341 2847//2847
f 2474//2474 2341//2341 2896//2896
f 2849//2849 2474//2474 2896//2896
f 2853//2853 790//790 1599//1599
f 410//410 790//790 2853//2853
f 2783//2783 2898//2898 2784//2784
f 1599//1599 2898//2898 2783//2783
f 1599//1599 790//790 2898//2898
f 410//410 400//400 790//790
f 790//790 400//400 2898//2898
f 2853//2853 400//400 410//410
f 2854//2854 400//400 2853//2853
f 2784//2784 2898//2898 391//391
f 397//397 400//400 2854//2854
f 2784//2784 2900//2900 2855//2855
f 391//391 2900//2900 2784//2784
f 2898//2898 2900//2900 391//391
f 2898//2898 2899//2899 2900//2900
f 397//397 2901//2901 400//400
f 397//397 2902//2902 2901//2901
f 397//397 2856//2856 2902//2902
f 2900//2900 2903//2903 2855//2855
f 2903//2903 2857//2857 2855//2855
f 2790//2790 2902//2902 2856//2856
f 2904//2904 2902//2902 2790//2790
f 2788//2788 2857//2857 2789//2789
f 2790//2790 2858//2858 2904//2904
f 2857//2857 605//605 2789//2789
f 605//605 2857//2857 2903//2903
f 2858//2858 2859//2859 2904//2904
f 605//605 2860//2860 2789//2789
f 2860//2860 2791//2791 2789//2789
f 2859//2859 1759//1759 2905//2905
f 1759//1759 2792//2792 2905//2905
f 2793//2793 2860//2860 2907//2907
f 2792//2792 783//783 2905//2905
f 2793//2793 2907//2907 2800//2800
f 2800//2800 2907//2907 208//208
f 2795//2795 2796//2796 783//783
f 2796//2796 2861//2861 783//783
f 778//778 2861//2861 2862//2862
f 2863//2863 592//592 2908//2908
f 592//592 2864//2864 2908//2908
f 497//497 2908//2908 2864//2864
f 2909//2909 2908//2908 497//497
f 2909//2909 497//497 341//341
f 1055//1055 2801//2801 208//208
f 208//208 2801//2801 2800//2800
f 2862//2862 2867//2867 778//778
f 2906//2906 2868//2868 592//592
f 592//592 2863//2863 2906//2906
f 341//341 339//339 335//335
f 341//341 896//896 339//339
f 2870//2870 339//339 896//896
f 1055//1055 2871//2871 2801//2801
f 2910//2910 2911//2911 2867//2867
f 2910//2910 2867//2867 2806//2806
f 2806//2806 2867//2867 2866//2866
f 2806//2806 2872//2872 2910//2910
f 2808//2808 2868//2868 2913//2913
f 1504//1504 339//339 2870//2870
f 1481//1481 339//339 1504//1504
f 786//786 2874//2874 2873//2873
f 2871//2871 786//786 2873//2873
f 2872//2872 2811//2811 2910//2910
f 2910//2910 1478//1478 755//755
f 2910//2910 2811//2811 1478//1478
f 2808//2808 2913//2913 2813//2813
f 2813//2813 2913//2913 2914//2914
f 1481//1481 1504//1504 2915//2915
f 1504//1504 2814//2814 2915//2915
f 2916//2916 2915//2915 2874//2874
f 2811//2811 2875//2875 1478//1478
f 1229//1229 2874//2874 2915//2915
f 2875//2875 2876//2876 1649//1649
f 1478//1478 2875//2875 1649//1649
f 2813//2813 2914//2914 1230//1230
f 1230//1230 2914//2914 1049//1049
f 2915//2915 2814//2814 2823//2823
f 2823//2823 2812//2812 2915//2915
f 1229//1229 2915//2915 2812//2812
f 1649//1649 2876//2876 1475//1475
f 1230//1230 1049//1049 209//209
f 2880//2880 2830//2830 209//209
f 2823//2823 2877//2877 761//761
f 2812//2812 2823//2823 1234//1234
f 1234//1234 2823//2823 761//761
f 2918//2918 2919//2919 2917//2917
f 2918//2918 2920//2920 2919//2919
f 2876//2876 2879//2879 2921//2921
f 1475//1475 2876//2876 2921//2921
f 1234//1234 761//761 2912//2912
f 2832//2832 1234//1234 2912//2912
f 2922//2922 2917//2917 2919//2919
f 2882//2882 2920//2920 2829//2829
f 2883//2883 2829//2829 2920//2920
f 2879//2879 2884//2884 764//764
f 2879//2879 764//764 2921//2921
f 2831//2831 2881//2881 2885//2885
f 2923//2923 2835//2835 2885//2885
f 2837//2837 51//51 2924//2924
f 761//761 2837//2837 2924//2924
f 761//761 2877//2877 2837//2837
f 2924//2924 2925//2925 761//761
f 2925//2925 2912//2912 761//761
f 2886//2886 2832//2832 2912//2912
f 2886//2886 2912//2912 2926//2926
f 2926//2926 2912//2912 2925//2925
f 2927//2927 2886//2886 2926//2926
f 2838//2838 2886//2886 2927//2927
f 2919//2919 2930//2930 2922//2922
f 2922//2922 2930//2930 2928//2928
f 2920//2920 2930//2930 2919//2919
f 28//28 2920//2920 2882//2882
f 2930//2930 2920//2920 28//28
f 2883//2883 2931//2931 2933//2933
f 2883//2883 2933//2933 2888//2888
f 764//764 2884//2884 2934//2934
f 2935//2935 2921//2921 2934//2934
f 2921//2921 764//764 2934//2934
f 2835//2835 2923//2923 2890//2890
f 2836//2836 2840//2840 695//695
f 695//695 2840//2840 2890//2890
f 2837//2837 2836//2836 51//51
f 51//51 2836//2836 695//695
f 2936//2936 2891//2891 2838//2838
f 2936//2936 2838//2838 2927//2927
f 2936//2936 2929//2929 2937//2937
f 2929//2929 2928//2928 2937//2937
f 2937//2937 2928//2928 2825//2825
f 2930//2930 2938//2938 2928//2928
f 2928//2928 2938//2938 2825//2825
f 2892//2892 2930//2930 28//28
f 2892//2892 2938//2938 2930//2930
f 2933//2933 2940//2940 2939//2939
f 2931//2931 2940//2940 2933//2933
f 2888//2888 2933//2933 2939//2939
f 2889//2889 2893//2893 2941//2941
f 2884//2884 2889//2889 2941//2941
f 2884//2884 2941//2941 2934//2934
f 2941//2941 2935//2935 2934//2934
f 2894//2894 2825//2825 2938//2938
f 2892//2892 2894//2894 2938//2938
f 2893//2893 2888//2888 2939//2939
f 2893//2893 2939//2939 2942//2942
f 2893//2893 2942//2942 2941//2941
f 2891//2891 2936//2936 2847//2847
f 2847//2847 2943//2943 2896//2896
f 2847//2847 2936//2936 2943//2943
f 2936//2936 2937//2937 2943//2943
f 2897//2897 2825//2825 1080//1080
f 2897//2897 2943//2943 2825//2825
f 2943//2943 2937//2937 2825//2825
f 2894//2894 1080//1080 2825//2825
f 2939//2939 315//315 2942//2942
f 2942//2942 315//315 2941//2941
f 1080//1080 2896//2896 2943//2943
f 2897//2897 1080//1080 2943//2943
f 400//400 2899//2899 2898//2898
f 2901//2901 2899//2899 400//400
f 2900//2900 2899//2899 2903//2903
f 2899//2899 2944//2944 2903//2903
f 2901//2901 2945//2945 2899//2899
f 2899//2899 2945//2945 2944//2944
f 2901//2901 2946//2946 2945//2945
f 2904//2904 2901//2901 2902//2902
f 2946//2946 2901//2901 2904//2904
f 2944//2944 2947//2947 2903//2903
f 2946//2946 2948//2948 2945//2945
f 2904//2904 2948//2948 2946//2946
f 2949//2949 605//605 2903//2903
f 2903//2903 2947//2947 2949//2949
f 2904//2904 2950//2950 2948//2948
f 2904//2904 742//742 2950//2950
f 2904//2904 2859//2859 742//742
f 2951//2951 605//605 2949//2949
f 2859//2859 2905//2905 2952//2952
f 2859//2859 2952//2952 742//742
f 2953//2953 2860//2860 605//605
f 2953//2953 2907//2907 2860//2860
f 605//605 2951//2951 2953//2953
f 1869//1869 2907//2907 2953//2953
f 783//783 2954//2954 2905//2905
f 2905//2905 2954//2954 2952//2952
f 2955//2955 2907//2907 1869//1869
f 783//783 2956//2956 2954//2954
f 783//783 2861//2861 2956//2956
f 2955//2955 208//208 2907//2907
f 2955//2955 68//68 208//208
f 2861//2861 2957//2957 2956//2956
f 2958//2958 2861//2861 778//778
f 2957//2957 2861//2861 2958//2958
f 208//208 68//68 1055//1055
f 2867//2867 2959//2959 2958//2958
f 778//778 2867//2867 2958//2958
f 2906//2906 2961//2961 2960//2960
f 2906//2906 2863//2863 2961//2961
f 2908//2908 1021//1021 2863//2863
f 2863//2863 1021//1021 2961//2961
f 2908//2908 2909//2909 2963//2963
f 1021//1021 2908//2908 2963//2963
f 2909//2909 341//341 2963//2963
f 2963//2963 341//341 371//371
f 371//371 341//341 335//335
f 1055//1055 2266//2266 2871//2871
f 2871//2871 2266//2266 2281//2281
f 2911//2911 2965//2965 2959//2959
f 2867//2867 2911//2911 2959//2959
f 2910//2910 2507//2507 2911//2911
f 2507//2507 2965//2965 2911//2911
f 2960//2960 2966//2966 2868//2868
f 2906//2906 2960//2960 2868//2868
f 339//339 2503//2503 335//335
f 335//335 2503//2503 371//371
f 786//786 2871//2871 2281//2281
f 2910//2910 755//755 2507//2507
f 755//755 2967//2967 2507//2507
f 2868//2868 2969//2969 2968//2968
f 2868//2868 2968//2968 2913//2913
f 2868//2868 2966//2966 2969//2969
f 2503//2503 339//339 2970//2970
f 339//339 1481//1481 2970//2970
f 2972//2972 2971//2971 2874//2874
f 2972//2972 2874//2874 2281//2281
f 2281//2281 2874//2874 786//786
f 755//755 1478//1478 2967//2967
f 2967//2967 1478//1478 2973//2973
f 115//115 2913//2913 2968//2968
f 115//115 2914//2914 2913//2913
f 2968//2968 2969//2969 115//115
f 1481//1481 1473//1473 2970//2970
f 2915//2915 2971//2971 2974//2974
f 2915//2915 1473//1473 1481//1481
f 2916//2916 2971//2971 2915//2915
f 2916//2916 2874//2874 2971//2971
f 2975//2975 2976//2976 2973//2973
f 2975//2975 2973//2973 1649//1649
f 1649//1649 2973//2973 1478//1478
f 1473//1473 1909//1909 2970//2970
f 1473//1473 2915//2915 1909//1909
f 2974//2974 1909//1909 2915//2915
f 2975//2975 1649//1649 2980//2980
f 2509//2509 1049//1049 2914//2914
f 1049//1049 2509//2509 2977//2977
f 2981//2981 1049//1049 2977//2977
f 2978//2978 2917//2917 2979//2979
f 2979//2979 2917//2917 2982//2982
f 2982//2982 2918//2918 2917//2917
f 2982//2982 2983//2983 2918//2918
f 1649//1649 1475//1475 1471//1471
f 2980//2980 1649//1649 1471//1471
f 2975//2975 2980//2980 2561//2561
f 2980//2980 1471//1471 2561//2561
f 2981//2981 209//209 1049//1049
f 2880//2880 209//209 2981//2981
f 2880//2880 2981//2981 2984//2984
f 2917//2917 2985//2985 2982//2982
f 2920//2920 2918//2918 2983//2983
f 1475//1475 2921//2921 1471//1471
f 2561//2561 1471//1471 2279//2279
f 2984//2984 2881//2881 2880//2880
f 2885//2885 2881//2881 2270//2270
f 2270//2270 2881//2881 2984//2984
f 2917//2917 2962//2962 2985//2985
f 2922//2922 2962//2962 2917//2917
f 2920//2920 2983//2983 2544//2544
f 2920//2920 2544//2544 2883//2883
f 2921//2921 2279//2279 1471//1471
f 2270//2270 729//729 2890//2890
f 2885//2885 2270//2270 2890//2890
f 2885//2885 2890//2890 2923//2923
f 2890//2890 729//729 2986//2986
f 2929//2929 2922//2922 2928//2928
f 2929//2929 2987//2987 2922//2922
f 2987//2987 2962//2962 2922//2922
f 2931//2931 2883//2883 2988//2988
f 2883//2883 2544//2544 2988//2988
f 2895//2895 2935//2935 2312//2312
f 2921//2921 2935//2935 2895//2895
f 2921//2921 2895//2895 2279//2279
f 2986//2986 695//695 2890//2890
f 51//51 695//695 2087//2087
f 2087//2087 695//695 2986//2986
f 2924//2924 51//51 2087//2087
f 2924//2924 2087//2087 2989//2989
f 2989//2989 2087//2087 2990//2990
f 2925//2925 2924//2924 2991//2991
f 2991//2991 2924//2924 2989//2989
f 2926//2926 2925//2925 2991//2991
f 2992//2992 2926//2926 2991//2991
f 2927//2927 2926//2926 2992//2992
f 2936//2936 2927//2927 2992//2992
f 934//934 2937//2937 2993//2993
f 2929//2929 2937//2937 934//934
f 2929//2929 934//934 2987//2987
f 2931//2931 2988//2988 2940//2940
f 2935//2935 2941//2941 1038//1038
f 1038//1038 2312//2312 2935//2935
f 2994//2994 2312//2312 1038//1038
f 2989//2989 2990//2990 2991//2991
f 2990//2990 2995//2995 2991//2991
f 2991//2991 2996//2996 2992//2992
f 2995//2995 2996//2996 2991//2991
f 2996//2996 2997//2997 2992//2992
f 2997//2997 2936//2936 2992//2992
f 2993//2993 2937//2937 2997//2997
f 2937//2937 2936//2936 2997//2997
f 2939//2939 2940//2940 2998//2998
f 2940//2940 2988//2988 2998//2998
f 2994//2994 2941//2941 2999//2999
f 1038//1038 2941//2941 2994//2994
f 2939//2939 2998//2998 3000//3000
f 3000//3000 3001//3001 2939//2939
f 2538//2538 315//315 3001//3001
f 3001//3001 315//315 2939//2939
f 2941//2941 315//315 3002//3002
f 2941//2941 3002//3002 2999//2999
f 315//315 2538//2538 3002//3002
f 3003//3003 2944//2944 2945//2945
f 2950//2950 3003//3003 2945//2945
f 2948//2948 2950//2950 2945//2945
f 2947//2947 2944//2944 2949//2949
f 2944//2944 3005//3005 2949//2949
f 3005//3005 2944//2944 3003//3003
f 2949//2949 3006//3006 2951//2951
f 2949//2949 3006//3006 3005//3005
f 2952//2952 2950//2950 742//742
f 3007//3007 2950//2950 2952//2952
f 3006//3006 3008//3008 2953//2953
f 3006//3006 2953//2953 2951//2951
f 1869//1869 2953//2953 3008//3008
f 2954//2954 2956//2956 2957//2957
f 3009//3009 68//68 2955//2955
f 2266//2266 1055//1055 68//68
f 2266//2266 68//68 3009//3009
f 2960//2960 2961//2961 3010//3010
f 2961//2961 1021//1021 3010//3010
f 3011//3011 2281//2281 2266//2266
f 2965//2965 3012//3012 2959//2959
f 2960//2960 2809//2809 2969//2969
f 2960//2960 2969//2969 2966//2966
f 2503//2503 2970//2970 371//371
f 3014//3014 2971//2971 2972//2972
f 2281//2281 3013//3013 2972//2972
f 115//115 2977//2977 2914//2914
f 2969//2969 2977//2977 115//115
f 3016//3016 2974//2974 2971//2971
f 2914//2914 2977//2977 2509//2509
f 2974//2974 3016//3016 1909//1909
f 2977//2977 3017//3017 2981//2981
f 2982//2982 2979//2979 2530//2530
f 2530//2530 2983//2983 2982//2982
f 2561//2561 2047//2047 2975//2975
f 3017//3017 2984//2984 2981//2981
f 3017//3017 3018//3018 2270//2270
f 2985//2985 3019//3019 2982//2982
f 2279//2279 2047//2047 2561//2561
f 2270//2270 2984//2984 3017//3017
f 2268//2268 3021//3021 3022//3022
f 2985//2985 2962//2962 3019//3019
f 2544//2544 2983//2983 2676//2676
f 2270//2270 2268//2268 729//729
f 3022//3022 3024//3024 2986//2986
f 2268//2268 3022//3022 2986//2986
f 2268//2268 2986//2986 729//729
f 2987//2987 3025//3025 2962//2962
f 2279//2279 2895//2895 3023//3023
f 3027//3027 2990//2990 2087//2087
f 2993//2993 2987//2987 934//934
f 2993//2993 3028//3028 2987//2987
f 3028//3028 3025//3025 2987//2987
f 3029//3029 2998//2998 2988//2988
f 2895//2895 2312//2312 2994//2994
f 2990//2990 3027//3027 3030//3030
f 3031//3031 2994//2994 2999//2999
f 2995//2995 2276//2276 2996//2996
f 3032//3032 2276//2276 2995//2995
f 2996//2996 2276//2276 3033//3033
f 2996//2996 3033//3033 2997//2997
f 3035//3035 3033//3033 3034//3034
f 2993//2993 3033//3033 3035//3035
f 2993//2993 2997//2997 3033//3033
f 3000//3000 2998//2998 3001//3001
f 2999//2999 3002//3002 3031//3031
f 3033//3033 2276//2276 3037//3037
f 3033//3033 3037//3037 3034//3034
f 3002//3002 2538//2538 3036//3036
f 3003//3003 2865//2865 3005//3005
f 3038//3038 2865//2865 3003//3003
f 2949//2949 3039//3039 3006//3006
f 3005//3005 3039//3039 2949//2949
f 3005//3005 2865//2865 3039//3039
f 3038//3038 3040//3040 2865//2865
f 2865//2865 3040//3040 3039//3039
f 2950//2950 3038//3038 3003//3003
f 2950//2950 3041//3041 3038//3038
f 3041//3041 3040//3040 3038//3038
f 3007//3007 3041//3041 2950//2950
f 3006//3006 1682//1682 3008//3008
f 3006//3006 3039//3039 1682//1682
f 2952//2952 3041//3041 3007//3007
f 3008//3008 3043//3043 1869//1869
f 1682//1682 3043//3043 3008//3008
f 3039//3039 3043//3043 1682//1682
f 3041//3041 3045//3045 3040//3040
f 3046//3046 3045//3045 3041//3041
f 2954//2954 3041//3041 2952//2952
f 2954//2954 3047//3047 3041//3041
f 3047//3047 3046//3046 3041//3041
f 1869//1869 81//81 2955//2955
f 1869//1869 3043//3043 81//81
f 3048//3048 3046//3046 3047//3047
f 2954//2954 3048//3048 3047//3047
f 2957//2957 3048//3048 2954//2954
f 2955//2955 81//81 3009//3009
f 81//81 3043//3043 2247//2247
f 2957//2957 3050//3050 3048//3048
f 2958//2958 3050//3050 2957//2957
f 3049//3049 3009//3009 81//81
f 3050//3050 3012//3012 3051//3051
f 2958//2958 3012//3012 3050//3050
f 2958//2958 2959//2959 3012//3012
f 1021//1021 3052//3052 3010//3010
f 3053//3053 3052//3052 1021//1021
f 2963//2963 3053//3053 1021//1021
f 371//371 3053//3053 2963//2963
f 3009//3009 3011//3011 2266//2266
f 3054//3054 3011//3011 3009//3009
f 3055//3055 3012//3012 2965//2965
f 2507//2507 3055//3055 2965//2965
f 3052//3052 3056//3056 2960//2960
f 3052//3052 2960//2960 3010//3010
f 371//371 3057//3057 3053//3053
f 3011//3011 3054//3054 3013//3013
f 2281//2281 3011//3011 3013//3013
f 2507//2507 3058//3058 3055//3055
f 2507//2507 2967//2967 3058//3058
f 2973//2973 3058//3058 2967//2967
f 2809//2809 2344//2344 2969//2969
f 3056//3056 2344//2344 2809//2809
f 3056//3056 2809//2809 2960//2960
f 3056//3056 3052//3052 2344//2344
f 3057//3057 371//371 3059//3059
f 371//371 2970//2970 3059//3059
f 3060//3060 3014//3014 2972//2972
f 2972//2972 3013//3013 3060//3060
f 2481//2481 3058//3058 2973//2973
f 2481//2481 2782//2782 3058//3058
f 2969//2969 3061//3061 2977//2977
f 2344//2344 3061//3061 2969//2969
f 3015//3015 3062//3062 3059//3059
f 3015//3015 3059//3059 2970//2970
f 2970//2970 3062//3062 3015//3015
f 3014//3014 3016//3016 2971//2971
f 2973//2973 2976//2976 2481//2481
f 2481//2481 2976//2976 2975//2975
f 3062//3062 2970//2970 1909//1909
f 1909//1909 3016//3016 3062//3062
f 2975//2975 3065//3065 2481//2481
f 2975//2975 3044//3044 3065//3065
f 2977//2977 3061//3061 3017//3017
f 3017//3017 3061//3061 2337//2337
f 3042//3042 3067//3067 3061//3061
f 3061//3061 3067//3067 2337//2337
f 2979//2979 2982//2982 3063//3063
f 2982//2982 3068//3068 3063//3063
f 2979//2979 3063//3063 2530//2530
f 2530//2530 3063//3063 3066//3066
f 2530//2530 3066//3066 2983//2983
f 2983//2983 3066//3066 1844//1844
f 2047//2047 3044//3044 2975//2975
f 3017//3017 2337//2337 3018//3018
f 3067//3067 3018//3018 2337//2337
f 3067//3067 1062//1062 2270//2270
f 3067//3067 2270//2270 3018//3018
f 3021//3021 1062//1062 3022//3022
f 2982//2982 3019//3019 3068//3068
f 2270//2270 1062//1062 2268//2268
f 3021//3021 2268//2268 1062//1062
f 2983//2983 1844//1844 2676//2676
f 3069//3069 2544//2544 2676//2676
f 2279//2279 3023//3023 2047//2047
f 2962//2962 3025//3025 3019//3019
f 2544//2544 3069//3069 2988//2988
f 2988//2988 3069//3069 3029//3029
f 2895//2895 3026//3026 3023//3023
f 2087//2087 3024//3024 2932//2932
f 2986//2986 3024//3024 2087//2087
f 3070//3070 3027//3027 2087//2087
f 2932//2932 3070//3070 2087//2087
f 3071//3071 2998//2998 3029//3029
f 3026//3026 2895//2895 2994//2994
f 3031//3031 3026//3026 2994//2994
f 3027//3027 3070//3070 3030//3030
f 3030//3030 3072//3072 2990//2990
f 2995//2995 2990//2990 3072//3072
f 3073//3073 3028//3028 2993//2993
f 3072//3072 3030//3030 3032//3032
f 3072//3072 3032//3032 2995//2995
f 176//176 2276//2276 3032//3032
f 3073//3073 3035//3035 3034//3034
f 3073//3073 2993//2993 3035//3035
f 3073//3073 3034//3034 3028//3028
f 3001//3001 3071//3071 3074//3074
f 2998//2998 3071//3071 3001//3001
f 3002//3002 3036//3036 3031//3031
f 176//176 3037//3037 2276//2276
f 3074//3074 3076//3076 3001//3001
f 3076//3076 2538//2538 3001//3001
f 2538//2538 3076//3076 3036//3036
f 3040//3040 3078//3078 3039//3039
f 3045//3045 3078//3078 3040//3040
f 3039//3039 3078//3078 3043//3043
f 3043//3043 3079//3079 2247//2247
f 3078//3078 3079//3079 3043//3043
f 3045//3045 3080//3080 3078//3078
f 3078//3078 3080//3080 3079//3079
f 3046//3046 3081//3081 3045//3045
f 3045//3045 3081//3081 3080//3080
f 3048//3048 3081//3081 3046//3046
f 2247//2247 3049//3049 81//81
f 3050//3050 3051//3051 3048//3048
f 2247//2247 1070//1070 3049//3049
f 3079//3079 3020//3020 2247//2247
f 2247//2247 3020//3020 1070//1070
f 3080//3080 3082//3082 3079//3079
f 3079//3079 3082//3082 3020//3020
f 3081//3081 3082//3082 3080//3080
f 3081//3081 3083//3083 3082//3082
f 3048//3048 3084//3084 3081//3081
f 3081//3081 3084//3084 3083//3083
f 3051//3051 3085//3085 3048//3048
f 3048//3048 3085//3085 3084//3084
f 3009//3009 3049//3049 3054//3054
f 3049//3049 2373//2373 3054//3054
f 3049//3049 1070//1070 3087//3087
f 2373//2373 3049//3049 3087//3087
f 1070//1070 3020//3020 3087//3087
f 3088//3088 3087//3087 3020//3020
f 3082//3082 3089//3089 3020//3020
f 3020//3020 3089//3089 3088//3088
f 3082//3082 3083//3083 3089//3089
f 3051//3051 3012//3012 3085//3085
f 3085//3085 3012//3012 3091//3091
f 2076//2076 3012//3012 3055//3055
f 2076//2076 3091//3091 3012//3012
f 3057//3057 2851//2851 3053//3053
f 3054//3054 3092//3092 3013//3013
f 3054//3054 2373//2373 3092//3092
f 2373//2373 3086//3086 3092//3092
f 3088//3088 3089//3089 3093//3093
f 3089//3089 3083//3083 3090//3090
f 3055//3055 3094//3094 2076//2076
f 1788//1788 3055//3055 3058//3058
f 3094//3094 3055//3055 1788//1788
f 3052//3052 3095//3095 2344//2344
f 3053//3053 3097//3097 3052//3052
f 3052//3052 3097//3097 3095//3095
f 3053//3053 2851//2851 3097//3097
f 3059//3059 2851//2851 3057//3057
f 3013//3013 3098//3098 3060//3060
f 3013//3013 3092//3092 3098//3098
f 3089//3089 3064//3064 3093//3093
f 3064//3064 3089//3089 3090//3090
f 3099//3099 3064//3064 3090//3090
f 3058//3058 2782//2782 1788//1788
f 3100//3100 2782//2782 2481//2481
f 3095//3095 3061//3061 2344//2344
f 3095//3095 3042//3042 3061//3061
f 3097//3097 3101//3101 3095//3095
f 3095//3095 3101//3101 3042//3042
f 2851//2851 3077//3077 3097//3097
f 3097//3097 3077//3077 3101//3101
f 3059//3059 997//997 2851//2851
f 2851//2851 997//997 3077//3077
f 3102//3102 3016//3016 3014//3014
f 1312//1312 3016//3016 3102//3102
f 3014//3014 3060//3060 3098//3098
f 3014//3014 3098//3098 3102//3102
f 3063//3063 3103//3103 3064//3064
f 3103//3103 3093//3093 3064//3064
f 3066//3066 3064//3064 3099//3099
f 3100//3100 2481//2481 3104//3104
f 3104//3104 2481//2481 3065//3065
f 3101//3101 3077//3077 3042//3042
f 3062//3062 997//997 3059//3059
f 3016//3016 1312//1312 3062//3062
f 3103//3103 3068//3068 3106//3106
f 3093//3093 3103//3103 3106//3106
f 3068//3068 3103//3103 3063//3063
f 3063//3063 3064//3064 3066//3066
f 3065//3065 3044//3044 3104//3104
f 3044//3044 3107//3107 3104//3104
f 3067//3067 3042//3042 1062//1062
f 3042//3042 3077//3077 1062//1062
f 997//997 3108//3108 3077//3077
f 3077//3077 3108//3108 1062//1062
f 2325//2325 3109//3109 3108//3108
f 2325//2325 3108//3108 3062//3062
f 3062//3062 3108//3108 997//997
f 3062//3062 3105//3105 2325//2325
f 3106//3106 3068//3068 3110//3110
f 2047//2047 3111//3111 3044//3044
f 3044//3044 3111//3111 3107//3107
f 1062//1062 3108//3108 3022//3022
f 2529//2529 3108//3108 3109//3109
f 3068//3068 3019//3019 3096//3096
f 3110//3110 3068//3068 3096//3096
f 1844//1844 3112//3112 3113//3113
f 3111//3111 2047//2047 3114//3114
f 3022//3022 3108//3108 2529//2529
f 2676//2676 1844//1844 3113//3113
f 2676//2676 3113//3113 3069//3069
f 3069//3069 3113//3113 3115//3115
f 2047//2047 3023//3023 3114//3114
f 3023//3023 2532//2532 3114//3114
f 3022//3022 2529//2529 3024//3024
f 3024//3024 2529//2529 3116//3116
f 3019//3019 3025//3025 3096//3096
f 3025//3025 3117//3117 3096//3096
f 3029//3029 3115//3115 3118//3118
f 3029//3029 3069//3069 3115//3115
f 3023//3023 2513//2513 2532//2532
f 3026//3026 2513//2513 3023//3023
f 2932//2932 3116//3116 3119//3119
f 3024//3024 3116//3116 2932//2932
f 3121//3121 3070//3070 2932//2932
f 3119//3119 3121//3121 2932//2932
f 3025//3025 3122//3122 3117//3117
f 3029//3029 3118//3118 3071//3071
f 3071//3071 3118//3118 3123//3123
f 351//351 3026//3026 3031//3031
f 3124//3124 3030//3030 3121//3121
f 3121//3121 3030//3030 3070//3070
f 3025//3025 3028//3028 3122//3122
f 3071//3071 3123//3123 3125//3125
f 669//669 351//351 3031//3031
f 3030//3030 3124//3124 3032//3032
f 3124//3124 3126//3126 3032//3032
f 3028//3028 3127//3127 3122//3122
f 3034//3034 3127//3127 3028//3028
f 3125//3125 3074//3074 3071//3071
f 3125//3125 3128//3128 3074//3074
f 3076//3076 3074//3074 3129//3129
f 3129//3129 3074//3074 3128//3128
f 3129//3129 3036//3036 3076//3076
f 3036//3036 669//669 3031//3031
f 3032//3032 3126//3126 2786//2786
f 3032//3032 2786//2786 176//176
f 3037//3037 176//176 1807//1807
f 1807//1807 176//176 2786//2786
f 3034//3034 3037//3037 3127//3127
f 3127//3127 3037//3037 1807//1807
f 3087//3087 3086//3086 2373//2373
f 3130//3130 3086//3086 3087//3087
f 3088//3088 3130//3130 3087//3087
f 3083//3083 3131//3131 3090//3090
f 3084//3084 3131//3131 3083//3083
f 3132//3132 3131//3131 3084//3084
f 3085//3085 3132//3132 3084//3084
f 3091//3091 3132//3132 3085//3085
f 2076//2076 3132//3132 3091//3091
f 3092//3092 2964//2964 3098//3098
f 3092//3092 3086//3086 2964//2964
f 2964//2964 3086//3086 3133//3133
f 3086//3086 3130//3130 610//610
f 3133//3133 3086//3086 610//610
f 610//610 3130//3130 3093//3093
f 3093//3093 3130//3130 3088//3088
f 3134//3134 3099//3099 3131//3131
f 3131//3131 3099//3099 3090//3090
f 3094//3094 3100//3100 3135//3135
f 1788//1788 3100//3100 3094//3094
f 1788//1788 2782//2782 3100//3100
f 3093//3093 3106//3106 610//610
f 3136//3136 3099//3099 3134//3134
f 1312//1312 3105//3105 3062//3062
f 3066//3066 3137//3137 1844//1844
f 3099//3099 3137//3137 3066//3066
f 3137//3137 3099//3099 3136//3136
f 3105//3105 1312//1312 2325//2325
f 3137//3137 3112//3112 1844//1844
f 3112//3112 3137//3137 3136//3136
f 3138//3138 3112//3112 3136//3136
f 3107//3107 3111//3111 3104//3104
f 2325//2325 2529//2529 3109//3109
f 3112//3112 3138//3138 3113//3113
f 3113//3113 3138//3138 3115//3115
f 3114//3114 2532//2532 3111//3111
f 3119//3119 3116//3116 2529//2529
f 3139//3139 3026//3026 351//351
f 3026//3026 3139//3139 2513//2513
f 3124//3124 3121//3121 3140//3140
f 3125//3125 3123//3123 3143//3143
f 3127//3127 3142//3142 3122//3122
f 3125//3125 129//129 3128//3128
f 129//129 3129//3129 3128//3128
f 3036//3036 3129//3129 669//669
f 669//669 3129//3129 129//129
f 3132//3132 3144//3144 3131//3131
f 2076//2076 3144//3144 3132//3132
f 3145//3145 3144//3144 2076//2076
f 3146//3146 3145//3145 2076//2076
f 3094//3094 3146//3146 2076//2076
f 3147//3147 2887//2887 2964//2964
f 3133//3133 3147//3147 2964//2964
f 610//610 3147//3147 3133//3133
f 2068//2068 3147//3147 610//610
f 3131//3131 3148//3148 3134//3134
f 3131//3131 3144//3144 3148//3148
f 3144//3144 3149//3149 3148//3148
f 3145//3145 3149//3149 3144//3144
f 3135//3135 3146//3146 3094//3094
f 3100//3100 3146//3146 3135//3135
f 3102//3102 3150//3150 1312//1312
f 3098//3098 3150//3150 3102//3102
f 3151//3151 3150//3150 3098//3098
f 2887//2887 3152//3152 3151//3151
f 2887//2887 3151//3151 3098//3098
f 2887//2887 3098//3098 2964//2964
f 3153//3153 3147//3147 2068//2068
f 610//610 3154//3154 2068//2068
f 3154//3154 3153//3153 2068//2068
f 3106//3106 3154//3154 610//610
f 3134//3134 3148//3148 3136//3136
f 3146//3146 3100//3100 3156//3156
f 3158//3158 3100//3100 3157//3157
f 3158//3158 3156//3156 3100//3100
f 3104//3104 3157//3157 3100//3100
f 3150//3150 3159//3159 1312//1312
f 3151//3151 3152//3152 3150//3150
f 3160//3160 3153//3153 3154//3154
f 3160//3160 3154//3154 3106//3106
f 3148//3148 3155//3155 3136//3136
f 3159//3159 3162//3162 3161//3161
f 3159//3159 3161//3161 2325//2325
f 3159//3159 2325//2325 1312//1312
f 3160//3160 3163//3163 2597//2597
f 3153//3153 3160//3160 2597//2597
f 3110//3110 3160//3160 3106//3106
f 3163//3163 3160//3160 3110//3110
f 3136//3136 3164//3164 3138//3138
f 3155//3155 3164//3164 3136//3136
f 3111//3111 3157//3157 3104//3104
f 3004//3004 3157//3157 3111//3111
f 2325//2325 3161//3161 2529//2529
f 3163//3163 3166//3166 2597//2597
f 3096//3096 3163//3163 3110//3110
f 3166//3166 3163//3163 3096//3096
f 3138//3138 3164//3164 3115//3115
f 2532//2532 3004//3004 3111//3111
f 3168//3168 3004//3004 2532//2532
f 3161//3161 3165//3165 2529//2529
f 3166//3166 3170//3170 3171//3171
f 2597//2597 3166//3166 3171//3171
f 3170//3170 3166//3166 3096//3096
f 3115//3115 3164//3164 3167//3167
f 2529//2529 3165//3165 3119//3119
f 3119//3119 3165//3165 3169//3169
f 3171//3171 3170//3170 3172//3172
f 3117//3117 3170//3170 3096//3096
f 3115//3115 3167//3167 3118//3118
f 3118//3118 3167//3167 3173//3173
f 2513//2513 3174//3174 3168//3168
f 2532//2532 2513//2513 3168//3168
f 3121//3121 3119//3119 3169//3169
f 3170//3170 3176//3176 3177//3177
f 3172//3172 3170//3170 3177//3177
f 3122//3122 3170//3170 3117//3117
f 3176//3176 3170//3170 3122//3122
f 3178//3178 3123//3123 3173//3173
f 3123//3123 3118//3118 3173//3173
f 3175//3175 3179//3179 3180//3180
f 351//351 3179//3179 3175//3175
f 3139//3139 351//351 3175//3175
f 3139//3139 3175//3175 3174//3174
f 2513//2513 3139//3139 3174//3174
f 3121//3121 3169//3169 3140//3140
f 1123//1123 3124//3124 3140//3140
f 3176//3176 3122//3122 3142//3142
f 3176//3176 3142//3142 3177//3177
f 3123//3123 3178//3178 3143//3143
f 129//129 3125//3125 3181//3181
f 3181//3181 3125//3125 3143//3143
f 669//669 3181//3181 3180//3180
f 3179//3179 351//351 3180//3180
f 351//351 669//669 3180//3180
f 3126//3126 1123//1123 3182//3182
f 3124//3124 1123//1123 3126//3126
f 3183//3183 3126//3126 3182//3182
f 3127//3127 1924//1924 3177//3177
f 3127//3127 3177//3177 3142//3142
f 669//669 129//129 3181//3181
f 3126//3126 3183//3183 2786//2786
f 2547//2547 2786//2786 3183//3183
f 1807//1807 2786//2786 1924//1924
f 1924//1924 2786//2786 2547//2547
f 3127//3127 1807//1807 1924//1924
f 3184//3184 3152//3152 2887//2887
f 3147//3147 3184//3184 2887//2887
f 3153//3153 3184//3184 3147//3147
f 3148//3148 3185//3185 3155//3155
f 3149//3149 3185//3185 3148//3148
f 3149//3149 3145//3145 3185//3185
f 3145//3145 3186//3186 3185//3185
f 3146//3146 3186//3186 3145//3145
f 3156//3156 3187//3187 3146//3146
f 3158//3158 3187//3187 3156//3156
f 3152//3152 3188//3188 3150//3150
f 3152//3152 3184//3184 3188//3188
f 3185//3185 3186//3186 1311//1311
f 3189//3189 3185//3185 1311//1311
f 3186//3186 3146//3146 1311//1311
f 3146//3146 3187//3187 2421//2421
f 1311//1311 3146//3146 2421//2421
f 3187//3187 3158//3158 3190//3190
f 2421//2421 3187//3187 3190//3190
f 3191//3191 3075//3075 3162//3162
f 3150//3150 3191//3191 3162//3162
f 3150//3150 3162//3162 3159//3159
f 3150//3150 3188//3188 3192//3192
f 3191//3191 3150//3150 3192//3192
f 3188//3188 3184//3184 3192//3192
f 3193//3193 3192//3192 3184//3184
f 3153//3153 2597//2597 3184//3184
f 3184//3184 2597//2597 3193//3193
f 3155//3155 3194//3194 3164//3164
f 3185//3185 3194//3194 3155//3155
f 3194//3194 3185//3185 3189//3189
f 3195//3195 3194//3194 3189//3189
f 3157//3157 3004//3004 2869//2869
f 3158//3158 3157//3157 2869//2869
f 3075//3075 3196//3196 3161//3161
f 3162//3162 3075//3075 3161//3161
f 3197//3197 3193//3193 3171//3171
f 3171//3171 3193//3193 2597//2597
f 3195//3195 3164//3164 3194//3194
f 3195//3195 3167//3167 3164//3164
f 3004//3004 3168//3168 2869//2869
f 3165//3165 3161//3161 3196//3196
f 2869//2869 3168//3168 3198//3198
f 3169//3169 3165//3165 3196//3196
f 1848//1848 3169//3169 3196//3196
f 3171//3171 1854//1854 3197//3197
f 3171//3171 3172//3172 1854//1854
f 3178//3178 3167//3167 2163//2163
f 3178//3178 3173//3173 3167//3167
f 3174//3174 3175//3175 2171//2171
f 3174//3174 2171//2171 3198//3198
f 3174//3174 3198//3198 3168//3168
f 3169//3169 1848//1848 1123//1123
f 3169//3169 1123//1123 3140//3140
f 1123//1123 1848//1848 3199//3199
f 3172//3172 3177//3177 3200//3200
f 2163//2163 3201//3201 3181//3181
f 3178//3178 2163//2163 3181//3181
f 3201//3201 3202//3202 3181//3181
f 3202//3202 3203//3203 3180//3180
f 3181//3181 3202//3202 3180//3180
f 3175//3175 3180//3180 3203//3203
f 3175//3175 3203//3203 2171//2171
f 3199//3199 3204//3204 1123//1123
f 3205//3205 3200//3200 3177//3177
f 3181//3181 3143//3143 3178//3178
f 3204//3204 3182//3182 1123//1123
f 3204//3204 3183//3183 3182//3182
f 2547//2547 3183//3183 3204//3204
f 1924//1924 3205//3205 3177//3177
f 2036//2036 3195//3195 1311//1311
f 1311//1311 3195//3195 3189//3189
f 1311//1311 2421//2421 2036//2036
f 2036//2036 2421//2421 3206//3206
f 3206//3206 2421//2421 2869//2869
f 2869//2869 2421//2421 3190//3190
f 2869//2869 3190//3190 3158//3158
f 3191//3191 3196//3196 3075//3075
f 3207//3207 3192//3192 3193//3193
f 3197//3197 3207//3207 3193//3193
f 2869//2869 3198//3198 3206//3206
f 3195//3195 3208//3208 3167//3167
f 1854//1854 3207//3207 3197//3197
f 1854//1854 491//491 3207//3207
f 3167//3167 3208//3208 2163//2163
f 2171//2171 3202//3202 3198//3198
f 1848//1848 2157//2157 3204//3204
f 1848//1848 3204//3204 3199//3199
f 3200//3200 1854//1854 3172//3172
f 3200//3200 491//491 1854//1854
f 2171//2171 3203//3203 3202//3202
f 3200//3200 3205//3205 491//491
f 2547//2547 3204//3204 3209//3209
f 1924//1924 2547//2547 3209//3209
f 3205//3205 1924//1924 3209//3209
f 3191//3191 3210//3210 3196//3196
f 3141//3141 3210//3210 3191//3191
f 3192//3192 3141//3141 3191//3191
f 3211//3211 3141//3141 3192//3192
f 3195//3195 2036//2036 3208//3208
f 2036//2036 350//350 3208//3208
f 3206//3206 3212//3212 2036//2036
f 2036//2036 3212//3212 350//350
f 3206//3206 3213//3213 3212//3212
f 3196//3196 3210//3210 1848//1848
f 3141//3141 3120//3120 3210//3210
f 3207//3207 3211//3211 3192//3192
f 3207//3207 3141//3141 3211//3211
f 350//350 3214//3214 3208//3208
f 3212//3212 3214//3214 350//350
f 3212//3212 3213//3213 3214//3214
f 3198//3198 3213//3213 3206//3206
f 3210//3210 2157//2157 1848//1848
f 3120//3120 3215//3215 3210//3210
f 3210//3210 3215//3215 2157//2157
f 3141//3141 3216//3216 3120//3120
f 3120//3120 3216//3216 3215//3215
f 3207//3207 1857//1857 3141//3141
f 3141//3141 1857//1857 3216//3216
f 1857//1857 3207//3207 491//491
f 2163//2163 3208//3208 3201//3201
f 3208//3208 3214//3214 3201//3201
f 3201//3201 3214//3214 3202//3202
f 3213//3213 3202//3202 3214//3214
f 3198//3198 3202//3202 3213//3213
f 3216//3216 1857//1857 3215//3215
f 3215//3215 1857//1857 2157//2157
f 3204//3204 2157//2157 3209//3209
f 1857//1857 3209//3209 2157//2157
f 3205//3205 3209//3209 1857//1857
f 491//491 3205//3205 1857//1857
g leaves
v -0.672763 4.229627 0.000000
v -0.672763 4.229627 0.000000
v -0.672763 4.229627 0.000000
v -0.679976 4.213011 -0.051915
v -0.701738 4.225960 -0.033084
v -0.723274 4.213011 -0.013993
v -0.698680 4.197101 -0.093780
v -0.730660 4.216130 -0.066106
v -0.762308 4.197101 -0.038051
v -0.727548 4.181108 -0.126740
v -0.759529 4.200138 -0.099066
v -0.791176 4.181108 -0.071012
v -0.766580 4.165034 -0.150796
v -0.788343 4.177983 -0.131965
v -0.809878 4.165034 -0.112875
v -0.817103 4.149665 -0.164802
v -0.817103 4.149665 -0.164802
v -0.817103 4.149665 -0.164802
v -0.908594 4.339706 0.000000
v -0.908594 4.339706 0.000000
v -0.908594 4.339706 0.000000
v -0.906830 4.327912 -0.061623
v -0.934167 4.342576 -0.043309
v -0.963405 4.327912 -0.028217
v -0.920019 4.316917 -0.114298
v -0.960192 4.338467 -0.087384
v -1.003160 4.316917 -0.065205
v -0.946497 4.305830 -0.159141
v -0.986670 4.327379 -0.132227
v -1.029639 4.305830 -0.110048
v -0.986265 4.294648 -0.196150
v -1.013601 4.309312 -0.177836
v -1.042840 4.294648 -0.162743
v -1.040985 4.284266 -0.224211
v -1.040985 4.284266 -0.224211
v -1.040985 4.284266 -0.224211
v -1.133194 4.309193 0.000000
v -1.133194 4.309193 0.000000
v -1.133194 4.309193 0.000000
v -1.133857 4.274060 -0.069118
v -1.168758 4.291915 -0.048058
v -1.199099 4.274060 -0.020837
v -1.151947 4.239900 -0.125599
v -1.203237 4.266140 -0.094650
v -1.247826 4.239900 -0.054647
v -1.185341 4.205627 -0.170725
v -1.236631 4.231866 -0.139776
v -1.281219 4.205627 -0.099773
v -1.234038 4.171240 -0.204495
v -1.268939 4.189095 -0.183436
v -1.299281 4.171240 -0.156215
v -1.300163 4.137827 -0.225629
v -1.300163 4.137827 -0.225629
v -1.300163 4.137827 -0.225629
v -1.133194 4.309193 0.000000
v -1.133194 4.309193 0.000000
v -1.133194 4.309193 0.000000
v -1.177557 4.280188 0.006371
v -1.160101 4.292032 0.028591
v -1.136862 4.280188 0.044667
v -1.211284 4.251829 0.023065
v -1.185631 4.269235 0.055720
v -1.151480 4.251829 0.079345
v -1.235438 4.223395 0.048732
v -1.209785 4.240801 0.081387
v -1.175634 4.223395 0.105012
v -1.250020 4.194885 0.083371
v -1.232564 4.206729 0.105592
v -1.209325 4.194885 0.121668
v -1.253966 4.167021 0.128334
v -1.253966 4.167021 0.128334
v -1.253966 4.167021 0.128334
v -1.133194 4.309193 0.000000
v -1.133194 4.309193 0.000000
v -1.133194 4.309193 0.000000
v -1.166240 4.321370 -0.051623
v -1.172825 4.333682 -0.018586
v -1.194015 4.321370 0.007603
v -1.206255 4.334219 -0.087352
v -1.215932 4.352313 -0.038801
v -1.247072 4.334219 -0.000316
v -1.252837 4.346990 -0.109198
v -1.262514 4.365083 -0.060647
v -1.293654 4.346990 -0.022161
v -1.305987 4.359682 -0.117160
v -1.312572 4.371994 -0.084122
v -1.333762 4.359682 -0.057934
v -1.366105 4.373045 -0.109227
v -1.366105 4.373045 -0.109227
v -1.366105 4.373045 -0.109227
v -1.036832 4.511070 -0.000000
v -1.036832 4.511070 -0.000000
v -1.036832 4.511070 -0.000000
v -1.037880 4.519368 -0.060224
v -1.060805 4.531866 -0.037072
v -1.091325 4.519368 -0.025663
v -1.052895 4.528347 -0.110962
v -1.086586 4.546713 -0.076939
v -1.131436 4.528347 -0.060173
v -1.080482 4.537247 -0.153623
v -1.114173 4.555613 -0.119600
v -1.159023 4.537247 -0.102834
v -1.120641 4.546067 -0.188207
v -1.143567 4.558565 -0.165055
v -1.174086 4.546067 -0.153647
v -1.174768 4.555569 -0.213305
v -1.174768 4.555569 -0.213305
v -1.174768 4.555569 -0.213305
v -1.036832 4.511070 -0.000000
v -1.036832 4.511070 -0.000000
v -1.036832 4.511070 -0.000000
v -1.092889 4.497947 0.014997
v -1.069130 4.511906 0.035161
v -1.047025 4.497947 0.057126
v -1.136737 4.485584 0.041118
v -1.101821 4.506097 0.070750
v -1.069337 4.485584 0.103029
v -1.169822 4.473133 0.077136
v -1.134906 4.493646 0.106768
v -1.102422 4.473133 0.139047
v -1.192144 4.460593 0.123051
v -1.168385 4.474552 0.143215
v -1.146281 4.460593 0.165180
v -1.202258 4.448813 0.180090
v -1.202258 4.448813 0.180090
v -1.202258 4.448813 0.180090
v -1.036832 4.511070 -0.000000
v -1.036832 4.511070 -0.000000
v -1.036832 4.511070 -0.000000
v -0.985083 4.560347 -0.007599
v -1.025105 4.565126 -0.016340
v -1.046193 4.560347 -0.051460
v -0.950056 4.609883 -0.026112
v -1.008871 4.616907 -0.038957
v -1.039862 4.609883 -0.090569
v -0.929317 4.659389 -0.055006
v -0.988132 4.666414 -0.067851
v -1.019123 4.659389 -0.119464
v -0.922866 4.708865 -0.094283
v -0.962888 4.713645 -0.103023
v -0.983976 4.708865 -0.138144
v -0.933138 4.758601 -0.144473
v -0.933138 4.758601 -0.144473
v -0.933138 4.758601 -0.144473
v -1.090681 4.424699 -0.090604
v -1.090681 4.424699 -0.090604
v -1.090681 4.424699 -0.090604
v -1.074975 4.391651 -0.179108
v -1.121444 4.414155 -0.160253
v -1.166678 4.391651 -0.138605
v -1.083624 4.359829 -0.256947
v -1.151912 4.392901 -0.229237
v -1.218388 4.359829 -0.197425
v -1.113800 4.327864 -0.325267
v -1.182088 4.360936 -0.297557
v -1.248564 4.327864 -0.265745
v -1.165502 4.295756 -0.384068
v -1.211970 4.318260 -0.365213
v -1.257205 4.295756 -0.343565
v -1.241558 4.264875 -0.432204
v -1.241558 4.264875 -0.432204
v -1.241558 4.264875 -0.432204
v -1.090681 4.424699 -0.090604
v -1.090681 4.424699 -0.090604
v -1.090681 4.424699 -0.090604
v -1.176177 4.408144 -0.099890
v -1.153756 4.428608 -0.059828
v -1.135977 4.408144 -0.017501
v -1.250885 4.392704 -0.087387
v -1.217935 4.422778 -0.028513
v -1.191807 4.392704 0.033690
v -1.316169 4.377134 -0.055533
v -1.283219 4.407207 0.003341
v -1.257091 4.377134 0.065544
v -1.372029 4.361434 -0.004328
v -1.349608 4.381898 0.035734
v -1.331828 4.361434 0.078061
v -1.417101 4.346849 0.068666
v -1.417101 4.346849 0.068666
v -1.417101 4.346849 0.068666
v -1.090681 4.424699 -0.090604
v -1.090681 4.424699 -0.090604
v -1.090681 4.424699 -0.090604
v -1.056689 4.466085 -0.132199
v -1.091624 4.472644 -0.116348
v -1.127625 4.466085 -0.129602
v -1.041480 4.507829 -0.172313
v -1.092820 4.517467 -0.149018
v -1.145726 4.507829 -0.168496
v -1.042930 4.549531 -0.211909
v -1.094270 4.559169 -0.188614
v -1.147176 4.549531 -0.208092
v -1.061038 4.591191 -0.250987
v -1.095973 4.597749 -0.235136
v -1.131974 4.591191 -0.248390
v -1.097930 4.633208 -0.288584
v -1.097930 4.633208 -0.288584
v -1.097930 4.633208 -0.288584
v -0.421729 4.375393 0.000000
v -0.421729 4.375393 0.000000
v -0.421729 4.375393 0.000000
v -0.406306 4.387634 -0.073303
v -0.440438 4.402970 -0.050998
v -0.480897 4.387634 -0.045939
v -0.410494 4.400709 -0.138879
v -0.460653 4.423247 -0.106099
v -0.520110 4.400709 -0.098665
v -0.432214 4.413688 -0.198085
v -0.482373 4.436225 -0.165305
v -0.541830 4.413688 -0.157871
v -0.471467 4.426568 -0.250920
v -0.505599 4.441904 -0.228615
v -0.546058 4.426568 -0.223556
v -0.530330 4.440285 -0.296029
v -0.530330 4.440285 -0.296029
v -0.530330 4.440285 -0.296029
v -0.382109 4.625400 0.000000
v -0.382109 4.625400 0.000000
v -0.382109 4.625400 0.000000
v -0.371731 4.642270 -0.051100
v -0.395177 4.651983 -0.032517
v -0.424961 4.642270 -0.029709
v -0.375298 4.659669 -0.096097
v -0.409753 4.673944 -0.068788
v -0.453523 4.659669 -0.064661
v -0.391382 4.677007 -0.136121
v -0.425837 4.691282 -0.108813
v -0.469607 4.677007 -0.104685
v -0.419984 4.694283 -0.171173
v -0.443430 4.703997 -0.152591
v -0.473214 4.694283 -0.149782
v -0.462531 4.712089 -0.200123
v -0.462531 4.712089 -0.200123
v -0.462531 4.712089 -0.200123
v -0.466781 4.840176 0.000000
v -0.466781 4.840176 0.000000
v -0.466781 4.840176 0.000000
v -0.471499 4.836286 -0.055346
v -0.492860 4.848935 -0.035221
v -0.518343 4.836286 -0.020661
v -0.488527 4.833086 -0.101342
v -0.519920 4.851675 -0.071767
v -0.557368 4.833086 -0.050370
v -0.516568 4.829805 -0.139212
v -0.547960 4.848394 -0.109636
v -0.585408 4.829805 -0.088240
v -0.555619 4.826444 -0.168956
v -0.576981 4.839093 -0.148830
v -0.602463 4.826444 -0.134270
v -0.606982 4.823772 -0.189349
v -0.606982 4.823772 -0.189349
v -0.606982 4.823772 -0.189349
v -0.466781 4.840176 0.000000
v -0.466781 4.840176 0.000000
v -0.466781 4.840176 0.000000
v -0.532404 4.843696 0.028101
v -0.497999 4.859154 0.044228
v -0.471280 4.843696 0.071245
v -0.581607 4.848059 0.067348
v -0.531045 4.870776 0.091048
v -0.491780 4.848059 0.130750
v -0.616482 4.852324 0.116759
v -0.565921 4.875040 0.140458
v -0.526656 4.852324 0.180161
v -0.637032 4.856490 0.176334
v -0.602626 4.871948 0.192461
v -0.575908 4.856490 0.219478
v -0.641160 4.861498 0.247055
v -0.641160 4.861498 0.247055
v -0.641160 4.861498 0.247055
v -0.466781 4.840176 0.000000
v -0.466781 4.840176 0.000000
v -0.466781 4.840176 0.000000
v -0.417966 4.872700 0.019531
v -0.438858 4.880387 -0.008100
v -0.435996 4.872700 -0.042622
v -0.374580 4.905643 0.022766
v -0.405282 4.916939 -0.017840
v -0.401076 4.905643 -0.068572
v -0.335352 4.938537 0.011386
v -0.366054 4.949833 -0.029220
v -0.361848 4.938537 -0.079952
v -0.300281 4.971382 -0.014608
v -0.321173 4.979069 -0.042239
v -0.318311 4.971382 -0.076761
v -0.270639 5.004646 -0.056898
v -0.270639 5.004646 -0.056898
v -0.270639 5.004646 -0.056898
v -0.232675 4.832244 0.000000
v -0.232675 4.832244 0.000000
v -0.232675 4.832244 0.000000
v -0.219596 4.828848 0.051085
v -0.202802 4.840830 0.028855
v -0.181168 4.828848 0.011301
v -0.196458 4.826106 0.091490
v -0.171777 4.843714 0.058823
v -0.139984 4.826106 0.033025
v -0.164281 4.823287 0.122570
v -0.139601 4.840895 0.089902
v -0.107808 4.823287 0.064105
v -0.123067 4.820392 0.144324
v -0.106273 4.832374 0.122095
v -0.084639 4.820392 0.104540
v -0.071793 4.818150 0.155400
v -0.071793 4.818150 0.155400
v -0.071793 4.818150 0.155400
v -0.232675 4.832244 0.000000
v -0.232675 4.832244 0.000000
v -0.232675 4.832244 0.000000
v -0.171034 4.833877 -0.020505
v -0.200716 4.848097 -0.038047
v -0.223119 4.833877 -0.064256
v -0.123405 4.836284 -0.052378
v -0.167025 4.857182 -0.078157
v -0.199948 4.836284 -0.116672
v -0.087982 4.838602 -0.094550
v -0.131602 4.859499 -0.120329
v -0.164525 4.838602 -0.158844
v -0.064765 4.840829 -0.147021
v -0.094447 4.855050 -0.164563
v -0.116850 4.840829 -0.190771
v -0.055560 4.843831 -0.210860
v -0.055560 4.843831 -0.210860
v -0.055560 4.843831 -0.210860
v -0.232675 4.832244 0.000000
v -0.232675 4.832244 0.000000
v -0.232675 4.832244 0.000000
v -0.300382 4.883192 0.018876
v -0.252505 4.892302 0.029234
v -0.225180 4.883192 0.069888
v -0.347584 4.934636 0.050455
v -0.277226 4.948024 0.065677
v -0.237069 4.934636 0.125421
v -0.377195 4.986022 0.094107
v -0.306837 4.999410 0.109329
v -0.266680 4.986022 0.169074
v -0.389215 5.037351 0.149833
v -0.341339 5.046461 0.160191
v -0.314013 5.037351 0.200845
v -0.380730 5.089176 0.218262
v -0.380730 5.089176 0.218262
v -0.380730 5.089176 0.218262
v -0.345200 4.858298 0.094331
v -0.345200 4.858298 0.094331
v -0.345200 4.858298 0.094331
v -0.321565 4.895903 0.050469
v -0.350523 4.902116 0.070629
v -0.385320 4.895903 0.064786
v -0.314680 4.933846 0.011114
v -0.357235 4.942976 0.040739
v -0.408371 4.933846 0.032153
v -0.322782 4.971750 -0.024964
v -0.365337 4.980881 0.004662
v -0.416473 4.971750 -0.003924
v -0.345871 5.009614 -0.057762
v -0.374828 5.015827 -0.037603
v -0.409625 5.009614 -0.043445
v -0.385709 5.047816 -0.086055
v -0.385709 5.047816 -0.086055
v -0.385709 5.047816 -0.086055
v -0.345200 4.858298 0.094331
v -0.345200 4.858298 0.094331
v -0.345200 4.858298 0.094331
v -0.376154 4.850235 0.136635
v -0.348315 4.862546 0.136571
v -0.320788 4.850235 0.140718
v -0.392415 4.842841 0.179907
v -0.351505 4.860934 0.179813
v -0.311051 4.842841 0.185908
v -0.395678 4.835370 0.224151
v -0.354768 4.853463 0.224058
v -0.314314 4.835370 0.230152
v -0.385943 4.827821 0.269368
v -0.358105 4.840133 0.269304
v -0.330577 4.827821 0.273451
v -0.361516 4.820942 0.315552
v -0.361516 4.820942 0.315552
v -0.361516 4.820942 0.315552
v -0.345200 4.858298 0.094331
v -0.345200 4.858298 0.094331
v -0.345200 4.858298 0.094331
v -0.268158 4.879389 0.146118
v -0.279781 4.897737 0.095984
v -0.265640 4.879389 0.046501
v -0.191149 4.901480 0.171468
v -0.208230 4.928444 0.097792
v -0.187450 4.901480 0.025074
v -0.113468 4.923454 0.173431
v -0.130549 4.950418 0.099756
v -0.109768 4.923454 0.027037
v -0.035114 4.945312 0.152008
v -0.046737 4.963660 0.101874
v -0.032596 4.945312 0.052391
v 0.043206 4.968169 0.104147
v 0.043206 4.968169 0.104147
v 0.043206 4.968169 0.104147
v -0.553617 4.332838 0.167170
v -0.553617 4.332838 0.167170
v -0.553617 4.332838 0.167170
v -0.633221 4.314684 0.144498
v -0.618807 4.334551 0.186483
v -0.608026 4.314684 0.229545
v -0.706044 4.297613 0.144351
v -0.684861 4.326809 0.206052
v -0.669017 4.297613 0.269334
v -0.772963 4.280415 0.164176
v -0.751780 4.309612 0.225877
v -0.735936 4.280415 0.289159
v -0.833977 4.263091 0.203972
v -0.819563 4.282959 0.245958
v -0.808782 4.263091 0.289019
v -0.888211 4.246850 0.266295
v -0.888211 4.246850 0.266295
v -0.888211 4.246850 0.266295
v -0.636549 4.513045 0.316102
v -0.636549 4.513045 0.316102
v -0.636549 4.513045 0.316102
v -0.710379 4.504237 0.303545
v -0.692042 4.521601 0.338692
v -0.680619 4.504237 0.376653
v -0.776127 4.496377 0.310300
v -0.749180 4.521893 0.361951
v -0.732392 4.496377 0.417737
v -0.834911 4.488404 0.334230
v -0.807963 4.513921 0.385880
v -0.791176 4.488404 0.441667
v -0.886728 4.480322 0.375332
v -0.868391 4.497685 0.410479
v -0.856968 4.480322 0.448440
v -0.930465 4.473186 0.435748
v -0.930465 4.473186 0.435748
v -0.930465 4.473186 0.435748
v -0.805158 4.604405 0.431330
v -0.805158 4.604405 0.431330
v -0.805158 4.604405 0.431330
v -0.842889 4.573873 0.385250
v -0.855020 4.589270 0.418284
v -0.860622 4.573873 0.453026
v -0.885501 4.544179 0.357099
v -0.903328 4.566807 0.405644
v -0.911561 4.544179 0.456700
v -0.932255 4.514388 0.344866
v -0.950082 4.537015 0.393411
v -0.958315 4.514388 0.444467
v -0.983152 4.484499 0.348551
v -0.995283 4.499896 0.381585
v -1.000885 4.484499 0.416326
v -1.038930 4.455449 0.370165
v -1.038930 4.455449 0.370165
v -1.038930 4.455449 0.370165
v -0.805158 4.604405 0.431330
v -0.805158 4.604405 0.431330
v -0.805158 4.604405 0.431330
v -0.848244 4.569970 0.468764
v -0.814954 4.584959 0.480200
v -0.779828 4.569970 0.482477
v -0.873235 4.536352 0.510084
v -0.824313 4.558379 0.526891
v -0.772692 4.536352 0.530237
v -0.882157 4.502637 0.554595
v -0.833234 4.524664 0.571402
v -0.781614 4.502637 0.574748
v -0.875009 4.468828 0.602297
v -0.841719 4.483817 0.613733
v -0.806593 4.468828 0.616010
v -0.849767 4.435836 0.653885
v -0.849767 4.435836 0.653885
v -0.849767 4.435836 0.653885
v -0.805158 4.604405 0.431330
v -0.805158 4.604405 0.431330
v -0.805158 4.604405 0.431330
v -0.828470 4.640696 0.377394
v -0.833692 4.649295 0.415733
v -0.863144 4.640696 0.440827
v -0.860317 4.677454 0.340643
v -0.867991 4.690091 0.396984
v -0.911272 4.677454 0.433862
v -0.900381 4.714158 0.318742
v -0.908056 4.726795 0.375084
v -0.951337 4.714158 0.411961
v -0.948664 4.750808 0.311693
v -0.953886 4.759407 0.350032
v -0.983338 4.750808 0.375126
v -1.005483 4.787926 0.321828
v -1.005483 4.787926 0.321828
v -1.005483 4.787926 0.321828
v -0.604723 4.710505 0.440781
v -0.604723 4.710505 0.440781
v -0.604723 4.710505 0.440781
v -0.674474 4.712416 0.467639
v -0.639417 4.728775 0.486210
v -0.612274 4.712416 0.515143
v -0.727514 4.715218 0.506814
v -0.675995 4.739258 0.534105
v -0.636106 4.715218 0.576623
v -0.765975 4.717916 0.557174
v -0.714456 4.741956 0.584465
v -0.674567 4.717916 0.626984
v -0.789857 4.720510 0.618720
v -0.754800 4.736868 0.637291
v -0.727657 4.720510 0.666224
v -0.797028 4.723996 0.692583
v -0.797028 4.723996 0.692583
v -0.797028 4.723996 0.692583
v -0.604723 4.710505 0.440781
v -0.604723 4.710505 0.440781
v -0.604723 4.710505 0.440781
v -0.564823 4.697965 0.524524
v -0.541927 4.719609 0.481009
v -0.511969 4.697965 0.442017
v -0.511098 4.686605 0.586261
v -0.477450 4.718412 0.522312
v -0.433425 4.686605 0.465012
v -0.444941 4.675107 0.628641
v -0.411293 4.706914 0.564693
v -0.367269 4.675107 0.507392
v -0.366352 4.663471 0.651664
v -0.343456 4.685115 0.608149
v -0.313499 4.663471 0.569158
v -0.273939 4.653015 0.652682
v -0.273939 4.653015 0.652682
v -0.273939 4.653015 0.652682
v -0.604723 4.710505 0.440781
v -0.604723 4.710505 0.440781
v -0.604723 4.710505 0.440781
v -0.593034 4.747921 0.387093
v -0.617794 4.755427 0.415132
v -0.655032 4.747921 0.418689
v -0.597448 4.785746 0.342451
v -0.633835 4.796777 0.383657
v -0.688559 4.785746 0.388883
v -0.616458 4.823523 0.305149
v -0.652845 4.834554 0.346356
v -0.707568 4.823523 0.351582
v -0.650063 4.861252 0.275188
v -0.674824 4.868759 0.303228
v -0.712062 4.861252 0.306784
v -0.699772 4.899390 0.254274
v -0.699772 4.899390 0.254274
v -0.699772 4.899390 0.254274
v -0.659689 4.563327 0.536924
v -0.659689 4.563327 0.536924
v -0.659689 4.563327 0.536924
v -0.732428 4.539862 0.539644
v -0.709463 4.557871 0.572430
v -0.685937 4.539862 0.604816
v -0.792852 4.517378 0.559659
v -0.759103 4.543844 0.607841
v -0.724531 4.517378 0.655435
v -0.842359 4.494781 0.594975
v -0.808610 4.521247 0.643156
v -0.774037 4.494781 0.690750
v -0.880948 4.472069 0.645591
v -0.857983 4.490078 0.678377
v -0.834458 4.472069 0.710763
v -0.907224 4.450338 0.713502
v -0.907224 4.450338 0.713502
v -0.907224 4.450338 0.713502
v -0.659689 4.563327 0.536924
v -0.659689 4.563327 0.536924
v -0.659689 4.563327 0.536924
v -0.644745 4.533834 0.611732
v -0.613502 4.553023 0.582420
v -0.584665 4.533834 0.550739
v -0.613800 4.505386 0.670427
v -0.567888 4.533586 0.627351
v -0.525509 4.505386 0.580794
v -0.568758 4.476817 0.714796
v -0.522845 4.505017 0.671720
v -0.480467 4.476817 0.625162
v -0.509618 4.448127 0.744836
v -0.478375 4.467316 0.715524
v -0.449538 4.448127 0.683843
v -0.434477 4.420481 0.758765
v -0.434477 4.420481 0.758765
v -0.434477 4.420481 0.758765
v -0.659689 4.563327 0.536924
v -0.659689 4.563327 0.536924
v -0.659689 4.563327 0.536924
v -0.709164 4.606574 0.541186
v -0.673591 4.611769 0.552846
v -0.657241 4.606574 0.586522
v -0.744344 4.650104 0.556871
v -0.692068 4.657738 0.574007
v -0.668040 4.650104 0.623496
v -0.767395 4.693601 0.583271
v -0.715118 4.701235 0.600406
v -0.691091 4.693601 0.649895
v -0.778316 4.737065 0.620384
v -0.742743 4.742260 0.632045
v -0.726393 4.737065 0.665720
v -0.774942 4.780812 0.668922
v -0.774942 4.780812 0.668922
v -0.774942 4.780812 0.668922
v 0.773497 4.376057 0.000000
v 0.773497 4.376057 0.000000
v 0.773497 4.376057 0.000000
v 0.794385 4.391191 -0.054218
v 0.765340 4.402452 -0.039485
v 0.732835 4.391191 -0.041503
v 0.799043 4.406939 -0.104608
v 0.756360 4.423488 -0.082956
v 0.708591 4.406939 -0.085922
v 0.789239 4.422615 -0.152065
v 0.746556 4.439165 -0.130413
v 0.698787 4.422615 -0.133379
v 0.764973 4.438220 -0.196590
v 0.735928 4.449481 -0.181857
v 0.703423 4.438220 -0.183875
v 0.724477 4.454438 -0.237287
v 0.724477 4.454438 -0.237287
v 0.724477 4.454438 -0.237287
v 0.778366 4.635704 0.000000
v 0.778366 4.635704 0.000000
v 0.778366 4.635704 0.000000
v 0.810493 4.649189 -0.088090
v 0.764247 4.668583 -0.067086
v 0.713458 4.649189 -0.067668
v 0.817009 4.663731 -0.170175
v 0.749047 4.692232 -0.139308
v 0.674409 4.663731 -0.140163
v 0.800728 4.678149 -0.247534
v 0.732766 4.706651 -0.216667
v 0.658128 4.678149 -0.217523
v 0.761650 4.692445 -0.320167
v 0.715404 4.711839 -0.299163
v 0.664615 4.692445 -0.299745
v 0.696961 4.707797 -0.386796
v 0.696961 4.707797 -0.386796
v 0.696961 4.707797 -0.386796
v 0.670600 4.818859 0.000000
v 0.670600 4.818859 0.000000
v 0.670600 4.818859 0.000000
v 0.659203 4.813433 -0.054085
v 0.640258 4.826156 -0.031831
v 0.617122 4.813433 -0.013972
v 0.636760 4.808699 -0.097412
v 0.608919 4.827397 -0.064707
v 0.574919 4.808699 -0.038463
v 0.604423 4.803885 -0.131335
v 0.576582 4.822583 -0.098630
v 0.542582 4.803885 -0.072386
v 0.562193 4.798990 -0.155854
v 0.543248 4.811714 -0.133600
v 0.520113 4.798990 -0.115741
v 0.508917 4.794789 -0.169615
v 0.508917 4.794789 -0.169615
v 0.508917 4.794789 -0.169615
v 0.670600 4.818859 0.000000
v 0.670600 4.818859 0.000000
v 0.670600 4.818859 0.000000
v 0.590479 4.812469 0.014485
v 0.622676 4.831071 0.043023
v 0.647590 4.812469 0.078100
v 0.525703 4.807093 0.045663
v 0.573019 4.834430 0.087602
v 0.609631 4.807093 0.139151
v 0.474313 4.801598 0.091799
v 0.521629 4.828935 0.133737
v 0.558241 4.801598 0.185286
v 0.436308 4.795984 0.152891
v 0.468505 4.814587 0.181429
v 0.493418 4.795984 0.216506
v 0.413648 4.791386 0.230676
v 0.413648 4.791386 0.230676
v 0.413648 4.791386 0.230676
v 0.670600 4.818859 0.000000
v 0.670600 4.818859 0.000000
v 0.670600 4.818859 0.000000
v 0.720611 4.845358 -0.021865
v 0.687661 4.854381 -0.028611
v 0.666061 4.845358 -0.054392
v 0.755844 4.872348 -0.051838
v 0.707422 4.885609 -0.061752
v 0.675680 4.872348 -0.099639
v 0.778307 4.899281 -0.089508
v 0.729885 4.912541 -0.099422
v 0.698142 4.899281 -0.137309
v 0.787998 4.926157 -0.134875
v 0.755048 4.935180 -0.141622
v 0.733448 4.926157 -0.167403
v 0.782912 4.953524 -0.188351
v 0.782912 4.953524 -0.188351
v 0.782912 4.953524 -0.188351
v 0.873206 4.857541 0.000000
v 0.873206 4.857541 0.000000
v 0.873206 4.857541 0.000000
v 0.923305 4.876182 -0.078068
v 0.873695 4.894790 -0.066175
v 0.824267 4.876182 -0.078801
v 0.947133 4.895837 -0.155663
v 0.874228 4.923183 -0.138185
v 0.801590 4.895837 -0.156740
v 0.947709 4.915373 -0.233507
v 0.874804 4.942720 -0.216030
v 0.802166 4.915373 -0.234585
v 0.925033 4.934792 -0.311602
v 0.875423 4.953400 -0.299709
v 0.825995 4.934792 -0.312335
v 0.876086 4.955224 -0.389223
v 0.876086 4.955224 -0.389223
v 0.876086 4.955224 -0.389223
v 0.873206 4.857541 0.000000
v 0.873206 4.857541 0.000000
v 0.873206 4.857541 0.000000
v 0.846441 4.882041 0.066968
v 0.883009 4.895333 0.047041
v 0.924493 4.882041 0.050702
v 0.840243 4.907266 0.128980
v 0.893983 4.926799 0.099695
v 0.954946 4.907266 0.105075
v 0.852387 4.932406 0.187247
v 0.906126 4.951939 0.157962
v 0.967089 4.932406 0.163342
v 0.882871 4.957461 0.241770
v 0.919439 4.970753 0.221842
v 0.960923 4.957461 0.225503
v 0.933922 4.983242 0.291336
v 0.933922 4.983242 0.291336
v 0.933922 4.983242 0.291336
v 0.873206 4.857541 0.000000
v 0.873206 4.857541 0.000000
v 0.873206 4.857541 0.000000
v 0.926697 4.859589 0.005131
v 0.909947 4.871284 -0.018004
v 0.901927 4.859589 -0.045418
v 0.973382 4.862274 -0.003028
v 0.948765 4.879461 -0.037027
v 0.936980 4.862274 -0.077313
v 1.014278 4.864884 -0.023069
v 0.989662 4.882071 -0.057067
v 0.977876 4.864884 -0.097353
v 1.049386 4.867421 -0.054991
v 1.032636 4.879116 -0.078126
v 1.024616 4.867421 -0.105539
v 1.077687 4.870595 -0.100202
v 1.077687 4.870595 -0.100202
v 1.077687 4.870595 -0.100202
v 0.781997 4.829319 0.165476
v 0.781997 4.829319 0.165476
v 0.781997 4.829319 0.165476
v 0.727388 4.830796 0.160335
v 0.744375 4.842793 0.183984
v 0.752742 4.830796 0.211873
v 0.679739 4.832926 0.168748
v 0.704703 4.850557 0.203501
v 0.716998 4.832926 0.244486
v 0.638015 4.834980 0.189274
v 0.662979 4.852612 0.224027
v 0.675274 4.834980 0.265012
v 0.602216 4.836959 0.221914
v 0.619203 4.848956 0.245563
v 0.627570 4.836959 0.273452
v 0.573377 4.839591 0.268107
v 0.573377 4.839591 0.268107
v 0.573377 4.839591 0.268107
v 0.781997 4.829319 0.165476
v 0.781997 4.829319 0.165476
v 0.781997 4.829319 0.165476
v 0.802837 4.818344 0.248721
v 0.831443 4.838315 0.213390
v 0.865857 4.818344 0.183686
v 0.840232 4.808456 0.314565
v 0.882271 4.837805 0.262643
v 0.932845 4.808456 0.218991
v 0.892442 4.798441 0.365158
v 0.934481 4.827790 0.313235
v 0.985055 4.798441 0.269584
v 0.959467 4.788300 0.400499
v 0.988073 4.808271 0.365167
v 1.022487 4.788300 0.335464
v 1.043048 4.779248 0.418438
v 1.043048 4.779248 0.418438
v 1.043048 4.779248 0.418438
v 0.781997 4.829319 0.165476
v 0.781997 4.829319 0.165476
v 0.781997 4.829319 0.165476
v 0.817930 4.890194 0.100038
v 0.773930 4.898736 0.132404
v 0.719969 4.890194 0.123932
v 0.828154 4.951534 0.042049
v 0.763493 4.964088 0.089614
v 0.684193 4.951534 0.077164
v 0.815346 5.012820 -0.010458
v 0.750685 5.025373 0.037106
v 0.671386 5.012820 0.024656
v 0.779508 5.074051 -0.057486
v 0.735507 5.082593 -0.025120
v 0.681546 5.074051 -0.033592
v 0.717959 5.135748 -0.097064
v 0.717959 5.135748 -0.097064
v 0.717959 5.135748 -0.097064
v 0.978854 4.231056 -0.000000
v 0.978854 4.231056 -0.000000
v 0.978854 4.231056 -0.000000
v 0.990424 4.202376 0.087348
v 1.027380 4.224194 0.055940
v 1.063693 4.202376 0.023789
v 1.021443 4.174885 0.157859
v 1.075753 4.206948 0.111703
v 1.129117 4.174885 0.064455
v 1.069663 4.147255 0.213446
v 1.123973 4.179318 0.167289
v 1.177337 4.147255 0.120042
v 1.135083 4.119486 0.254107
v 1.172040 4.141304 0.222699
v 1.208352 4.119486 0.190548
v 1.219953 4.092907 0.277932
v 1.219953 4.092907 0.277932
v 1.219953 4.092907 0.277932
v 1.196639 4.344800 -0.000000
v 1.196639 4.344800 -0.000000
v 1.196639 4.344800 -0.000000
v 1.212200 4.326383 0.055628
v 1.233204 4.340661 0.031841
v 1.253878 4.326383 0.007767
v 1.238824 4.308743 0.098571
v 1.269690 4.329726 0.063614
v 1.300073 4.308743 0.028236
v 1.275232 4.291013 0.130275
v 1.306098 4.311996 0.095318
v 1.336480 4.291013 0.059940
v 1.321424 4.273192 0.150742
v 1.342427 4.287470 0.126955
v 1.363102 4.273192 0.102881
v 1.378679 4.256151 0.158523
v 1.378679 4.256151 0.158523
v 1.378679 4.256151 0.158523
v 1.289348 4.546092 -0.058197
v 1.289348 4.546092 -0.058197
v 1.289348 4.546092 -0.058197
v 1.319950 4.558178 0.022557
v 1.339626 4.576077 -0.019837
v 1.375318 4.558178 -0.050012
v 1.364801 4.571240 0.083733
v 1.393715 4.597543 0.021431
v 1.446168 4.571240 -0.022913
v 1.422702 4.584188 0.127909
v 1.451616 4.610491 0.065607
v 1.504068 4.584188 0.021263
v 1.493653 4.597023 0.155086
v 1.513328 4.614921 0.112691
v 1.549021 4.597023 0.082516
v 1.578852 4.610833 0.162683
v 1.578852 4.610833 0.162683
v 1.578852 4.610833 0.162683
v 1.289348 4.546092 -0.058197
v 1.289348 4.546092 -0.058197
v 1.289348 4.546092 -0.058197
v 1.353929 4.544994 -0.128287
v 1.303553 4.566189 -0.130630
v 1.256023 4.544994 -0.147488
v 1.392466 4.545051 -0.203074
v 1.318435 4.576199 -0.206517
v 1.248587 4.545051 -0.231290
v 1.408026 4.544973 -0.282414
v 1.333995 4.576121 -0.285857
v 1.264147 4.544973 -0.310631
v 1.400608 4.544760 -0.366309
v 1.350232 4.565956 -0.368652
v 1.302702 4.544760 -0.385509
v 1.367146 4.545703 -0.454900
v 1.367146 4.545703 -0.454900
v 1.367146 4.545703 -0.454900
v 1.289348 4.546092 -0.058197
v 1.289348 4.546092 -0.058197
v 1.289348 4.546092 -0.058197
v 1.241846 4.573796 -0.043337
v 1.272436 4.581527 -0.034775
v 1.290189 4.573796 -0.008432
v 1.207515 4.601923 -0.019705
v 1.252470 4.613284 -0.007121
v 1.278559 4.601923 0.031591
v 1.184494 4.629999 0.012180
v 1.229449 4.641360 0.024763
v 1.255538 4.629999 0.063475
v 1.172782 4.658027 0.052316
v 1.203372 4.665758 0.060879
v 1.221125 4.658027 0.087221
v 1.174241 4.686476 0.101225
v 1.174241 4.686476 0.101225
v 1.174241 4.686476 0.101225
v 1.404306 4.336556 0.044428
v 1.404306 4.336556 0.044428
v 1.404306 4.336556 0.044428
v 1.386860 4.306433 0.129574
v 1.431848 4.328075 0.112402
v 1.476101 4.306433 0.093414
v 1.393101 4.277490 0.205178
v 1.459215 4.309295 0.179943
v 1.524247 4.277490 0.152040
v 1.420293 4.248408 0.272287
v 1.486406 4.280214 0.247052
v 1.551439 4.248408 0.219149
v 1.468434 4.219190 0.330901
v 1.513423 4.240833 0.313729
v 1.557676 4.219190 0.294742
v 1.540264 4.191151 0.379975
v 1.540264 4.191151 0.379975
v 1.540264 4.191151 0.379975
v 1.404306 4.336556 0.044428
v 1.404306 4.336556 0.044428
v 1.404306 4.336556 0.044428
v 1.446959 4.294699 0.051123
v 1.434009 4.306334 0.021323
v 1.408310 4.294699 0.001439
v 1.479709 4.253476 0.044370
v 1.460677 4.270575 0.000577
v 1.422911 4.253476 -0.028643
v 1.503344 4.212179 0.025984
v 1.484312 4.229278 -0.017809
v 1.446546 4.212179 -0.047029
v 1.517865 4.170809 -0.004035
v 1.504914 4.182444 -0.033836
v 1.479215 4.170809 -0.053719
v 1.522482 4.130072 -0.047502
v 1.522482 4.130072 -0.047502
v 1.522482 4.130072 -0.047502
v 1.404306 4.336556 0.044428
v 1.404306 4.336556 0.044428
v 1.404306 4.336556 0.044428
v 1.421871 4.353969 0.113184
v 1.440547 4.367847 0.078294
v 1.474093 4.353969 0.057300
v 1.452881 4.372137 0.166740
v 1.480327 4.392532 0.115467
v 1.529625 4.372137 0.084614
v 1.496199 4.390217 0.207220
v 1.523645 4.410613 0.155946
v 1.572943 4.390217 0.125093
v 1.551826 4.408210 0.234622
v 1.570502 4.422088 0.199732
v 1.604048 4.408210 0.178738
v 1.620897 4.426958 0.246825
v 1.620897 4.426958 0.246825
v 1.620897 4.426958 0.246825
v 1.372892 4.477223 0.083317
v 1.372892 4.477223 0.083317
v 1.372892 4.477223 0.083317
v 1.342653 4.457980 0.163154
v 1.387136 4.478511 0.152086
v 1.432356 4.457980 0.144574
v 1.336184 4.439856 0.237967
v 1.401555 4.470028 0.221701
v 1.468009 4.439856 0.210663
v 1.350778 4.421601 0.308428
v 1.416149 4.451773 0.292163
v 1.482603 4.421601 0.281124
v 1.386436 4.403215 0.374539
v 1.430919 4.423747 0.363471
v 1.476139 4.403215 0.355960
v 1.445863 4.385949 0.435625
v 1.445863 4.385949 0.435625
v 1.445863 4.385949 0.435625
v 1.372892 4.477223 0.083317
v 1.372892 4.477223 0.083317
v 1.372892 4.477223 0.083317
v 1.424894 4.464960 0.095667
v 1.414474 4.477830 0.068903
v 1.406094 4.464960 0.041432
v 1.471854 4.453399 0.093653
v 1.456541 4.472313 0.054321
v 1.444226 4.453399 0.013950
v 1.514406 4.441757 0.078903
v 1.499093 4.460670 0.039571
v 1.486778 4.441757 -0.000800
v 1.552551 4.430032 0.051416
v 1.542131 4.442902 0.024652
v 1.533751 4.430032 -0.002819
v 1.585654 4.419009 0.009565
v 1.585654 4.419009 0.009565
v 1.585654 4.419009 0.009565
v 1.372892 4.477223 0.083317
v 1.372892 4.477223 0.083317
v 1.372892 4.477223 0.083317
v 1.338705 4.518528 0.075611
v 1.366940 4.519972 0.088546
v 1.376127 4.518528 0.118212
v 1.314962 4.559913 0.078748
v 1.356454 4.562034 0.097756
v 1.369956 4.559913 0.141353
v 1.299944 4.601288 0.091940
v 1.341437 4.603409 0.110948
v 1.354938 4.601288 0.154545
v 1.293652 4.642653 0.115187
v 1.321886 4.644097 0.128122
v 1.331074 4.642653 0.157788
v 1.297804 4.684099 0.149276
v 1.297804 4.684099 0.149276
v 1.297804 4.684099 0.149276
v 0.902324 4.293622 -0.088747
v 0.902324 4.293622 -0.088747
v 0.902324 4.293622 -0.088747
v 0.951692 4.294531 -0.027037
v 0.959474 4.311934 -0.068196
v 0.979686 4.294531 -0.104886
v 1.008146 4.296389 0.013904
v 1.019582 4.321964 -0.046582
v 1.049285 4.296389 -0.100500
v 1.071212 4.298136 0.036582
v 1.082647 4.323710 -0.023904
v 1.112350 4.298136 -0.077822
v 1.140890 4.299772 0.040996
v 1.148671 4.317175 -0.000163
v 1.168883 4.299772 -0.036853
v 1.217653 4.302357 0.024642
v 1.217653 4.302357 0.024642
v 1.217653 4.302357 0.024642
v 1.038364 4.469079 -0.179111
v 1.038364 4.469079 -0.179111
v 1.038364 4.469079 -0.179111
v 1.091157 4.468874 -0.126022
v 1.094558 4.485463 -0.165516
v 1.109586 4.468874 -0.202197
v 1.148521 4.469573 -0.093212
v 1.153520 4.493951 -0.151251
v 1.175604 4.469573 -0.205156
v 1.210249 4.470167 -0.078278
v 1.215248 4.494545 -0.136317
v 1.237332 4.470167 -0.190222
v 1.276341 4.470655 -0.081219
v 1.279742 4.487244 -0.120713
v 1.294770 4.470655 -0.157394
v 1.347003 4.472048 -0.104440
v 1.347003 4.472048 -0.104440
v 1.347003 4.472048 -0.104440
v 1.080177 4.687399 -0.259763
v 1.080177 4.687399 -0.259763
v 1.080177 4.687399 -0.259763
v 1.116854 4.678508 -0.343806
v 1.069841 4.699606 -0.331956
v 1.021391 4.678508 -0.330139
v 1.128253 4.670767 -0.423950
v 1.059163 4.701772 -0.406535
v 0.987963 4.670767 -0.403865
v 1.117233 4.662892 -0.500917
v 1.048144 4.693897 -0.483502
v 0.976944 4.662892 -0.480832
v 1.083796 4.654882 -0.574707
v 1.036783 4.675981 -0.562857
v 0.988333 4.654882 -0.561040
v 1.025080 4.648023 -0.644599
v 1.025080 4.648023 -0.644599
v 1.025080 4.648023 -0.644599
v 1.080177 4.687399 -0.259763
v 1.080177 4.687399 -0.259763
v 1.080177 4.687399 -0.259763
v 1.017667 4.719244 -0.240055
v 1.056155 4.730076 -0.227790
v 1.078651 4.719244 -0.194238
v 0.971766 4.751679 -0.208776
v 1.028328 4.767598 -0.190751
v 1.061388 4.751679 -0.141444
v 0.940134 4.784046 -0.166672
v 0.996695 4.799965 -0.148647
v 1.029755 4.784046 -0.099340
v 0.922769 4.816344 -0.113742
v 0.961257 4.827176 -0.101477
v 0.983753 4.816344 -0.067925
v 0.922013 4.849232 -0.049242
v 0.922013 4.849232 -0.049242
v 0.922013 4.849232 -0.049242
v 1.080177 4.687399 -0.259763
v 1.080177 4.687399 -0.259763
v 1.080177 4.687399 -0.259763
v 1.155187 4.687168 -0.242573
v 1.136486 4.704221 -0.278770
v 1.129424 4.687168 -0.318897
v 1.223047 4.687867 -0.245517
v 1.195566 4.712926 -0.298712
v 1.185188 4.687867 -0.357681
v 1.284896 4.688457 -0.266394
v 1.257414 4.713517 -0.319589
v 1.247036 4.688457 -0.378557
v 1.340734 4.688939 -0.305202
v 1.322033 4.705991 -0.341400
v 1.314971 4.688939 -0.381527
v 1.389421 4.690350 -0.364147
v 1.389421 4.690350 -0.364147
v 1.389421 4.690350 -0.364147
v 1.245029 4.523028 -0.248006
v 1.245029 4.523028 -0.248006
v 1.245029 4.523028 -0.248006
v 1.276068 4.491086 -0.191350
v 1.295352 4.507728 -0.223938
v 1.308617 4.491086 -0.259405
v 1.315904 4.460050 -0.152664
v 1.344243 4.484508 -0.200555
v 1.363737 4.460050 -0.252676
v 1.363363 4.428909 -0.129967
v 1.391701 4.453366 -0.177857
v 1.411195 4.428909 -0.229978
v 1.418444 4.397662 -0.123256
v 1.437728 4.414305 -0.155844
v 1.450993 4.397662 -0.191311
v 1.482322 4.367322 -0.134516
v 1.482322 4.367322 -0.134516
v 1.482322 4.367322 -0.134516
v 1.245029 4.523028 -0.248006
v 1.245029 4.523028 -0.248006
v 1.245029 4.523028 -0.248006
v 1.310244 4.502067 -0.288068
v 1.272504 4.520746 -0.305422
v 1.235314 4.502067 -0.323924
v 1.355571 4.482124 -0.337608
v 1.300110 4.509574 -0.363111
v 1.245456 4.482124 -0.390301
v 1.383307 4.462062 -0.395570
v 1.327846 4.489512 -0.421073
v 1.273193 4.462062 -0.448263
v 1.393453 4.441882 -0.461955
v 1.355714 4.460561 -0.479309
v 1.318523 4.441882 -0.497811
v 1.383711 4.422719 -0.537817
v 1.383711 4.422719 -0.537817
v 1.383711 4.422719 -0.537817
v 1.245029 4.523028 -0.248006
v 1.245029 4.523028 -0.248006
v 1.245029 4.523028 -0.248006
v 1.260416 4.556746 -0.206456
v 1.263880 4.562225 -0.237747
v 1.288274 4.556746 -0.257649
v 1.282620 4.590761 -0.178794
v 1.287712 4.598813 -0.224778
v 1.323560 4.590761 -0.254025
v 1.311432 4.624742 -0.163115
v 1.316524 4.632794 -0.209099
v 1.352372 4.624742 -0.238346
v 1.346851 4.658689 -0.159419
v 1.350316 4.664168 -0.190710
v 1.374710 4.658689 -0.210611
v 1.389089 4.692934 -0.169610
v 1.389089 4.692934 -0.169610
v 1.389089 4.692934 -0.169610
v 1.188888 4.663217 -0.140677
v 1.188888 4.663217 -0.140677
v 1.188888 4.663217 -0.140677
v 1.188268 4.654744 -0.057014
v 1.223516 4.674025 -0.083759
v 1.263471 4.654744 -0.102766
v 1.207465 4.647321 0.014304
v 1.259264 4.675656 -0.025000
v 1.317981 4.647321 -0.052932
v 1.244334 4.639776 0.074905
v 1.296132 4.668111 0.035601
v 1.354849 4.639776 0.007669
v 1.298874 4.632108 0.124789
v 1.334121 4.651389 0.098043
v 1.374076 4.632108 0.079037
v 1.373230 4.625491 0.162327
v 1.373230 4.625491 0.162327
v 1.373230 4.625491 0.162327
v 1.188888 4.663217 -0.140677
v 1.188888 4.663217 -0.140677
v 1.188888 4.663217 -0.140677
v 1.256407 4.653476 -0.127175
v 1.240793 4.669578 -0.160190
v 1.230793 4.653476 -0.195314
v 1.316980 4.644612 -0.131686
v 1.294035 4.668275 -0.180204
v 1.279338 4.644612 -0.231822
v 1.371557 4.635646 -0.152203
v 1.348612 4.659309 -0.200720
v 1.333915 4.635646 -0.252338
v 1.420139 4.626579 -0.188724
v 1.404525 4.642681 -0.221739
v 1.394524 4.626579 -0.256863
v 1.461773 4.618388 -0.243259
v 1.461773 4.618388 -0.243259
v 1.461773 4.618388 -0.243259
v 1.188888 4.663217 -0.140677
v 1.188888 4.663217 -0.140677
v 1.188888 4.663217 -0.140677
v 1.143699 4.702338 -0.119972
v 1.179508 4.708267 -0.119229
v 1.204365 4.702338 -0.093442
v 1.114899 4.741782 -0.092913
v 1.167523 4.750495 -0.091821
v 1.204052 4.741782 -0.053926
v 1.100307 4.781188 -0.059545
v 1.152931 4.789901 -0.058454
v 1.189460 4.781188 -0.020559
v 1.099924 4.820556 -0.019870
v 1.135733 4.826486 -0.019127
v 1.160590 4.820556 0.006660
v 1.115929 4.860248 0.026160
v 1.115929 4.860248 0.026160
v 1.115929 4.860248 0.026160
v -0.114251 4.464121 0.519803
v -0.114251 4.464121 0.519803
v -0.114251 4.464121 0.519803
v -0.169609 4.470176 0.455580
v -0.175048 4.488349 0.500528
v -0.196500 4.470176 0.540400
v -0.231663 4.477221 0.413991
v -0.239656 4.503929 0.480046
v -0.271181 4.477221 0.538640
v -0.300081 4.484151 0.392300
v -0.308074 4.510859 0.458355
v -0.339599 4.484151 0.516949
v -0.374864 4.490966 0.390508
v -0.380302 4.509140 0.435456
v -0.401754 4.490966 0.475328
v -0.456341 4.498771 0.411349
v -0.456341 4.498771 0.411349
v -0.456341 4.498771 0.411349
v -0.207443 4.653801 0.593699
v -0.207443 4.653801 0.593699
v -0.207443 4.653801 0.593699
v -0.267516 4.662031 0.534246
v -0.268787 4.679924 0.579563
v -0.287476 4.662031 0.620867
v -0.332408 4.671237 0.497876
v -0.334277 4.697531 0.564473
v -0.361740 4.671237 0.625171
v -0.402042 4.680328 0.481831
v -0.403911 4.706623 0.548427
v -0.431374 4.680328 0.609125
v -0.476418 4.689305 0.486110
v -0.477689 4.707198 0.531426
v -0.496378 4.689305 0.572730
v -0.555612 4.699259 0.513471
v -0.555612 4.699259 0.513471
v -0.555612 4.699259 0.513471
v -0.401251 4.757747 0.634193
v -0.401251 4.757747 0.634193
v -0.401251 4.757747 0.634193
v -0.429398 4.743015 0.572457
v -0.447913 4.759290 0.603767
v -0.469096 4.743015 0.633336
v -0.468001 4.729171 0.526913
v -0.495210 4.753088 0.572925
v -0.526340 4.729171 0.616380
v -0.515933 4.715223 0.495658
v -0.543142 4.739141 0.541670
v -0.574272 4.715223 0.585124
v -0.573194 4.701172 0.478691
v -0.591709 4.717447 0.510001
v -0.612892 4.701172 0.539570
v -0.640911 4.688007 0.477917
v -0.640911 4.688007 0.477917
v -0.640911 4.688007 0.477917
v -0.401251 4.757747 0.634193
v -0.401251 4.757747 0.634193
v -0.401251 4.757747 0.634193
v -0.450142 4.743357 0.660628
v -0.423498 4.756861 0.674538
v -0.397515 4.743357 0.689648
v -0.485058 4.729702 0.694726
v -0.445903 4.749548 0.715168
v -0.407719 4.729702 0.737373
v -0.507620 4.715962 0.735641
v -0.468464 4.735808 0.756083
v -0.430281 4.715962 0.778288
v -0.517828 4.702136 0.783374
v -0.491183 4.715641 0.797284
v -0.465201 4.702136 0.812394
v -0.514060 4.689046 0.838770
v -0.514060 4.689046 0.838770
v -0.514060 4.689046 0.838770
v -0.401251 4.757747 0.634193
v -0.401251 4.757747 0.634193
v -0.401251 4.757747 0.634193
v -0.394659 4.791908 0.581311
v -0.416291 4.799518 0.609490
v -0.451257 4.791908 0.615768
v -0.402714 4.826484 0.538163
v -0.434504 4.837668 0.579575
v -0.485889 4.826484 0.588801
v -0.424100 4.861012 0.503037
v -0.455890 4.872195 0.544448
v -0.507274 4.861012 0.553675
v -0.458816 4.895491 0.475930
v -0.480448 4.903101 0.504110
v -0.515414 4.895491 0.510388
v -0.508180 4.930385 0.458560
v -0.508180 4.930385 0.458560
v -0.508180 4.930385 0.458560
v -0.192680 4.852887 0.671258
v -0.192680 4.852887 0.671258
v -0.192680 4.852887 0.671258
v -0.176051 4.879136 0.614032
v -0.204673 4.889350 0.635786
v -0.240624 4.879136 0.635864
v -0.176348 4.905942 0.563187
v -0.218410 4.920952 0.595156
v -0.271242 4.905942 0.595270
v -0.191828 4.932683 0.517398
v -0.233891 4.947692 0.549367
v -0.286723 4.932683 0.549481
v -0.222493 4.959358 0.476666
v -0.251116 4.969572 0.498421
v -0.287066 4.959358 0.498498
v -0.270084 4.986590 0.442315
v -0.270084 4.986590 0.442315
v -0.270084 4.986590 0.442315
v -0.192680 4.852887 0.671258
v -0.192680 4.852887 0.671258
v -0.192680 4.852887 0.671258
v -0.261671 4.842559 0.725905
v -0.216548 4.862963 0.737496
v -0.174403 4.842559 0.757351
v -0.307436 4.833344 0.788667
v -0.241125 4.863328 0.805701
v -0.179190 4.833344 0.834879
v -0.332721 4.823998 0.858838
v -0.266410 4.853982 0.875872
v -0.204475 4.823998 0.905050
v -0.337527 4.814522 0.936419
v -0.292404 4.834926 0.948009
v -0.250259 4.814522 0.967864
v -0.319106 4.806159 1.022114
v -0.319106 4.806159 1.022114
v -0.319106 4.806159 1.022114
v -0.192680 4.852887 0.671258
v -0.192680 4.852887 0.671258
v -0.192680 4.852887 0.671258
v -0.130938 4.874341 0.698827
v -0.147678 4.886989 0.663934
v -0.142867 4.874341 0.625534
v -0.072947 4.896485 0.707052
v -0.097547 4.915072 0.655775
v -0.090477 4.896485 0.599343
v -0.017688 4.918548 0.698059
v -0.042288 4.937135 0.646781
v -0.035218 4.918548 0.590350
v 0.034839 4.940530 0.671846
v 0.018100 4.953178 0.636953
v 0.022911 4.940530 0.598553
v 0.083615 4.963202 0.626290
v 0.083615 4.963202 0.626290
v 0.083615 4.963202 0.626290
v -0.296827 4.798009 0.761404
v -0.296827 4.798009 0.761404
v -0.296827 4.798009 0.761404
v -0.368780 4.787881 0.726733
v -0.360526 4.806461 0.768228
v -0.359802 4.787881 0.810529
v -0.438146 4.778766 0.714265
v -0.426017 4.806070 0.775244
v -0.424954 4.778766 0.837409
v -0.505429 4.769532 0.721473
v -0.493300 4.796836 0.782452
v -0.492237 4.769532 0.844617
v -0.570629 4.760180 0.748358
v -0.562375 4.778760 0.789852
v -0.561651 4.760180 0.832154
v -0.633242 4.751842 0.797444
v -0.633242 4.751842 0.797444
v -0.633242 4.751842 0.797444
v -0.296827 4.798009 0.761404
v -0.296827 4.798009 0.761404
v -0.296827 4.798009 0.761404
v -0.306754 4.794122 0.815481
v -0.281105 4.806646 0.801843
v -0.252979 4.794122 0.794575
v -0.302487 4.790917 0.863841
v -0.264793 4.809322 0.843798
v -0.223460 4.790917 0.833117
v -0.285587 4.787632 0.907312
v -0.247893 4.806037 0.887269
v -0.206560 4.787632 0.876588
v -0.256053 4.784268 0.945895
v -0.230403 4.796793 0.932256
v -0.202277 4.784268 0.924988
v -0.212324 4.781587 0.978759
v -0.212324 4.781587 0.978759
v -0.212324 4.781587 0.978759
v -0.296827 4.798009 0.761404
v -0.296827 4.798009 0.761404
v -0.296827 4.798009 0.761404
v -0.340278 4.861052 0.708607
v -0.323823 4.867561 0.758967
v -0.349028 4.861052 0.805568
v -0.384915 4.924449 0.681629
v -0.360732 4.934015 0.755637
v -0.397774 4.924449 0.824119
v -0.431739 4.987805 0.677404
v -0.407556 4.997371 0.751411
v -0.444597 4.987805 0.819894
v -0.480749 5.051120 0.695931
v -0.464293 5.057629 0.746291
v -0.489499 5.051120 0.792892
v -0.530945 5.114789 0.740276
v -0.530945 5.114789 0.740276
v -0.530945 5.114789 0.740276
v 0.151861 4.422172 0.503461
v 0.151861 4.422172 0.503461
v 0.151861 4.422172 0.503461
v 0.133814 4.424657 0.553478
v 0.160086 4.436185 0.542975
v 0.188366 4.424657 0.542124
v 0.130180 4.427770 0.600221
v 0.168788 4.444711 0.584787
v 0.210348 4.427770 0.583535
v 0.139360 4.430810 0.644329
v 0.177968 4.447752 0.628894
v 0.219528 4.430810 0.627643
v 0.161354 4.433778 0.685801
v 0.187626 4.445305 0.675299
v 0.215907 4.433778 0.674447
v 0.197763 4.437373 0.724000
v 0.197763 4.437373 0.724000
v 0.197763 4.437373 0.724000
v 0.294383 4.601046 0.573146
v 0.294383 4.601046 0.573146
v 0.294383 4.601046 0.573146
v 0.278364 4.589920 0.640565
v 0.312316 4.606233 0.626293
v 0.347973 4.589920 0.617077
v 0.280760 4.579683 0.701617
v 0.330655 4.603657 0.680643
v 0.383056 4.579683 0.667100
v 0.299504 4.569343 0.757170
v 0.349399 4.593316 0.736197
v 0.401801 4.569343 0.722653
v 0.334598 4.558898 0.807224
v 0.368550 4.575212 0.792953
v 0.404208 4.558898 0.783736
v 0.388107 4.549343 0.850912
v 0.388107 4.549343 0.850912
v 0.388107 4.549343 0.850912
v 0.331257 4.848377 0.590484
v 0.331257 4.848377 0.590484
v 0.331257 4.848377 0.590484
v 0.347461 4.872246 0.511305
v 0.311048 4.887578 0.539204
v 0.265392 4.872246 0.543648
v 0.342150 4.896952 0.441344
v 0.288639 4.919482 0.482342
v 0.221544 4.896952 0.488874
v 0.317542 4.921560 0.378901
v 0.264031 4.944090 0.419900
v 0.196936 4.921560 0.426432
v 0.273636 4.946070 0.323978
v 0.237223 4.961402 0.351876
v 0.191566 4.946070 0.356321
v 0.208215 4.971416 0.278272
v 0.208215 4.971416 0.278272
v 0.208215 4.971416 0.278272
v 0.331257 4.848377 0.590484
v 0.331257 4.848377 0.590484
v 0.331257 4.848377 0.590484
v 0.268198 4.871034 0.632352
v 0.310878 4.885356 0.637799
v 0.344159 4.871034 0.665070
v 0.225540 4.894472 0.682303
v 0.288262 4.915520 0.690308
v 0.337170 4.894472 0.730384
v 0.200687 4.917818 0.740005
v 0.263409 4.938867 0.748010
v 0.312317 4.917818 0.788086
v 0.193639 4.941073 0.805458
v 0.236319 4.955396 0.810905
v 0.269600 4.941073 0.838175
v 0.206993 4.965109 0.878993
v 0.206993 4.965109 0.878993
v 0.206993 4.965109 0.878993
v 0.331257 4.848377 0.590484
v 0.331257 4.848377 0.590484
v 0.331257 4.848377 0.590484
v 0.423653 4.858187 0.597636
v 0.392375 4.877725 0.558898
v 0.378867 4.858187 0.510976
v 0.503686 4.869062 0.582055
v 0.457722 4.897774 0.525126
v 0.437870 4.869062 0.454703
v 0.573261 4.879813 0.546099
v 0.527297 4.908525 0.489170
v 0.507445 4.879813 0.418746
v 0.632377 4.890440 0.489767
v 0.601100 4.909977 0.451028
v 0.587591 4.890440 0.403107
v 0.679131 4.902131 0.410701
v 0.679131 4.902131 0.410701
v 0.679131 4.902131 0.410701
v 0.465732 4.698679 0.657332
v 0.465732 4.698679 0.657332
v 0.465732 4.698679 0.657332
v 0.427954 4.688416 0.728023
v 0.469912 4.707070 0.721508
v 0.512362 4.688416 0.722525
v 0.412548 4.679170 0.797051
v 0.474209 4.706583 0.787477
v 0.536591 4.679170 0.788972
v 0.416962 4.669805 0.864812
v 0.478623 4.697218 0.855238
v 0.541005 4.669805 0.856733
v 0.441195 4.660321 0.931306
v 0.483153 4.678975 0.924791
v 0.525603 4.660321 0.925808
v 0.487800 4.651854 0.996137
v 0.487800 4.651854 0.996137
v 0.487800 4.651854 0.996137
v 0.465732 4.698679 0.657332
v 0.465732 4.698679 0.657332
v 0.465732 4.698679 0.657332
v 0.549450 4.673061 0.677704
v 0.533645 4.694232 0.633391
v 0.518168 4.673061 0.588963
v 0.624863 4.648597 0.674544
v 0.601637 4.679708 0.609423
v 0.578891 4.648597 0.544133
v 0.692932 4.623998 0.650549
v 0.669706 4.655109 0.585428
v 0.646960 4.623998 0.520137
v 0.753658 4.599265 0.605718
v 0.737853 4.620435 0.561405
v 0.722375 4.599265 0.516977
v 0.806078 4.575685 0.537355
v 0.806078 4.575685 0.537355
v 0.806078 4.575685 0.537355
v 0.465732 4.698679 0.657332
v 0.465732 4.698679 0.657332
v 0.465732 4.698679 0.657332
v 0.429803 4.743804 0.672238
v 0.463445 4.745576 0.666383
v 0.490265 4.743804 0.687518
v 0.410096 4.789025 0.690461
v 0.459534 4.791629 0.681857
v 0.498948 4.789025 0.712916
v 0.404562 4.834235 0.712357
v 0.454000 4.836839 0.703753
v 0.493414 4.834235 0.734812
v 0.413202 4.879433 0.737927
v 0.446843 4.881205 0.732072
v 0.473663 4.879433 0.753207
v 0.438063 4.924728 0.766813
v 0.438063 4.924728 0.766813
v 0.438063 4.924728 0.766813
v 0.350596 4.749247 0.755447
v 0.350596 4.749247 0.755447
v 0.350596 4.749247 0.755447
v 0.274206 4.743869 0.794082
v 0.315341 4.763308 0.812882
v 0.350725 4.743869 0.841051
v 0.218266 4.739551 0.844918
v 0.278718 4.768118 0.872546
v 0.330717 4.739551 0.913943
v 0.180275 4.735108 0.906813
v 0.240726 4.763675 0.934440
v 0.292725 4.735108 0.975837
v 0.160230 4.730542 0.979764
v 0.201365 4.749981 0.998564
v 0.236750 4.730542 1.026733
v 0.160636 4.727036 1.064917
v 0.160636 4.727036 1.064917
v 0.160636 4.727036 1.064917
v 0.350596 4.749247 0.755447
v 0.350596 4.749247 0.755447
v 0.350596 4.749247 0.755447
v 0.393370 4.738333 0.825004
v 0.409303 4.757376 0.784765
v 0.431899 4.738333 0.747853
v 0.446182 4.728457 0.874010
v 0.469596 4.756441 0.814875
v 0.502803 4.728457 0.760631
v 0.508060 4.718460 0.904912
v 0.531475 4.746444 0.845777
v 0.564681 4.718460 0.791533
v 0.579006 4.708341 0.917710
v 0.594939 4.727383 0.877471
v 0.617535 4.708341 0.840559
v 0.659989 4.699260 0.909956
v 0.659989 4.699260 0.909956
v 0.659989 4.699260 0.909956
v 0.350596 4.749247 0.755447
v 0.350596 4.749247 0.755447
v 0.350596 4.749247 0.755447
v 0.315050 4.795097 0.720549
v 0.330807 4.799854 0.755748
v 0.316128 4.795097 0.791410
v 0.280619 4.841207 0.704433
v 0.303775 4.848197 0.756159
v 0.282204 4.841207 0.808567
v 0.246345 4.887286 0.704954
v 0.269501 4.894276 0.756681
v 0.247930 4.887286 0.809089
v 0.212228 4.933335 0.722114
v 0.227985 4.938092 0.757313
v 0.213306 4.933335 0.792975
v 0.179226 4.979643 0.758055
v 0.179226 4.979643 0.758055
v 0.179226 4.979643 0.758055
v 0.000000 4.485897 0.347391
v 0.000000 4.485897 0.347391
v 0.000000 4.485897 0.347391
v 0.014115 4.485866 0.265612
v -0.023745 4.504234 0.287923
v -0.066560 4.485866 0.297826
v 0.006969 4.486836 0.192716
v -0.048670 4.513830 0.225502
v -0.111589 4.486836 0.240056
v -0.019134 4.487689 0.127343
v -0.074773 4.514683 0.160130
v -0.137692 4.487689 0.174683
v -0.064195 4.488426 0.069494
v -0.102055 4.506794 0.091804
v -0.144870 4.488426 0.101707
v -0.130516 4.490163 0.020526
v -0.130516 4.490163 0.020526
v -0.130516 4.490163 0.020526
v 0.000000 4.726585 0.269959
v 0.000000 4.726585 0.269959
v 0.000000 4.726585 0.269959
v 0.023152 4.728540 0.200679
v -0.012650 4.744518 0.215571
v -0.051349 4.728540 0.218007
v 0.026625 4.731366 0.136335
v -0.025989 4.754848 0.158219
v -0.082860 4.731366 0.161799
v 0.012596 4.734091 0.076019
v -0.040017 4.757572 0.097903
v -0.096888 4.734091 0.101483
v -0.018933 4.736714 0.019732
v -0.054735 4.752692 0.034623
v -0.093434 4.736714 0.037060
v -0.070142 4.740208 -0.031620
v -0.070142 4.740208 -0.031620
v -0.070142 4.740208 -0.031620
v -0.115629 4.916998 0.284654
v -0.115629 4.916998 0.284654
v -0.115629 4.916998 0.284654
v -0.116280 4.926731 0.219029
v -0.141372 4.940274 0.244267
v -0.174844 4.926731 0.256358
v -0.132235 4.937201 0.163662
v -0.169110 4.957104 0.200751
v -0.218299 4.937201 0.218521
v -0.161967 4.947586 0.117018
v -0.198842 4.967489 0.154107
v -0.248031 4.947586 0.171877
v -0.205475 4.957885 0.079097
v -0.230567 4.971428 0.104335
v -0.264039 4.957885 0.116426
v -0.264287 4.968922 0.051434
v -0.264287 4.968922 0.051434
v -0.264287 4.968922 0.051434
v -0.115629 4.916998 0.284654
v -0.115629 4.916998 0.284654
v -0.115629 4.916998 0.284654
v -0.189498 4.928236 0.328293
v -0.144811 4.946098 0.340554
v -0.109205 4.928236 0.370210
v -0.241825 4.940445 0.382574
v -0.176155 4.966696 0.400594
v -0.123828 4.940445 0.444174
v -0.275329 4.952543 0.446753
v -0.209659 4.978794 0.464772
v -0.157333 4.952543 0.508353
v -0.290011 4.964526 0.520828
v -0.245324 4.982389 0.533089
v -0.209717 4.964526 0.562745
v -0.283150 4.977483 0.605546
v -0.283150 4.977483 0.605546
v -0.283150 4.977483 0.605546
v -0.115629 4.916998 0.284654
v -0.115629 4.916998 0.284654
v -0.115629 4.916998 0.284654
v -0.046657 4.973186 0.291301
v -0.090215 4.981169 0.265602
v -0.102672 4.973186 0.216585
v 0.006611 5.029809 0.278768
v -0.057401 5.041541 0.241001
v -0.075708 5.029809 0.168968
v 0.046826 5.086382 0.248619
v -0.017186 5.098113 0.210851
v -0.035493 5.086382 0.138818
v 0.073988 5.142904 0.200853
v 0.030430 5.150887 0.175153
v 0.017973 5.142904 0.126137
v 0.085447 5.199860 0.133906
v 0.085447 5.199860 0.133906
v 0.085447 5.199860 0.133906
v -0.054047 4.961158 0.273158
v -0.054047 4.961158 0.273158
v -0.054047 4.961158 0.273158
v -0.032289 4.972382 0.186670
v -0.074035 4.990998 0.210589
v -0.121917 4.972382 0.215303
v -0.034134 4.984621 0.108299
v -0.095484 5.011978 0.143450
v -0.165849 4.984621 0.150377
v -0.057043 4.996741 0.036589
v -0.118392 5.024098 0.071740
v -0.188758 4.996741 0.078667
v -0.101014 5.008743 -0.028459
v -0.142760 5.027359 -0.004539
v -0.190642 5.008743 0.000174
v -0.168589 5.021759 -0.085389
v -0.168589 5.021759 -0.085389
v -0.168589 5.021759 -0.085389
v -0.054047 4.961158 0.273158
v -0.054047 4.961158 0.273158
v -0.054047 4.961158 0.273158
v -0.123547 4.978813 0.332867
v -0.073365 4.997278 0.335857
v -0.030201 4.978813 0.361627
v -0.168099 4.997475 0.399582
v -0.094352 5.024611 0.403977
v -0.030920 4.997475 0.441847
v -0.190756 5.016020 0.473123
v -0.117010 5.043156 0.477517
v -0.053578 5.016020 0.515388
v -0.191520 5.034447 0.553488
v -0.141338 5.052912 0.556478
v -0.098174 5.034447 0.582248
v -0.167336 5.053881 0.640860
v -0.167336 5.053881 0.640860
v -0.167336 5.053881 0.640860
v -0.054047 4.961158 0.273158
v -0.054047 4.961158 0.273158
v -0.054047 4.961158 0.273158
v -0.000749 4.980310 0.271971
v -0.025283 4.990006 0.252969
v -0.034815 4.980310 0.223437
v 0.043105 4.999992 0.258200
v 0.007050 5.014241 0.230275
v -0.006957 4.999992 0.186875
v 0.079009 5.019611 0.232999
v 0.042954 5.033860 0.205074
v 0.028947 5.019611 0.161674
v 0.106962 5.039170 0.196370
v 0.082428 5.048865 0.177368
v 0.072896 5.039170 0.147835
v 0.125472 5.059256 0.147156
v 0.125472 5.059256 0.147156
v 0.125472 5.059256 0.147156
v 0.142226 4.913519 0.209820
v 0.142226 4.913519 0.209820
v 0.142226 4.913519 0.209820
v 0.162913 4.917301 0.260795
v 0.175623 4.929107 0.234324
v 0.197059 4.917301 0.214256
v 0.192419 4.921726 0.299252
v 0.211097 4.939076 0.260352
v 0.242599 4.921726 0.230861
v 0.229969 4.926076 0.326804
v 0.248647 4.943426 0.287903
v 0.280149 4.926076 0.258413
v 0.275564 4.930351 0.343449
v 0.288274 4.942157 0.316979
v 0.309710 4.930351 0.296911
v 0.329977 4.935270 0.347578
v 0.329977 4.935270 0.347578
v 0.329977 4.935270 0.347578
v 0.142226 4.913519 0.209820
v 0.142226 4.913519 0.209820
v 0.142226 4.913519 0.209820
v 0.208034 4.905649 0.161252
v 0.166430 4.924462 0.149457
v 0.128202 4.905649 0.129242
v 0.252577 4.898806 0.104425
v 0.191437 4.926453 0.087091
v 0.135259 4.898806 0.057383
v 0.278388 4.891842 0.040055
v 0.217248 4.919489 0.022721
v 0.161070 4.891842 -0.006987
v 0.285466 4.884758 -0.031858
v 0.243862 4.903572 -0.043653
v 0.205635 4.884758 -0.063868
v 0.271280 4.878701 -0.112030
v 0.271280 4.878701 -0.112030
v 0.271280 4.878701 -0.112030
v 0.142226 4.913519 0.209820
v 0.142226 4.913519 0.209820
v 0.142226 4.913519 0.209820
v 0.112171 4.948415 0.249669
v 0.143421 4.955091 0.235505
v 0.175852 4.948415 0.246706
v 0.098972 4.983675 0.288041
v 0.144897 4.993484 0.267226
v 0.192557 4.983675 0.283686
v 0.100729 5.018893 0.325798
v 0.146654 5.028702 0.304983
v 0.194314 5.018893 0.321443
v 0.117442 5.054068 0.362940
v 0.148692 5.060743 0.348776
v 0.181123 5.054068 0.359976
v 0.151011 5.089608 0.398604
v 0.151011 5.089608 0.398604
v 0.151011 5.089608 0.398604
vn 0.000000 1.000000 0.000000
vn 0.258132 0.909141 -0.326848
vn -0.358019 0.909141 0.212800
vn 0.214859 0.902815 -0.372506
vn -0.021996 0.978499 -0.205075
vn -0.413693 0.899087 0.143178
vn 0.139248 0.883743 -0.446775
vn -0.170004 0.957974 -0.231052
vn -0.480871 0.875292 0.051261
vn 0.058690 0.852943 -0.518693
vn -0.278664 0.917837 -0.282705
vn -0.538377 0.841924 -0.036246
vn -0.016120 0.815088 -0.579113
vn -0.399011 0.868166 -0.295090
vn -0.581669 0.806030 -0.109434
vn -0.067445 0.784020 -0.617060
vn -0.602788 0.784020 -0.148187
vn 0.000000 1.000000 0.000000
vn 0.000000 1.000000 0.000000
vn 0.379071 0.910814 -0.163473
vn -0.326218 0.910813 0.252984
vn 0.344850 0.913332 -0.216570
vn 0.086649 0.992481 -0.086447
vn -0.368330 0.913303 0.173811
vn 0.283436 0.909218 -0.304938
vn -0.054881 0.988513 -0.140819
vn -0.418481 0.905589 0.069150
vn 0.215899 0.893695 -0.393315
vn -0.154422 0.964201 -0.215572
vn -0.460680 0.887038 -0.030626
vn 0.151336 0.869447 -0.470276
vn -0.273489 0.927400 -0.255212
vn -0.491832 0.863174 -0.114155
vn 0.106031 0.847404 -0.520254
vn -0.506767 0.847404 -0.158411
vn 0.000000 1.000000 0.000000
vn 0.000000 1.000000 0.000000
vn 0.178532 0.876432 -0.447207
vn -0.479861 0.876432 0.040013
vn 0.140628 0.857856 -0.494275
vn -0.117693 0.926133 -0.358365
vn -0.527415 0.849044 -0.030957
vn 0.074832 0.818353 -0.569823
vn -0.259302 0.882965 -0.391324
vn -0.582709 0.803390 -0.122535
vn 0.005303 0.767056 -0.641558
vn -0.357367 0.821870 -0.443642
vn -0.627722 0.750256 -0.207561
vn -0.058752 0.711293 -0.700436
vn -0.469440 0.755733 -0.456611
vn -0.659679 0.698616 -0.277055
vn -0.102413 0.668565 -0.736568
vn -0.674462 0.668565 -0.313243
vn 0.000000 1.000000 0.000000
vn 0.000000 1.000000 0.000000
vn -0.548633 0.835936 -0.014575
vn 0.047831 0.835936 0.546739
vn -0.586202 0.809647 0.028952
vn -0.412390 0.871551 0.265206
vn -0.010608 0.797658 0.603017
vn -0.644742 0.757463 0.102751
vn -0.415153 0.814317 0.405629
vn -0.086200 0.738509 0.668711
vn -0.697817 0.693694 0.178435
vn -0.443165 0.740656 0.505008
vn -0.156569 0.673427 0.722483
vn -0.738892 0.627271 0.246112
vn -0.429652 0.665032 0.610845
vn -0.214227 0.612467 0.760914
vn -0.762550 0.577733 0.291104
vn -0.244307 0.577734 0.778805
vn 0.000000 1.000000 0.000000
vn 0.000000 1.000000 0.000000
vn 0.577169 0.796163 -0.181661
vn 0.229395 0.796163 0.559913
vn 0.525738 0.826057 -0.203052
vn 0.418956 0.905640 0.065517
vn 0.159155 0.837614 0.522564
vn 0.433370 0.869334 -0.237588
vn 0.280680 0.954069 0.104744
vn 0.066230 0.881292 0.467908
vn 0.331699 0.903723 -0.270668
vn 0.157188 0.982541 0.099522
vn -0.022414 0.911613 0.410438
vn 0.234431 0.925300 -0.298098
vn 0.030560 0.990895 0.131120
vn -0.096673 0.928577 0.358329
vn 0.166126 0.934404 -0.315106
vn -0.136039 0.934404 0.329216
vn 0.000000 1.000000 0.000000
vn 0.000000 1.000000 0.000000
vn 0.554995 0.825319 0.104063
vn -0.132796 0.825320 0.548828
vn 0.521641 0.851256 0.057034
vn 0.285768 0.931856 0.223563
vn -0.174058 0.861123 0.477672
vn 0.460082 0.887565 -0.023523
vn 0.146017 0.972588 0.180973
vn -0.225435 0.897199 0.379754
vn 0.390210 0.914461 -0.107231
vn 0.043112 0.993030 0.109696
vn -0.271188 0.920139 0.282491
vn 0.321552 0.929024 -0.183081
vn -0.081211 0.994296 0.069138
vn -0.307093 0.930823 0.198148
vn 0.272377 0.933284 -0.234076
vn -0.325217 0.933284 0.152362
vn 0.000000 1.000000 0.000000
vn 0.000000 1.000000 0.000000
vn -0.290800 0.912159 -0.288793
vn 0.312395 0.912159 0.265283
vn -0.331721 0.912182 -0.240592
vn -0.134379 0.990506 -0.028977
vn 0.248826 0.911106 0.328589
vn -0.398301 0.903829 -0.156362
vn -0.145171 0.981849 0.122055
vn 0.163495 0.898830 0.406663
vn -0.462798 0.883958 -0.066610
vn -0.187103 0.953017 0.238226
vn 0.080818 0.876055 0.475391
vn -0.517011 0.855815 0.016752
vn -0.189457 0.912503 0.362553
vn 0.010594 0.848742 0.528701
vn -0.551076 0.831172 0.073951
vn -0.026992 0.831172 0.555361
vn 0.000000 1.000000 0.000000
vn 0.000000 1.000000 0.000000
vn -0.165863 0.318132 0.933425
vn -0.831270 0.318132 0.455831
vn -0.154435 0.376957 0.913265
vn -0.426570 0.426354 0.797659
vn -0.808380 0.401182 0.430784
vn -0.133567 0.473590 0.870559
vn -0.473187 0.533542 0.701018
vn -0.769042 0.503972 0.393175
vn -0.110159 0.568495 0.815278
vn -0.472043 0.629079 0.617604
vn -0.722302 0.594855 0.352742
vn -0.087385 0.649520 0.755306
vn -0.497140 0.701012 0.511306
vn -0.676293 0.665658 0.315481
vn -0.071191 0.701189 0.709412
vn -0.649330 0.701189 0.294456
vn 0.000000 1.000000 0.000000
vn 0.000000 1.000000 0.000000
vn 0.324055 0.903672 -0.279937
vn -0.425179 0.903672 0.050983
vn 0.296577 0.893936 -0.336036
vn 0.018873 0.967871 -0.250739
vn -0.457235 0.888789 -0.031469
vn 0.247090 0.869143 -0.428411
vn -0.114094 0.941007 -0.318573
vn -0.493293 0.858859 -0.137926
vn 0.192435 0.832557 -0.519440
vn -0.201413 0.894919 -0.398187
vn -0.521235 0.819897 -0.236819
vn 0.139984 0.789606 -0.597434
vn -0.311416 0.840506 -0.443363
vn -0.539843 0.779514 -0.317690
vn 0.103068 0.755199 -0.647342
vn -0.547909 0.755199 -0.359820
vn 0.000000 1.000000 0.000000
vn 0.000000 1.000000 0.000000
vn -0.133994 0.910884 -0.390302
vn 0.225178 0.910884 0.345812
vn -0.189641 0.913316 -0.360402
vn -0.080514 0.992439 -0.092643
vn 0.142915 0.913251 0.381508
vn -0.282597 0.909055 -0.306199
vn -0.145941 0.988309 0.044123
vn 0.034613 0.905379 0.423192
vn -0.376034 0.893382 -0.245900
vn -0.228323 0.963841 0.137403
vn -0.068167 0.886683 0.457326
vn -0.457845 0.869000 -0.187662
vn -0.277244 0.926911 0.252927
vn -0.153883 0.862699 0.481737
vn -0.511246 0.846862 -0.146469
vn -0.199178 0.846862 0.493106
vn 0.000000 1.000000 0.000000
vn 0.000000 1.000000 0.000000
vn 0.438661 0.431801 0.788114
vn -0.379850 0.431802 0.818084
vn 0.435063 0.486933 0.757375
vn 0.148866 0.544701 0.825312
vn -0.377498 0.509476 0.773258
vn 0.424940 0.576269 0.698098
vn 0.052309 0.643887 0.763330
vn -0.369930 0.604011 0.705919
vn 0.409135 0.662299 0.627669
vn 0.001676 0.729196 0.684303
vn -0.358177 0.685843 0.633505
vn 0.390026 0.734106 0.555849
vn -0.083601 0.790669 0.606510
vn -0.344958 0.748192 0.566756
vn 0.374478 0.778917 0.503045
vn -0.336686 0.778918 0.529084
vn 0.000000 1.000000 0.000000
vn 0.000000 1.000000 0.000000
vn 0.526704 0.813477 0.246654
vn -0.242240 0.813477 0.528748
vn 0.504815 0.841108 0.194163
vn 0.238843 0.921323 0.306788
vn -0.266417 0.851695 0.451262
vn 0.462928 0.880384 0.103057
vn 0.112362 0.965333 0.235598
vn -0.294548 0.891005 0.345473
vn 0.413535 0.910463 0.006794
vn 0.027938 0.989184 0.143995
vn -0.317470 0.917082 0.241193
vn 0.363457 0.928005 -0.081891
vn -0.084348 0.993450 0.077085
vn -0.333760 0.930430 0.151338
vn 0.326793 0.934317 -0.142330
vn -0.341306 0.934317 0.102769
vn 0.000000 1.000000 0.000000
vn 0.000000 1.000000 0.000000
vn 0.585581 0.726840 0.358886
vn -0.174402 0.726840 0.664295
vn 0.564281 0.764151 0.312507
vn 0.307115 0.840561 0.446249
vn -0.197902 0.778890 0.595118
vn 0.522844 0.820615 0.230707
vn 0.182106 0.903546 0.387869
vn -0.225981 0.837004 0.498354
vn 0.473176 0.869357 0.142561
vn 0.097201 0.947528 0.304535
vn -0.249707 0.881521 0.400707
vn 0.422186 0.904532 0.059842
vn -0.016182 0.969817 0.243298
vn -0.267306 0.910693 0.314938
vn 0.384530 0.923109 0.002624
vn -0.275784 0.923109 0.267980
vn 0.000000 1.000000 0.000000
vn 0.000000 1.000000 0.000000
vn 0.435535 0.894600 -0.100000
vn -0.222730 0.894600 0.387404
vn 0.396567 0.905919 -0.148476
vn 0.159961 0.986981 0.016787
vn -0.272099 0.909591 0.314018
vn 0.326599 0.916850 -0.229607
vn 0.013916 0.999659 -0.022111
vn -0.332805 0.918118 0.215173
vn 0.249611 0.916921 -0.311368
vn -0.094192 0.991662 -0.087950
vn -0.386044 0.914762 0.119083
vn 0.175973 0.906767 -0.383154
vn -0.219239 0.968459 -0.118407
vn -0.427171 0.903403 0.037247
vn 0.124273 0.894176 -0.430122
vn -0.447666 0.894176 -0.006638
vn 0.000000 1.000000 0.000000
vn 0.000000 1.000000 0.000000
vn -0.160536 0.860924 -0.482741
vn 0.508627 0.860924 -0.010424
vn -0.193098 0.880800 -0.432324
vn 0.044560 0.962181 -0.268742
vn 0.456115 0.888090 0.057051
vn -0.246732 0.906523 -0.342548
vn 0.055081 0.991214 -0.120250
vn 0.382614 0.912650 0.143791
vn -0.299608 0.922145 -0.244711
vn 0.026463 0.999645 0.003024
vn 0.308397 0.924513 0.223978
vn -0.344940 0.926246 -0.151935
vn 0.035426 0.990460 0.133170
vn 0.243169 0.925851 0.289256
vn -0.373963 0.923333 -0.087227
vn 0.207442 0.923333 0.323148
vn 0.000000 1.000000 0.000000
vn 0.000000 1.000000 0.000000
vn -0.595924 0.534538 0.599286
vn -0.824117 0.534538 -0.187352
vn -0.560225 0.585091 0.586359
vn -0.687904 0.649965 0.323007
vn -0.770554 0.605600 -0.198732
vn -0.494323 0.665739 0.558961
vn -0.639198 0.739596 0.210768
vn -0.691927 0.690417 -0.211096
vn -0.419499 0.741605 0.523491
vn -0.564682 0.813437 0.139480
vn -0.609013 0.761992 -0.220161
vn -0.345952 0.803168 0.485014
vn -0.502827 0.863646 0.035769
vn -0.533676 0.815008 -0.225725
vn -0.293267 0.840506 0.455570
vn -0.491536 0.840506 -0.227909
vn 0.000000 1.000000 0.000000
vn 0.000000 1.000000 0.000000
vn -0.417359 0.893406 0.166244
vn 0.151682 0.893406 -0.422869
vn -0.371002 0.905133 0.207587
vn -0.165219 0.986243 0.005257
vn 0.212378 0.908975 -0.358691
vn -0.288689 0.916766 0.276041
vn -0.014823 0.999700 0.019525
vn 0.288493 0.918264 -0.271224
vn -0.199285 0.917571 0.344018
vn 0.102693 0.992474 0.066711
vn 0.356842 0.915624 -0.185190
vn -0.114788 0.908086 0.402745
vn 0.231153 0.969923 0.076270
vn 0.410928 0.904861 -0.111192
vn -0.056005 0.895948 0.440615
vn 0.438409 0.895948 -0.071241
vn 0.000000 1.000000 0.000000
vn 0.000000 1.000000 0.000000
vn 0.135233 0.869135 0.475727
vn -0.491931 0.869135 -0.051070
vn 0.172258 0.887304 0.427806
vn -0.049348 0.968746 0.243097
vn -0.433471 0.893868 -0.114465
vn 0.233679 0.910058 0.342329
vn -0.046875 0.994501 0.093655
vn -0.352539 0.915206 -0.195228
vn 0.294831 0.922543 0.248977
vn -0.007897 0.999606 -0.026925
vn -0.271673 0.923995 -0.269121
vn 0.347833 0.923756 0.160273
vn -0.006101 0.987558 -0.157135
vn -0.201190 0.922758 -0.328695
vn 0.382115 0.918871 0.098303
vn -0.162797 0.918872 -0.359406
vn 0.000000 1.000000 0.000000
vn 0.000000 1.000000 0.000000
vn 0.102523 0.462522 -0.880660
vn 0.780351 0.462522 -0.420864
vn 0.086067 0.516419 -0.852000
vn 0.355770 0.576363 -0.735685
vn 0.750284 0.538411 -0.383650
vn 0.057271 0.603387 -0.795389
vn 0.394869 0.672948 -0.625475
vn 0.702341 0.630289 -0.330837
vn 0.026538 0.686615 -0.726537
vn 0.387159 0.755071 -0.529128
vn 0.648302 0.709280 -0.276814
vn -0.002044 0.755565 -0.655070
vn 0.408637 0.813373 -0.414053
vn 0.596852 0.769024 -0.228844
vn -0.021677 0.798283 -0.601892
vn 0.567257 0.798283 -0.202396
vn 0.000000 1.000000 0.000000
vn 0.000000 1.000000 0.000000
vn 0.574401 0.442349 0.688760
vn -0.224756 0.442348 0.868224
vn 0.565073 0.497068 0.658495
vn 0.296005 0.555588 0.776983
vn -0.230882 0.519427 0.822733
vn 0.544002 0.585608 0.600936
vn 0.189441 0.653899 0.732481
vn -0.236054 0.613066 0.753942
vn 0.515312 0.670695 0.533499
vn 0.124936 0.738136 0.662983
vn -0.238006 0.693946 0.679553
vn 0.483157 0.741547 0.465475
vn 0.026670 0.798544 0.601346
vn -0.237422 0.755422 0.610711
vn 0.458066 0.785653 0.415842
vn -0.236282 0.785654 0.571768
vn 0.000000 1.000000 0.000000
vn 0.000000 1.000000 0.000000
vn -0.401727 0.907742 -0.120911
vn 0.415119 0.907742 -0.060667
vn -0.403894 0.912969 -0.057934
vn -0.117346 0.992870 -0.020939
vn 0.404563 0.914075 0.028205
vn -0.403867 0.913464 0.049756
vn -0.032117 0.994005 0.104510
vn 0.386042 0.911331 0.142997
vn -0.398850 0.902698 0.161418
vn 0.006936 0.974654 0.223609
vn 0.363740 0.897409 0.249700
vn -0.389786 0.882729 0.262406
vn 0.082013 0.941951 0.325579
vn 0.341605 0.877336 0.337027
vn -0.381142 0.863537 0.330205
vn 0.328575 0.863536 0.382548
vn 0.000000 1.000000 0.000000
vn 0.000000 1.000000 0.000000
vn -0.481099 0.781367 0.397504
vn -0.460406 0.781367 -0.421298
vn -0.426399 0.813043 0.396415
vn -0.439018 0.892023 0.107510
vn -0.382456 0.825363 -0.415335
vn -0.329386 0.859471 0.390914
vn -0.329758 0.943930 0.016016
vn -0.276875 0.872483 -0.402634
vn -0.224161 0.897266 0.380350
vn -0.215547 0.976068 -0.028819
vn -0.173649 0.906167 -0.385626
vn -0.124812 0.922052 0.366390
vn -0.112589 0.987687 -0.108616
vn -0.085308 0.926007 -0.367741
vn -0.055757 0.933381 0.354528
vn -0.037777 0.933381 -0.356892
vn 0.000000 1.000000 0.000000
vn 0.000000 1.000000 0.000000
vn -0.094292 0.912007 -0.399189
vn 0.138362 0.912007 0.386133
vn -0.154161 0.912517 -0.378876
vn -0.093059 0.991013 -0.096093
vn 0.051300 0.911645 0.407764
vn -0.254622 0.904989 -0.340825
vn -0.180004 0.983269 0.027938
vn -0.062117 0.900256 0.430907
vn -0.356228 0.885962 -0.296939
vn -0.275897 0.955313 0.106104
vn -0.168533 0.878301 0.447419
vn -0.445780 0.858576 -0.253234
vn -0.342107 0.915519 0.211630
vn -0.256361 0.851660 0.457115
vn -0.504569 0.834441 -0.221628
vn -0.302426 0.834441 0.460703
vn 0.000000 1.000000 0.000000
vn 0.000000 1.000000 0.000000
vn -0.034964 0.903134 -0.427934
vn 0.273853 0.903134 0.330688
vn -0.092084 0.910991 -0.402014
vn 0.005150 0.991486 -0.130111
vn 0.189872 0.913205 0.360563
vn -0.188451 0.915985 -0.354199
vn -0.069258 0.997597 0.001912
vn 0.078774 0.915316 0.394958
vn -0.286609 0.909876 -0.299968
vn -0.159291 0.983115 0.090068
vn -0.027195 0.905929 0.422555
vn -0.373755 0.894112 -0.246718
vn -0.218492 0.954468 0.203105
vn -0.115967 0.889587 0.441799
vn -0.431344 0.877743 -0.208589
vn -0.163026 0.877743 0.450543
vn 0.000000 1.000000 0.000000
vn 0.000000 1.000000 0.000000
vn -0.145016 0.875332 -0.461263
vn -0.352342 0.875332 0.331132
vn -0.203977 0.856498 -0.474137
vn -0.320255 0.924584 -0.206351
vn -0.433772 0.847579 0.305699
vn -0.302442 0.816566 -0.491679
vn -0.451050 0.880940 -0.143176
vn -0.534082 0.801468 0.269084
vn -0.401375 0.764843 -0.503899
vn -0.559991 0.819412 -0.122369
vn -0.622243 0.747923 0.231140
vn -0.487958 0.708710 -0.509535
vn -0.655149 0.752942 -0.062120
vn -0.690502 0.695957 0.197107
vn -0.544449 0.665744 -0.510256
vn -0.724585 0.665743 0.178221
vn 0.000000 1.000000 0.000000
vn 0.000000 1.000000 0.000000
vn -0.466714 0.849897 0.244648
vn 0.336376 0.849897 0.405618
vn -0.475779 0.825933 0.302440
vn -0.202818 0.889909 0.408567
vn 0.316249 0.814899 0.485723
vn -0.486827 0.777550 0.398016
vn -0.131336 0.836890 0.531381
vn 0.286380 0.759786 0.583706
vn -0.492334 0.717494 0.492757
vn -0.103121 0.766954 0.633362
vn 0.254595 0.698256 0.669044
vn -0.491919 0.654225 0.574461
vn -0.036266 0.694108 0.718956
vn 0.225517 0.640047 0.734495
vn -0.488589 0.606688 0.627065
vn 0.209180 0.606687 0.766925
vn 0.000000 1.000000 0.000000
vn 0.000000 1.000000 0.000000
vn 0.844713 0.535197 -0.004984
vn 0.451854 0.535197 0.713718
vn 0.810242 0.585718 -0.021012
vn 0.715035 0.650636 0.255729
vn 0.405789 0.606212 0.683989
vn 0.744130 0.666302 -0.048091
vn 0.601287 0.740197 0.300935
vn 0.341249 0.690957 0.637282
vn 0.666008 0.742090 -0.075731
vn 0.498128 0.813952 0.298915
vn 0.276014 0.762454 0.585219
vn 0.586679 0.803581 -0.100329
vn 0.381098 0.864084 0.328822
vn 0.218627 0.815408 0.536016
vn 0.528518 0.840874 -0.116616
vn 0.187179 0.840874 0.507834
vn 0.000000 1.000000 0.000000
vn 0.000000 1.000000 0.000000
vn -0.156896 0.868995 -0.469289
vn 0.494037 0.868995 0.027840
vn -0.191655 0.887196 -0.419705
vn 0.038308 0.968637 -0.245510
vn 0.438587 0.893772 0.093874
vn -0.249038 0.910001 -0.331480
vn 0.042781 0.994449 -0.096126
vn 0.361500 0.915166 0.178296
vn -0.305790 0.922541 -0.235395
vn 0.009439 0.999614 0.026138
vn 0.284144 0.924010 0.255865
vn -0.354620 0.923805 -0.144321
vn 0.013681 0.987615 0.156297
vn 0.216503 0.922818 0.318641
vn -0.385984 0.918957 -0.080836
vn 0.179583 0.918957 0.351095
vn 0.000000 1.000000 0.000000
vn 0.000000 1.000000 0.000000
vn -0.313993 0.905573 0.285214
vn 0.127823 0.905573 -0.404474
vn -0.259755 0.912153 0.317024
vn -0.092270 0.992376 0.081702
vn 0.200813 0.913828 -0.352977
vn -0.165064 0.914960 0.368243
vn 0.058585 0.996069 0.066439
vn 0.292981 0.913578 -0.282023
vn -0.064291 0.906584 0.417100
vn 0.182253 0.979215 0.089005
vn 0.376442 0.901984 -0.211463
vn 0.029176 0.888772 0.457420
vn 0.308237 0.948590 0.071884
vn 0.443047 0.883824 -0.150211
vn 0.093239 0.871028 0.482303
vn 0.477112 0.871028 -0.116935
vn 0.000000 1.000000 0.000000
vn 0.000000 1.000000 0.000000
vn 0.713648 0.492234 0.498409
vn -0.016109 0.492235 0.870313
vn 0.695559 0.544832 0.468355
vn 0.462503 0.606838 0.646405
vn -0.035502 0.566244 0.823473
vn 0.658376 0.629328 0.412901
vn 0.345450 0.700707 0.624239
vn -0.060204 0.655358 0.752915
vn 0.611473 0.709659 0.349978
vn 0.263380 0.779557 0.568262
vn -0.082798 0.731422 0.676879
vn 0.561491 0.775685 0.288167
vn 0.151237 0.834638 0.529629
vn -0.101008 0.788504 0.606679
vn 0.523656 0.816272 0.243892
vn -0.110393 0.816273 0.567020
vn 0.000000 1.000000 0.000000
vn 0.000000 1.000000 0.000000
vn -0.303837 0.908685 -0.286311
vn 0.171820 0.908686 0.380485
vn -0.353548 0.901993 -0.247815
vn -0.210876 0.977501 0.004783
vn 0.097045 0.898113 0.428923
vn -0.434879 0.882308 -0.180035
vn -0.251351 0.956297 0.149398
vn -0.000982 0.873661 0.486535
vn -0.514308 0.850887 -0.107140
vn -0.313370 0.915518 0.252242
vn -0.093623 0.839689 0.534937
vn -0.581696 0.812478 -0.038839
vn -0.337436 0.865331 0.370593
vn -0.170583 0.803310 0.570610
vn -0.624410 0.781052 0.008343
vn -0.211135 0.781052 0.587690
vn 0.000000 1.000000 0.000000
vn 0.000000 1.000000 0.000000
vn -0.185371 0.900988 0.392247
vn 0.389406 0.900989 -0.191265
vn -0.139312 0.890004 0.434148
vn 0.088533 0.963239 0.253638
vn 0.449347 0.884338 -0.126621
vn -0.059660 0.863125 0.501454
vn 0.236733 0.934064 0.267360
vn 0.521621 0.852174 -0.041356
vn 0.024127 0.824440 0.565434
vn 0.346552 0.885826 0.308568
vn 0.583435 0.811187 0.039738
vn 0.100983 0.779646 0.618025
vn 0.464675 0.829706 0.309298
vn 0.629926 0.769179 0.107503
vn 0.153188 0.744029 0.650349
vn 0.652586 0.744029 0.143363
vn 0.000000 1.000000 0.000000
vn 0.000000 1.000000 0.000000
vn 0.241469 0.364848 -0.899210
vn 0.858442 0.364848 -0.360504
vn 0.226063 0.422313 -0.877808
vn 0.484112 0.475209 -0.734719
vn 0.830292 0.445913 -0.334330
vn 0.197764 0.516212 -0.833315
vn 0.517486 0.579403 -0.629683
vn 0.783877 0.545595 -0.296417
vn 0.165818 0.607739 -0.776633
vn 0.505015 0.671014 -0.542862
vn 0.730267 0.633017 -0.256904
vn 0.134567 0.685214 -0.715803
vn 0.517354 0.738874 -0.431752
vn 0.678411 0.700557 -0.221311
vn 0.112255 0.734223 -0.669564
vn 0.648315 0.734223 -0.201506
vn 0.000000 1.000000 0.000000
vn 0.000000 1.000000 0.000000
vn 0.502159 0.763275 0.406507
vn -0.299966 0.763276 0.572216
vn 0.488927 0.796969 0.354670
vn 0.211022 0.875151 0.435408
vn -0.311512 0.810152 0.496602
vn 0.461915 0.846971 0.263200
vn 0.097523 0.931004 0.351740
vn -0.322740 0.861181 0.392691
vn 0.428044 0.888647 0.164576
vn 0.028190 0.967332 0.251941
vn -0.329338 0.898703 0.289600
vn 0.392094 0.917107 0.071957
vn -0.072794 0.982705 0.170272
vn -0.331808 0.921840 0.200286
vn 0.364959 0.930990 0.007856
vn -0.331969 0.930991 0.151833
vn 0.000000 1.000000 0.000000
vn 0.000000 1.000000 0.000000
vn 0.482001 0.822586 0.301708
vn -0.319503 0.822586 0.470394
vn 0.467758 0.848924 0.246028
vn 0.187987 0.929438 0.317498
vn -0.332466 0.858962 0.389424
vn 0.439218 0.885936 0.149012
vn 0.072847 0.970949 0.227930
vn -0.345280 0.895805 0.279848
vn 0.404033 0.913587 0.046011
vn 0.002358 0.992198 0.124651
vn -0.353097 0.919488 0.172812
vn 0.367144 0.928856 -0.049307
vn -0.099165 0.994174 0.042236
vn -0.356369 0.930804 0.081274
vn 0.339516 0.933603 -0.114519
vn -0.356874 0.933603 0.032045
vn 0.000000 1.000000 0.000000
vn 0.000000 1.000000 0.000000
vn 0.399475 0.899988 -0.174475
vn -0.193393 0.899988 0.390668
vn 0.354565 0.909261 -0.218008
vn 0.138400 0.990018 -0.026653
vn -0.251784 0.912070 0.323624
vn 0.274881 0.916677 -0.290075
vn -0.011578 0.998808 -0.047426
vn -0.324407 0.916797 0.232901
vn 0.188411 0.913085 -0.361630
vn -0.126780 0.986964 -0.099138
vn -0.389016 0.909865 0.144262
vn 0.106714 0.899602 -0.423472
vn -0.254078 0.960525 -0.113296
vn -0.439668 0.895548 0.068447
vn 0.049906 0.884767 -0.463353
vn -0.465211 0.884767 0.027674
vn 0.000000 1.000000 0.000000
vn 0.000000 1.000000 0.000000
vn -0.147113 0.896323 -0.418285
vn 0.400055 0.896323 0.191209
vn -0.191790 0.907027 -0.374858
vn -0.005597 0.988006 -0.154313
vn 0.331533 0.910439 0.247359
vn -0.266058 0.916902 -0.297497
vn -0.030675 0.999516 -0.005173
vn 0.238774 0.917825 0.317152
vn -0.340214 0.915870 -0.213159
vn -0.085993 0.990360 0.108596
vn 0.148145 0.913391 0.379169
vn -0.404674 0.904713 -0.133165
vn -0.104375 0.966181 0.235796
vn 0.070629 0.901141 0.427733
vn -0.446474 0.891446 -0.077361
vn 0.028937 0.891446 0.452202
vn 0.000000 1.000000 0.000000
vn 0.000000 1.000000 0.000000
vn 0.010923 0.624055 0.781304
vn -0.692560 0.624055 0.361823
vn 0.031335 0.669391 0.742249
vn -0.237252 0.739989 0.629387
vn -0.656769 0.687610 0.309592
vn 0.065784 0.740383 0.668958
vn -0.272703 0.818991 0.504862
vn -0.602527 0.761721 0.238207
vn 0.100889 0.805259 0.584277
vn -0.262434 0.880627 0.394492
vn -0.543780 0.822283 0.167792
vn 0.132071 0.855994 0.499831
vn -0.285066 0.919220 0.271609
vn -0.489348 0.865492 0.107067
vn 0.152690 0.885574 0.438686
vn -0.458531 0.885574 0.074220
vn 0.000000 1.000000 0.000000
vn 0.000000 1.000000 0.000000
vn 0.406208 0.795009 0.450506
vn -0.412831 0.795009 0.444445
vn 0.404149 0.825049 0.394915
vn 0.115535 0.904584 0.410340
vn -0.408253 0.836667 0.365127
vn 0.396927 0.868579 0.296681
vn 0.022114 0.953292 0.301238
vn -0.397432 0.880621 0.257983
vn 0.384494 0.903240 0.190586
vn -0.024748 0.982059 0.186942
vn -0.382264 0.911212 0.153517
vn 0.368765 0.925076 0.090810
vn -0.106370 0.990676 0.085126
vn -0.365953 0.928408 0.064321
vn 0.355672 0.934360 0.021670
vn -0.355954 0.934360 0.016404
vn 0.000000 1.000000 0.000000
vn 0.000000 1.000000 0.000000
vn -0.515983 0.717084 -0.468563
vn 0.285855 0.717084 -0.635671
vn -0.503298 0.755285 -0.419803
vn -0.226897 0.831195 -0.507575
vn 0.296645 0.770410 -0.564332
vn -0.477081 0.813341 -0.332971
vn -0.114320 0.895932 -0.429228
vn 0.307070 0.830266 -0.465152
vn -0.443854 0.863826 -0.238323
vn -0.045542 0.941810 -0.333045
vn 0.313107 0.876513 -0.365635
vn -0.408325 0.900669 -0.148547
vn 0.055234 0.965828 -0.253232
vn 0.315257 0.907185 -0.278618
vn -0.381380 0.920416 -0.085929
vn 0.315305 0.920416 -0.231122
vn 0.000000 1.000000 0.000000
vn 0.000000 1.000000 0.000000
vn -0.080637 0.864816 0.495571
vn -0.441054 0.864816 -0.239926
vn -0.027650 0.883901 0.466855
vn -0.156695 0.965318 0.208823
vn -0.362297 0.890856 -0.274075
vn 0.062782 0.908252 0.413688
vn -0.094330 0.992837 0.073332
vn -0.255901 0.913927 -0.315043
vn 0.156304 0.922422 0.353138
vn -0.009971 0.999727 -0.021132
vn -0.152177 0.924366 -0.349842
vn 0.240631 0.925185 0.293480
vn 0.044500 0.989214 -0.139555
vn -0.063619 0.924510 -0.375812
vn 0.297105 0.921358 0.250656
vn -0.016045 0.921358 -0.388385
vn 0.000000 1.000000 0.000000
vn 0.000000 1.000000 0.000000
vn 0.069675 0.868550 -0.490680
vn 0.431231 0.868550 0.244257
vn 0.016503 0.886847 -0.461768
vn 0.144987 0.968287 -0.203467
vn 0.352216 0.893465 0.278683
vn -0.074126 0.909820 -0.408329
vn 0.082523 0.994285 -0.067728
vn 0.245633 0.915041 0.319945
vn -0.167701 0.922537 -0.347566
vn -0.001751 0.999637 0.026901
vn 0.141853 0.924058 0.354957
vn -0.251963 0.923964 -0.287758
vn -0.055912 0.987800 0.145348
vn 0.053334 0.923011 0.381058
vn -0.308325 0.919226 -0.244865
vn 0.005814 0.919226 0.393687
vn 0.000000 1.000000 0.000000
vn 0.000000 1.000000 0.000000
vn -0.369863 0.904607 0.211864
vn 0.200122 0.904608 -0.376346
vn -0.323064 0.911718 0.253774
vn -0.112665 0.992058 0.055929
vn 0.261381 0.913616 -0.311426
vn -0.240446 0.915430 0.322759
vn 0.038194 0.996751 0.070907
vn 0.337622 0.914343 -0.223580
vn -0.151335 0.907992 0.390702
vn 0.155014 0.980878 0.117678
vn 0.405474 0.903662 -0.137788
vn -0.067637 0.891028 0.448881
vn 0.282068 0.951072 0.126092
vn 0.458694 0.886255 -0.064429
vn -0.009690 0.873854 0.486092
vn 0.485547 0.873854 -0.024979
vn 0.000000 1.000000 0.000000
vn 0.000000 1.000000 0.000000
vn 0.591970 0.401681 0.698730
vn -0.203764 0.401681 0.892823
vn 0.582749 0.457918 0.671352
vn 0.316579 0.513517 0.797545
vn -0.209790 0.480961 0.851272
vn 0.561697 0.549406 0.618587
vn 0.210405 0.615066 0.759884
vn -0.215086 0.577919 0.787240
vn 0.532807 0.638013 0.555927
vn 0.145667 0.703316 0.695793
vn -0.217417 0.662366 0.716938
vn 0.500280 0.712459 0.492059
vn 0.047032 0.767748 0.639023
vn -0.217348 0.727130 0.651185
vn 0.474827 0.759218 0.445116
vn -0.216551 0.759217 0.613755
vn 0.000000 1.000000 0.000000
vn 0.000000 1.000000 0.000000
vn -0.254197 0.908406 0.331937
vn 0.364508 0.908406 -0.204774
vn -0.211180 0.901501 0.377755
vn 0.026924 0.976903 0.211979
vn 0.419789 0.897532 -0.134958
vn -0.136038 0.881456 0.452249
vn 0.174681 0.955299 0.238516
vn 0.486383 0.872692 -0.042887
vn -0.056007 0.849668 0.524335
vn 0.282850 0.914144 0.290406
vn 0.543272 0.838368 0.044660
vn 0.018281 0.810942 0.584841
vn 0.402832 0.863661 0.303011
vn 0.585994 0.801708 0.117793
vn 0.069226 0.779306 0.622808
vn 0.606791 0.779306 0.156484
vn 0.000000 1.000000 0.000000
vn 0.000000 1.000000 0.000000
vn -0.210423 0.908988 0.359809
vn 0.327472 0.908988 -0.257882
vn -0.161406 0.902537 0.399218
vn 0.050871 0.978162 0.201522
vn 0.391998 0.898758 -0.196398
vn -0.076505 0.883256 0.462608
vn 0.201002 0.957402 0.207314
vn 0.470905 0.874737 -0.114384
vn 0.012961 0.852242 0.522988
vn 0.315566 0.917044 0.243819
vn 0.539622 0.841160 -0.035458
vn 0.095158 0.814200 0.572734
vn 0.436404 0.867202 0.239817
vn 0.592314 0.805104 0.031174
vn 0.151061 0.783016 0.603379
vn 0.618416 0.783016 0.066691
vn 0.000000 1.000000 0.000000
vn 0.000000 1.000000 0.000000
vn -0.559143 0.824332 0.088514
vn -0.062318 0.824332 -0.562666
vn -0.511900 0.850416 0.121452
vn -0.346414 0.930986 -0.115163
vn 0.000509 0.860345 -0.509711
vn -0.426794 0.886981 0.176385
vn -0.200576 0.972000 -0.122413
vn 0.081902 0.896700 -0.434996
vn -0.332786 0.914149 0.231484
vn -0.079674 0.992734 -0.090176
vn 0.157806 0.919908 -0.358980
vn -0.242550 0.928968 0.279620
vn 0.051039 0.994258 -0.094058
vn 0.220105 0.930821 -0.291764
vn -0.179023 0.933405 0.310977
vn 0.252647 0.933405 -0.254804
vn 0.000000 1.000000 0.000000
vn 0.000000 1.000000 0.000000
vn 0.355756 0.880250 0.314003
vn -0.448003 0.880250 0.156377
vn 0.365116 0.895800 0.253441
vn 0.082476 0.977218 0.195559
vn -0.427319 0.901258 0.071647
vn 0.377683 0.914023 0.148048
vn 0.012532 0.997961 0.062588
vn -0.395401 0.917681 -0.038990
vn 0.386122 0.921732 0.036326
vn -0.011666 0.998013 -0.061919
vn -0.360321 0.921792 -0.143069
vn 0.389588 0.918555 -0.066910
vn -0.073207 0.981638 -0.176146
vn -0.327490 0.916642 -0.229168
vn 0.389560 0.910688 -0.137444
vn -0.308792 0.910688 -0.274399
vn 0.000000 1.000000 0.000000
vn 0.000000 1.000000 0.000000
vn 0.081881 0.576473 -0.813004
vn 0.745945 0.576472 -0.333534
vn 0.060029 0.624744 -0.778519
vn 0.320512 0.692361 -0.646458
vn 0.708385 0.644248 -0.288331
vn 0.022290 0.701144 -0.712672
vn 0.348257 0.777319 -0.523919
vn 0.651234 0.724347 -0.226309
vn -0.017337 0.772146 -0.635209
vn 0.331003 0.845738 -0.418527
vn 0.589128 0.791039 -0.164881
vn -0.053616 0.828891 -0.556835
vn 0.344484 0.890747 -0.296479
vn 0.531452 0.839687 -0.111732
vn -0.078223 0.862767 -0.499514
vn 0.498756 0.862767 -0.082923
vn 0.000000 1.000000 0.000000
vn 0.000000 1.000000 0.000000
vn -0.340203 0.906259 0.250913
vn 0.418908 0.906259 -0.056668
vn -0.314398 0.897929 0.308022
vn -0.034816 0.972613 0.229809
vn 0.448514 0.893367 0.027025
vn -0.267591 0.875493 0.402376
vn 0.096204 0.948359 0.302257
vn 0.481503 0.865962 0.135145
vn -0.215480 0.841285 0.495790
vn 0.181395 0.904715 0.385469
vn 0.506692 0.829299 0.235642
vn -0.165114 0.800426 0.576243
vn 0.290400 0.852243 0.435143
vn 0.523124 0.790757 0.317875
vn -0.129472 0.767385 0.627979
vn 0.530084 0.767385 0.360737
vn 0.000000 1.000000 0.000000
vn 0.000000 1.000000 0.000000
vn 0.702344 0.711305 -0.027516
vn 0.199439 0.711305 -0.673995
vn 0.739167 0.670907 -0.059291
vn 0.615136 0.716815 -0.328304
vn 0.255725 0.653165 -0.712727
vn 0.795027 0.595991 -0.112811
vn 0.624820 0.634335 -0.455214
vn 0.325587 0.570016 -0.754371
vn 0.843449 0.510519 -0.167223
vn 0.650082 0.539294 -0.535310
vn 0.387564 0.484351 -0.784346
vn 0.878619 0.426159 -0.215448
vn 0.635558 0.448568 -0.628373
vn 0.436018 0.407860 -0.802209
vn 0.897355 0.365535 -0.247261
vn 0.460402 0.365535 -0.808959
vn 0.000000 1.000000 0.000000
vn 0.000000 1.000000 0.000000
vn -0.635254 0.771592 -0.033119
vn -0.076037 0.771592 -0.631556
vn -0.594109 0.804382 0.001948
vn -0.412865 0.882937 -0.223528
vn -0.022375 0.817177 -0.575953
vn -0.518634 0.852774 0.061603
vn -0.271209 0.937014 -0.220116
vn 0.047411 0.866443 -0.497020
vn -0.433534 0.892698 0.123039
vn -0.156542 0.971451 -0.178262
vn 0.112771 0.902234 -0.416240
vn -0.350363 0.919503 0.178216
vn -0.026759 0.985128 -0.169725
vn 0.166628 0.923886 -0.344486
vn -0.291030 0.932235 0.215036
vn 0.194846 0.932235 -0.304916
vn 0.000000 1.000000 0.000000
vn 0.000000 1.000000 0.000000
vn -0.404417 0.912141 0.066675
vn 0.397629 0.912141 -0.099447
vn -0.389185 0.912218 0.128035
vn -0.102165 0.990565 0.091340
vn 0.411895 0.911166 -0.010881
vn -0.359680 0.903958 0.231279
vn 0.014144 0.982009 0.188306
vn 0.425445 0.898989 0.103996
vn -0.324475 0.884179 0.336070
vn 0.083969 0.953271 0.290212
vn 0.432965 0.876302 0.211270
vn -0.288460 0.856119 0.428778
vn 0.183529 0.912838 0.364752
vn 0.435244 0.849063 0.299424
vn -0.261920 0.831534 0.489846
vn 0.434941 0.831534 0.345511
vn 0.000000 1.000000 0.000000
vn 0.000000 1.000000 0.000000
vn 0.122233 0.912207 0.391072
vn -0.146028 0.912207 -0.382823
vn 0.181111 0.911997 0.368048
vn 0.108008 0.990243 0.088051
vn -0.060056 0.910825 -0.408400
vn 0.279639 0.903252 0.325481
vn 0.189105 0.981151 -0.039787
vn 0.052053 0.898126 -0.436647
vn 0.378926 0.882975 0.277074
vn 0.281026 0.951896 -0.122142
vn 0.157367 0.874955 -0.457918
vn 0.466094 0.854470 0.229431
vn 0.341920 0.911039 -0.230432
vn 0.244371 0.847324 -0.471514
vn 0.523114 0.829591 0.195269
vn 0.290034 0.829592 -0.477135
vn 0.000000 1.000000 0.000000
vn 0.000000 1.000000 0.000000
vn 0.403657 0.166255 -0.899678
vn 0.944205 0.166256 -0.284315
vn 0.395841 0.228164 -0.889523
vn 0.640552 0.265679 -0.720492
vn 0.927371 0.253860 -0.274840
vn 0.378897 0.331420 -0.864058
vn 0.678606 0.380105 -0.628501
vn 0.894452 0.364328 -0.259271
vn 0.356550 0.434994 -0.826833
vn 0.671792 0.485996 -0.559020
vn 0.852220 0.464197 -0.241334
vn 0.332007 0.525472 -0.783359
vn 0.682376 0.569191 -0.458677
vn 0.808790 0.543763 -0.224012
vn 0.313085 0.584404 -0.748632
vn 0.782745 0.584404 -0.213969
vn 0.000000 1.000000 0.000000
vn 0.000000 1.000000 0.000000
vn -0.386397 0.873459 0.296256
vn -0.109248 0.873459 -0.474484
vn -0.328361 0.890657 0.314500
vn -0.230551 0.972106 0.043097
vn -0.029181 0.896810 -0.441453
vn -0.226578 0.911729 0.342656
vn -0.089114 0.996002 -0.006175
vn 0.074915 0.916324 -0.393367
vn -0.117646 0.922441 0.367780
vn 0.037575 0.999230 -0.011318
vn 0.172357 0.923376 -0.343030
vn -0.016073 0.922022 0.386804
vn 0.160163 0.985570 -0.054773
vn 0.252613 0.920684 -0.297537
vn 0.053844 0.916027 0.397486
vn 0.294645 0.916027 -0.272173
vn 0.000000 1.000000 0.000000
vn 0.000000 1.000000 0.000000
vn -0.338055 0.877735 0.339559
vn -0.145452 0.877735 -0.456536
vn -0.278119 0.893916 0.351518
vn -0.208755 0.975352 0.071483
vn -0.061922 0.899639 -0.432222
vn -0.173566 0.913227 0.368635
vn -0.073071 0.997299 0.007367
vn 0.047042 0.917242 -0.395542
vn -0.062409 0.922082 0.381929
vn 0.052360 0.998564 -0.011370
vn 0.149432 0.922476 -0.355961
vn 0.040599 0.919958 0.389909
vn 0.169325 0.983224 -0.067823
vn 0.234063 0.918264 -0.319384
vn 0.111154 0.912804 0.392981
vn 0.278499 0.912804 -0.298710
vn 0.000000 1.000000 0.000000
vn 0.000000 1.000000 0.000000
vn 0.426744 0.899777 0.091048
vn -0.384055 0.899778 0.207129
vn 0.415445 0.909138 0.029552
vn 0.128370 0.989908 0.060022
vn -0.392686 0.911984 0.118671
vn 0.392391 0.916705 -0.075370
vn 0.018300 0.998867 -0.043936
vn -0.399165 0.916875 0.002645
vn 0.363508 0.913272 -0.183839
vn -0.045497 0.987189 -0.152931
vn -0.400329 0.910098 -0.107044
vn 0.332874 0.899933 -0.281631
vn -0.140944 0.960890 -0.238381
vn -0.397572 0.895910 -0.198199
vn 0.309759 0.885195 -0.347102
vn -0.394708 0.885195 -0.246244
vn 0.000000 1.000000 0.000000
vn 0.000000 1.000000 0.000000
vn 0.072435 0.623804 -0.778217
vn 0.727281 0.623804 -0.286235
vn 0.047992 0.669156 -0.741570
vn 0.303060 0.739742 -0.600780
vn 0.686147 0.687383 -0.238130
vn 0.005958 0.740177 -0.672386
vn 0.325078 0.818773 -0.473218
vn 0.624637 0.761522 -0.172954
vn -0.037945 0.805086 -0.591944
vn 0.303133 0.880448 -0.364585
vn 0.558738 0.822123 -0.109204
vn -0.077933 0.855859 -0.511304
vn 0.312562 0.919079 -0.239997
vn 0.498161 0.865362 -0.054626
vn -0.104935 0.885458 -0.452718
vn 0.464033 0.885458 -0.025256
vn 0.000000 1.000000 0.000000
vn 0.000000 1.000000 0.000000
vn -0.104438 0.877808 0.467488
vn -0.366389 0.877808 -0.308565
vn -0.047362 0.893971 0.445615
vn -0.138116 0.975409 0.171760
vn -0.282761 0.899688 -0.332578
vn 0.050201 0.913252 0.404291
vn -0.057576 0.997321 0.045126
vn -0.171031 0.917257 -0.359705
vn 0.151305 0.922074 0.356212
vn 0.038506 0.998549 -0.037656
vn -0.063310 0.922457 -0.380874
vn 0.242681 0.919917 0.307992
vn 0.107296 0.983178 -0.147815
vn 0.027780 0.918215 -0.395106
vn 0.303983 0.912741 0.272944
vn 0.076386 0.912741 -0.401334
vn 0.000000 1.000000 0.000000
vn 0.000000 1.000000 0.000000
vn 0.040997 0.879803 0.473567
vn 0.394390 0.879803 -0.265336
vn 0.096760 0.862051 0.497498
vn 0.260457 0.930928 0.255999
vn 0.469982 0.853581 -0.224759
vn 0.190762 0.823913 0.533645
vn 0.401527 0.889273 0.219021
vn 0.562292 0.809382 -0.169494
vn 0.286418 0.773970 0.564743
vn 0.513416 0.829552 0.219651
vn 0.642539 0.757550 -0.115158
vn 0.371272 0.719377 0.587072
vn 0.619313 0.764470 0.178989
vn 0.703962 0.706933 -0.068434
vn 0.427299 0.677399 0.598787
vn 0.734345 0.677399 -0.043211
vn 0.000000 1.000000 0.000000
vn 0.000000 1.000000 0.000000
vn 0.383522 0.911711 0.147287
vn -0.355302 0.911711 -0.206259
vn 0.408523 0.908367 0.089317
vn 0.159725 0.985391 -0.059100
vn -0.313102 0.905884 -0.285204
vn 0.447314 0.894319 -0.010154
vn 0.125623 0.970428 -0.206125
vn -0.254672 0.887482 -0.384081
vn 0.482235 0.868625 -0.113751
vn 0.131033 0.935562 -0.327954
vn -0.196285 0.859060 -0.472746
vn 0.509001 0.835298 -0.207837
vn 0.095946 0.890143 -0.445465
vn -0.145398 0.827164 -0.542825
vn 0.524248 0.807219 -0.271222
vn -0.117682 0.807219 -0.578401
vn 0.000000 1.000000 0.000000
vn 0.000000 1.000000 0.000000
vn -0.898619 0.438137 -0.022775
vn -0.507112 0.438137 -0.742208
vn -0.869956 0.493029 -0.009989
vn -0.782090 0.551251 -0.290617
vn -0.469207 0.515463 -0.717037
vn -0.813179 0.581892 0.011861
vn -0.678856 0.649915 -0.341709
vn -0.414481 0.609462 -0.675841
vn -0.743944 0.667351 0.034492
vn -0.584472 0.734575 -0.344662
vn -0.357613 0.690718 -0.628508
vn -0.671921 0.738582 0.054938
vn -0.473646 0.795408 -0.378134
vn -0.306495 0.752543 -0.582871
vn -0.618253 0.782975 0.068653
vn -0.278090 0.782974 -0.556432
vn 0.000000 1.000000 0.000000
vn 0.000000 1.000000 0.000000
vn -0.425800 0.900523 0.088052
vn 0.273943 0.900523 -0.337660
vn -0.391191 0.909570 0.140186
vn -0.139043 0.990286 -0.000423
vn 0.316714 0.912283 -0.259675
vn -0.328697 0.916598 0.227609
vn 0.003072 0.998648 0.051885
vn 0.368331 0.916592 -0.155535
vn -0.259479 0.912604 0.315949
vn 0.104574 0.986383 0.126937
vn 0.412537 0.909268 -0.055180
vn -0.192876 0.898756 0.393746
vn 0.225874 0.959590 0.167832
vn 0.445828 0.894628 0.029647
vn -0.145906 0.883676 0.444779
vn 0.462069 0.883676 0.074898
vn 0.000000 1.000000 0.000000
vn 0.000000 1.000000 0.000000
vn 0.046789 0.906355 0.419918
vn -0.241416 0.906355 -0.346755
vn 0.104773 0.912478 0.395482
vn 0.016997 0.992595 0.120279
vn -0.156428 0.913960 -0.374442
vn 0.202484 0.914503 0.350262
vn 0.095056 0.995424 -0.009726
vn -0.044436 0.912868 -0.405830
vn 0.301866 0.905320 0.298784
vn 0.187014 0.977727 -0.095262
vn 0.061952 0.900488 -0.430445
vn 0.389975 0.886781 0.248069
vn 0.248474 0.946400 -0.206367
vn 0.150761 0.881684 -0.447106
vn 0.448131 0.868547 0.211669
vn 0.197724 0.868548 -0.454456
vn 0.000000 1.000000 0.000000
vn 0.000000 1.000000 0.000000
vn -0.050871 0.420653 -0.905794
vn 0.699575 0.420652 -0.577622
vn -0.060662 0.476204 -0.877240
vn 0.226986 0.533175 -0.814986
vn 0.678436 0.498937 -0.539245
vn -0.076765 0.566357 -0.820577
vn 0.287636 0.633258 -0.718505
vn 0.642922 0.594392 -0.483064
vn -0.092607 0.653362 -0.751360
vn 0.299436 0.719675 -0.626423
vn 0.601367 0.677210 -0.423964
vn -0.106156 0.726161 -0.679279
vn 0.342854 0.782260 -0.520116
vn 0.560843 0.740469 -0.370353
vn -0.114813 0.771707 -0.625529
vn 0.537215 0.771707 -0.340395
vn 0.000000 1.000000 0.000000
vn 0.000000 1.000000 0.000000
vn 0.432592 0.852831 -0.292477
vn 0.185063 0.852832 0.488293
vn 0.375193 0.874251 -0.308083
vn 0.293255 0.955518 -0.031412
vn 0.105553 0.882197 0.458898
vn 0.274059 0.902662 -0.331804
vn 0.155672 0.987522 0.023817
vn 0.001273 0.909677 0.415315
vn 0.165226 0.921133 -0.352440
vn 0.029766 0.998980 0.033946
vn -0.097294 0.924336 0.368967
vn 0.063214 0.927869 -0.367510
vn -0.091750 0.992414 0.081836
vn -0.179197 0.928025 0.326587
vn -0.007293 0.926756 -0.375593
vn -0.222361 0.926756 0.302785
vn 0.000000 1.000000 0.000000
vn 0.000000 1.000000 0.000000
vn 0.432685 0.842628 -0.320564
vn 0.248769 0.842628 0.477590
vn 0.374878 0.865837 -0.331349
vn 0.317860 0.946900 -0.048431
vn 0.168061 0.874544 0.454895
vn 0.273050 0.897372 -0.346652
vn 0.186162 0.982356 0.017917
vn 0.061474 0.905421 0.420039
vn 0.163498 0.919168 -0.358329
vn 0.061864 0.997352 0.038231
vn -0.040029 0.923345 0.381880
vn 0.060847 0.928982 -0.365088
vn -0.055555 0.993858 0.095705
vn -0.124924 0.929783 0.346262
vn -0.010076 0.929979 -0.367474
vn -0.169874 0.929979 0.326009
vn 0.000000 1.000000 0.000000
vn 0.000000 1.000000 0.000000
vn 0.244856 0.911946 -0.329240
vn -0.202524 0.911946 0.356845
vn 0.190590 0.912615 -0.361677
vn 0.014967 0.991165 -0.131789
vn -0.275417 0.911809 0.304548
vn 0.096496 0.905356 -0.413545
vn -0.135853 0.983719 -0.117648
vn -0.366556 0.900710 0.233148
vn -0.002807 0.886605 -0.462519
vn -0.257584 0.956049 -0.140072
vn -0.448137 0.879022 0.162766
vn -0.094184 0.859464 -0.502445
vn -0.380948 0.916489 -0.122177
vn -0.512493 0.852598 0.102116
vn -0.156405 0.835491 -0.526775
vn -0.545113 0.835491 0.069332
vn 0.000000 1.000000 0.000000
vn 0.000000 1.000000 0.000000
vn -0.367084 0.912129 -0.182400
vn 0.350153 0.912130 0.213102
vn -0.395409 0.909834 -0.125915
vn -0.154953 0.987285 0.035461
vn 0.303428 0.907788 0.289573
vn -0.439970 0.897556 -0.028647
vn -0.129486 0.974283 0.184407
vn 0.239264 0.891290 0.385169
vn -0.480994 0.873669 0.073120
vn -0.142171 0.941288 0.306210
vn 0.175648 0.864619 0.470725
vn -0.513395 0.841947 0.165984
vn -0.114270 0.897384 0.426199
vn 0.120560 0.834142 0.538212
vn -0.532487 0.814932 0.228784
vn 0.090685 0.814932 0.572418
vn 0.000000 1.000000 0.000000
vn 0.000000 1.000000 0.000000
vn 0.739850 0.519323 0.427698
vn 0.040244 0.519323 0.853630
vn 0.718579 0.570639 0.397511
vn 0.498459 0.634492 0.590728
vn 0.016015 0.591484 0.806158
vn 0.675770 0.652717 0.342483
vn 0.378349 0.725699 0.574641
vn -0.015570 0.677897 0.734992
vn 0.622785 0.730238 0.280874
vn 0.290853 0.801392 0.522662
vn -0.045227 0.751133 0.658599
vn 0.567080 0.793449 0.221039
vn 0.175119 0.853394 0.490970
vn -0.069722 0.805651 0.588274
vn 0.525282 0.831986 0.178544
vn -0.082575 0.831986 0.548617
vn 0.000000 1.000000 0.000000
vn 0.000000 1.000000 0.000000
vn 0.591805 0.653603 0.471772
vn -0.184107 0.653603 0.734103
vn 0.574729 0.696895 0.428979
vn 0.313405 0.769264 0.556785
vn -0.201467 0.714224 0.670294
vn 0.540383 0.764156 0.352210
vn 0.194587 0.844153 0.499541
vn -0.221547 0.784214 0.579590
vn 0.497893 0.824851 0.267810
vn 0.116483 0.901190 0.417479
vn -0.237771 0.840611 0.486660
vn 0.453239 0.871523 0.187143
vn 0.007828 0.935483 0.353287
vn -0.249181 0.880143 0.404051
vn 0.419745 0.898204 0.130547
vn -0.254411 0.898205 0.358474
vn 0.000000 1.000000 0.000000
vn 0.000000 1.000000 0.000000
vn -0.341471 0.903093 -0.260422
vn 0.429098 0.903093 0.017242
vn -0.360397 0.910971 -0.200613
vn -0.093199 0.991470 -0.091113
vn 0.395152 0.913193 0.099671
vn -0.389284 0.915997 -0.096987
vn -0.044788 0.997617 0.052490
vn 0.346438 0.915339 0.205270
vn -0.414598 0.909922 0.012258
vn -0.039445 0.983169 0.178386
vn 0.296095 0.905985 0.302522
vn -0.433280 0.894188 0.112673
vn 0.005010 0.954552 0.298002
vn 0.251041 0.889670 0.381399
vn -0.443439 0.877842 0.180984
vn 0.226076 0.877842 0.422235
vn 0.000000 1.000000 0.000000
vn 0.000000 1.000000 0.000000
vn -0.473528 0.730561 0.491988
vn -0.605102 0.730561 -0.316437
vn -0.423363 0.767525 0.481321
vn -0.497031 0.844127 0.201021
vn -0.532110 0.782116 -0.324273
vn -0.334097 0.823371 0.458737
vn -0.412272 0.906428 0.091761
vn -0.431158 0.839551 -0.330541
vn -0.236888 0.871432 0.429523
vn -0.312076 0.949670 0.027120
vn -0.330389 0.883392 -0.332358
vn -0.144779 0.905955 0.397850
vn -0.227349 0.971285 -0.070125
vn -0.242653 0.911977 -0.330783
vn -0.080578 0.924075 0.373620
vn -0.194897 0.924075 -0.328785
vn 0.000000 1.000000 0.000000
vn 0.000000 1.000000 0.000000
vn 0.075023 0.904459 -0.419911
vn 0.162271 0.904459 0.394489
vn 0.012876 0.911649 -0.410768
vn 0.030367 0.992004 -0.122499
vn 0.073193 0.913580 0.400019
vn -0.092997 0.915496 -0.391432
vn -0.077671 0.996848 -0.016161
vn -0.043095 0.914453 0.402392
vn -0.202235 0.908199 -0.366436
vn -0.188385 0.981124 0.043680
vn -0.152450 0.903910 0.399631
vn -0.300526 0.891364 -0.339346
vn -0.276195 0.951440 0.135932
vn -0.242904 0.886618 0.393581
vn -0.366228 0.874274 -0.318624
vn -0.290423 0.874274 0.388972
vn 0.000000 1.000000 0.000000
vn 0.000000 1.000000 0.000000
vn -0.446239 0.894741 -0.017599
vn 0.317169 0.894741 -0.314393
vn -0.421412 0.906011 0.039442
vn -0.149608 0.987066 -0.057600
vn 0.345470 0.909661 -0.230582
vn -0.375286 0.916856 0.136148
vn -0.018963 0.999651 0.018404
vn 0.378000 0.918096 -0.119230
vn -0.322555 0.916838 0.235300
vn 0.067985 0.991560 0.110390
vn 0.404046 0.914653 -0.012512
vn -0.270426 0.906604 0.323944
vn 0.180588 0.968279 0.172697
vn 0.422158 0.903223 0.077264
vn -0.232921 0.893957 0.382869
vn 0.430367 0.893957 0.124997
vn 0.000000 1.000000 0.000000
vn 0.000000 1.000000 0.000000
vn 0.883393 0.331271 -0.331475
vn 0.809779 0.331271 0.484271
vn 0.859324 0.389733 -0.331167
vn 0.897130 0.440121 -0.038091
vn 0.775309 0.413790 0.477153
vn 0.810458 0.485632 -0.327595
vn 0.835900 0.546507 0.050992
vn 0.721362 0.515746 0.462215
vn 0.749497 0.579626 -0.319825
vn 0.761998 0.640979 0.092223
vn 0.661410 0.605691 0.442352
vn 0.685033 0.659683 -0.309108
vn 0.682069 0.711796 0.167717
vn 0.604870 0.675604 0.421536
vn 0.636486 0.710625 -0.299830
vn 0.572526 0.710625 0.408933
vn 0.000000 1.000000 0.000000
vn 0.000000 1.000000 0.000000
vn -0.461903 0.861835 -0.209491
vn 0.339964 0.861834 -0.376385
vn -0.447251 0.881532 -0.151220
vn -0.165462 0.962919 -0.213097
vn 0.353481 0.888742 -0.291872
vn -0.418215 0.906933 -0.050682
vn -0.049715 0.991602 -0.119387
vn 0.366759 0.912954 -0.178891
vn -0.382770 0.922219 0.054766
vn 0.020884 0.999679 -0.014333
vn 0.374740 0.924492 -0.069893
vn -0.345869 0.926017 0.151223
vn 0.122136 0.990188 0.067894
vn 0.377943 0.925559 0.022339
vn -0.318363 0.922895 0.216587
vn 0.378340 0.922895 0.071581
vn 0.000000 1.000000 0.000000
vn 0.000000 1.000000 0.000000
vn -0.414894 0.908421 0.051334
vn 0.361178 0.908420 -0.210529
vn -0.392413 0.913160 0.110234
vn -0.113809 0.992935 0.033570
vn 0.385994 0.914061 -0.124508
vn -0.350548 0.912823 0.209452
vn 0.013467 0.993151 0.116055
vn 0.413524 0.910420 -0.011556
vn -0.302564 0.901197 0.310320
vn 0.095683 0.972902 0.210490
vn 0.434398 0.895662 0.095333
vn -0.255023 0.880455 0.399702
vn 0.204397 0.939457 0.275032
vn 0.447879 0.874905 0.184244
vn -0.220769 0.860749 0.458663
vn 0.453524 0.860749 0.231142
vn 0.000000 1.000000 0.000000
vn 0.000000 1.000000 0.000000
vn 0.574880 0.743443 0.341768
vn -0.187147 0.743443 0.642082
vn 0.553479 0.779171 0.294201
vn 0.294547 0.856417 0.424019
vn -0.210756 0.793231 0.571285
vn 0.511964 0.832803 0.210550
vn 0.169240 0.916273 0.363045
vn -0.238818 0.848235 0.472720
vn 0.462357 0.878437 0.120729
vn 0.084423 0.956881 0.277940
vn -0.262375 0.889671 0.373691
vn 0.411547 0.910649 0.036704
vn -0.028783 0.976113 0.215348
vn -0.279721 0.916180 0.287004
vn 0.374078 0.927153 -0.021276
vn -0.288016 0.927153 0.239653
vn 0.000000 1.000000 0.000000
vn 0.000000 1.000000 0.000000
vn -0.165681 0.741132 -0.650595
vn 0.586567 0.741132 -0.326593
vn -0.183959 0.777085 -0.601911
vn 0.091355 0.854213 -0.511834
vn 0.553511 0.791240 -0.259932
vn -0.213374 0.831120 -0.513527
vn 0.137382 0.914518 -0.380502
vn 0.504050 0.846689 -0.170443
vn -0.241410 0.877199 -0.415022
vn 0.137643 0.955610 -0.260506
vn 0.451037 0.888567 -0.083753
vn -0.264522 0.909836 -0.319730
vn 0.173874 0.975277 -0.136394
vn 0.402288 0.915457 -0.010141
vn -0.278770 0.926637 -0.252254
vn 0.374818 0.926637 0.029255
vn 0.000000 1.000000 0.000000
vn 0.000000 1.000000 0.000000
vn -0.129983 0.839136 0.528161
vn -0.506026 0.839136 -0.199470
vn -0.079123 0.862927 0.499096
vn -0.219361 0.943904 0.246832
vn -0.430075 0.871878 -0.234229
vn 0.008151 0.895471 0.445045
vn -0.162163 0.980477 0.111208
vn -0.326524 0.903855 -0.276457
vn 0.099047 0.918343 0.383192
vn -0.080657 0.996623 0.015384
vn -0.224603 0.922838 -0.312927
vn 0.181607 0.929162 0.321988
vn -0.028266 0.994132 -0.104414
vn -0.136880 0.930175 -0.340645
vn 0.237229 0.930848 0.277928
vn -0.089497 0.930848 -0.354277
vn 0.000000 1.000000 0.000000
vn 0.000000 1.000000 0.000000
vn -0.416333 0.904631 -0.091160
vn 0.400990 0.904631 -0.144397
vn -0.409787 0.911730 -0.028675
vn -0.121035 0.992065 -0.034024
vn 0.402804 0.913623 -0.055152
vn -0.394880 0.915423 0.077915
vn -0.019291 0.996739 0.078355
vn 0.400331 0.914330 0.061131
vn -0.374459 0.907966 0.188089
vn 0.035884 0.980847 0.191446
vn 0.393014 0.903631 0.170267
vn -0.351487 0.890985 0.287405
vn 0.124393 0.951023 0.282987
vn 0.383197 0.886211 0.260366
vn -0.333523 0.873800 0.353887
vn 0.376611 0.873800 0.307632
vn 0.000000 1.000000 0.000000
vn 0.000000 1.000000 0.000000
vn 0.189198 0.910562 0.367533
vn -0.083108 0.910562 -0.404931
vn 0.247774 0.905588 0.344264
vn 0.178712 0.981900 0.062720
vn 0.002395 0.902424 -0.430842
vn 0.345171 0.888792 0.301504
vn 0.258176 0.963895 -0.065199
vn 0.113141 0.881072 -0.459251
vn 0.442462 0.860303 0.253193
vn 0.347273 0.926140 -0.147193
vn 0.216403 0.849939 -0.480388
vn 0.527086 0.824491 0.205900
vn 0.404442 0.878386 -0.254686
vn 0.301138 0.815851 -0.493662
vn 0.581985 0.794775 0.172122
vn 0.345392 0.794775 -0.499036
vn 0.000000 1.000000 0.000000
vn 0.000000 1.000000 0.000000
vn -0.177814 0.178117 -0.967810
vn 0.616282 0.178116 -0.767119
vn -0.178700 0.239855 -0.954220
vn 0.118591 0.278324 -0.953138
vn 0.607498 0.265465 -0.748648
vn -0.178565 0.342711 -0.922314
vn 0.201702 0.392314 -0.897444
vn 0.588840 0.375457 -0.715751
vn -0.176218 0.445724 -0.877654
vn 0.235124 0.497518 -0.834980
vn 0.563887 0.474740 -0.675761
vn -0.172095 0.535574 -0.826767
vn 0.300438 0.579939 -0.757237
vn 0.537660 0.553720 -0.635858
vn -0.168196 0.594014 -0.786675
vn 0.521759 0.594014 -0.612303
vn 0.000000 1.000000 0.000000
vn 0.000000 1.000000 0.000000
vn -0.251546 0.893065 -0.373041
vn 0.446499 0.893065 0.055434
vn -0.281901 0.904907 -0.318865
vn -0.039849 0.986030 -0.161729
vn 0.396945 0.908798 0.128537
vn -0.330968 0.916735 -0.223734
vn -0.021308 0.999703 -0.011820
vn 0.327979 0.918297 0.221721
vn -0.378042 0.917744 -0.121776
vn -0.042018 0.992693 0.113116
vn 0.258728 0.915858 0.307025
vn -0.417155 0.908447 -0.026579
vn -0.023648 0.970324 0.240649
vn 0.198132 0.905261 0.375827
vn -0.441458 0.896433 0.039022
vn 0.165040 0.896433 0.411303
vn 0.000000 1.000000 0.000000
vn 0.000000 1.000000 0.000000
vn -0.283306 0.905377 0.316276
vn 0.082635 0.905377 -0.416490
vn -0.225999 0.912068 0.342134
vn -0.084622 0.992316 0.090270
vn 0.160681 0.913791 -0.373053
vn -0.126400 0.915065 0.382987
vn 0.063745 0.996218 0.059043
vn 0.259871 0.913745 -0.312307
vn -0.020991 0.906886 0.420853
vn 0.189138 0.979570 0.068339
vn 0.350385 0.902342 -0.251015
vn 0.076266 0.889251 0.451017
vn 0.312635 0.949116 0.037940
vn 0.423156 0.884340 -0.197183
vn 0.142634 0.871628 0.468957
vn 0.460584 0.871628 -0.167712
vn 0.000000 1.000000 0.000000
vn 0.000000 1.000000 0.000000
vn 0.843303 0.332274 -0.422415
vn 0.855769 0.332274 0.396552
vn 0.819329 0.390708 -0.419579
vn 0.887648 0.441172 -0.132093
vn 0.820644 0.414752 0.393096
vn 0.770997 0.486550 -0.410894
vn 0.835988 0.547495 -0.037071
vn 0.765307 0.516642 0.383909
vn 0.711079 0.580470 -0.396763
vn 0.766714 0.641883 0.011697
vn 0.703495 0.606513 0.370454
vn 0.648001 0.660455 -0.379333
vn 0.695070 0.712615 0.095170
vn 0.644998 0.676359 0.355692
vn 0.600636 0.711342 -0.365006
vn 0.611467 0.711342 0.346556
vn 0.000000 1.000000 0.000000
vn 0.000000 1.000000 0.000000
vn 0.473471 0.877041 0.081385
vn -0.287197 0.877042 0.385118
vn 0.448551 0.893390 0.025635
vn 0.180127 0.974831 0.131372
vn -0.315690 0.899185 0.302993
vn 0.402009 0.912996 -0.069479
vn 0.049327 0.997103 0.057894
vn -0.348831 0.917109 0.192948
vn 0.348514 0.922161 -0.167802
vn -0.038553 0.998693 -0.033549
vn -0.375816 0.922644 0.086550
vn 0.295398 0.920318 -0.256428
vn -0.152304 0.983631 -0.096294
vn -0.394982 0.918682 -0.003644
vn 0.257062 0.913355 -0.315756
vn -0.403848 0.913355 -0.051855
vn 0.000000 1.000000 0.000000
vn 0.000000 1.000000 0.000000
vn 0.462078 0.868600 0.178933
vn -0.335690 0.868600 0.364480
vn 0.445974 0.886885 0.120595
vn 0.165265 0.968326 0.187170
vn -0.351306 0.893498 0.279723
vn 0.414466 0.909840 0.020211
vn 0.047218 0.994303 0.095559
vn -0.367332 0.915055 0.166556
vn 0.376493 0.922538 -0.084710
vn -0.025844 0.999634 -0.007980
vn -0.377910 0.924053 0.057533
vn 0.337344 0.923946 -0.180339
vn -0.128929 0.987779 -0.087580
vn -0.383269 0.922989 -0.034598
vn 0.308348 0.919195 -0.244952
vn -0.384796 0.919195 -0.083738
vn 0.000000 1.000000 0.000000
vn 0.000000 1.000000 0.000000
vn 0.559676 0.820534 0.116129
vn -0.131006 0.820534 0.556382
vn 0.526803 0.847169 0.069154
vn 0.290375 0.927619 0.234960
vn -0.171563 0.857333 0.485332
vn 0.466017 0.884702 -0.011425
vn 0.151177 0.969704 0.191883
vn -0.222059 0.894744 0.387458
vn 0.396878 0.912910 -0.095302
vn 0.048883 0.991551 0.120157
vn -0.267016 0.918976 0.290148
vn 0.328817 0.928702 -0.171442
vn -0.075161 0.994053 0.078804
vn -0.302296 0.930759 0.205680
vn 0.279994 0.933808 -0.222722
vn -0.320107 0.933808 0.159792
vn 0.000000 1.000000 0.000000
vn 0.000000 1.000000 0.000000
vn -0.186134 0.828350 -0.528384
vn 0.539938 0.828351 -0.149339
vn -0.210697 0.853837 -0.475993
vn 0.050188 0.934525 -0.352342
vn 0.498247 0.863510 -0.078101
vn -0.250558 0.889348 -0.382467
vn 0.081900 0.974376 -0.209485
vn 0.438270 0.898716 0.015122
vn -0.289022 0.915390 -0.280229
vn 0.070565 0.993906 -0.084681
vn 0.376134 0.920818 0.103039
vn -0.321206 0.929161 -0.182992
vn 0.096576 0.994375 0.043487
vn 0.320419 0.930794 0.175940
vn -0.341338 0.932875 -0.115028
vn 0.289511 0.932876 0.214306
vn 0.000000 1.000000 0.000000
vn 0.000000 1.000000 0.000000
vn -0.408534 0.404693 0.818122
vn -0.899848 0.404693 0.162780
vn -0.386820 0.460824 0.798756
vn -0.607334 0.516642 0.603511
vn -0.863779 0.483820 0.140727
vn -0.346312 0.552104 0.758452
vn -0.614152 0.617961 0.490858
vn -0.806702 0.580542 0.110470
vn -0.299798 0.640459 0.707060
vn -0.580417 0.705923 0.405942
vn -0.742732 0.664732 0.080501
vn -0.253643 0.714648 0.651877
vn -0.566809 0.770067 0.292788
vn -0.682054 0.729263 0.054571
vn -0.220348 0.761220 0.609911
vn -0.647227 0.761220 0.040516
vn 0.000000 1.000000 0.000000
vn 0.000000 1.000000 0.000000
vn 0.504939 0.830599 0.234822
vn -0.275280 0.830599 0.484072
vn 0.484948 0.855742 0.180364
vn 0.213374 0.936496 0.278292
vn -0.296628 0.865270 0.404127
vn 0.446466 0.890655 0.086033
vn 0.089474 0.975685 0.200085
vn -0.320733 0.899824 0.295713
vn 0.400831 0.916054 -0.013382
vn 0.008732 0.994528 0.104109
vn -0.339529 0.921292 0.189580
vn 0.354360 0.929225 -0.104741
vn -0.100646 0.994394 0.032415
vn -0.352152 0.930730 0.098641
vn 0.320224 0.932526 -0.166890
vn -0.357671 0.932526 0.049672
vn 0.000000 1.000000 0.000000
vn 0.000000 1.000000 0.000000
vn -0.261824 0.799182 -0.541069
vn 0.520928 0.799182 -0.299903
vn -0.275909 0.828698 -0.486963
vn 0.004744 0.908395 -0.418085
vn 0.493637 0.840092 -0.224874
vn -0.297341 0.871302 -0.390411
vn 0.062739 0.956081 -0.286308
vn 0.452364 0.883034 -0.124970
vn -0.316014 0.904964 -0.284913
vn 0.074704 0.983775 -0.163114
vn 0.407733 0.912641 -0.028999
vn -0.329679 0.925863 -0.184633
vn 0.123602 0.991440 -0.042062
vn 0.366430 0.928997 0.051899
vn -0.337031 0.934497 -0.114565
vn 0.343067 0.934497 0.094974
vn 0.000000 1.000000 0.000000
vn 0.000000 1.000000 0.000000
vn -0.238524 0.705133 0.667752
vn -0.709069 0.705134 -0.002648
vn -0.199425 0.744372 0.637291
vn -0.390632 0.819642 0.419038
vn -0.648750 0.759944 -0.040111
vn -0.131048 0.804304 0.579587
vn -0.364309 0.886454 0.285443
vn -0.562810 0.821869 -0.088178
vn -0.058128 0.856863 0.512256
vn -0.303963 0.934588 0.184804
vn -0.474604 0.870169 -0.132503
vn 0.009627 0.895687 0.444582
vn -0.270936 0.960664 0.060984
vn -0.396067 0.902628 -0.168505
vn 0.056148 0.916833 0.395304
vn -0.352684 0.916832 -0.187170
vn 0.000000 1.000000 0.000000
vn 0.000000 1.000000 0.000000
vn -0.501323 0.853842 0.140106
vn -0.016795 0.853842 -0.520262
vn -0.451892 0.875075 0.173311
vn -0.285465 0.956356 -0.062394
vn 0.049185 0.882941 -0.466901
vn -0.363614 0.903161 0.228223
vn -0.137363 0.988002 -0.070595
vn 0.134086 0.910069 -0.392168
vn -0.267073 0.921289 0.282662
vn -0.014811 0.999096 -0.039846
vn 0.212658 0.924392 -0.316664
vn -0.175239 0.927708 0.329620
vn 0.115625 0.992213 -0.046307
vn 0.276681 0.927798 -0.250278
vn -0.111039 0.926378 0.359853
vn 0.309945 0.926378 -0.213911
vn 0.000000 1.000000 0.000000
vn 0.000000 1.000000 0.000000
vn 0.323771 0.899648 0.292927
vn -0.436454 0.899648 -0.011906
vn 0.344725 0.909062 0.234033
vn 0.080844 0.989840 0.116964
vn -0.399713 0.911930 -0.092810
vn 0.377213 0.916722 0.131648
vn 0.037491 0.998902 -0.028094
vn -0.347315 0.916922 -0.196536
vn 0.406433 0.913384 0.023255
vn 0.036740 0.987325 -0.154403
vn -0.293477 0.910238 -0.292126
vn 0.428798 0.900133 -0.076762
vn -0.003193 0.961111 -0.276143
vn -0.245513 0.896129 -0.369698
vn 0.441515 0.885456 -0.145023
vn -0.219013 0.885456 -0.409879
vn 0.000000 1.000000 0.000000
vn 0.000000 1.000000 0.000000
vn -0.445156 0.479897 -0.755999
vn 0.373025 0.479897 -0.794073
vn -0.441101 0.533050 -0.722002
vn -0.155418 0.594209 -0.789152
vn 0.371331 0.554712 -0.744585
vn -0.430140 0.618597 -0.657508
vn -0.057977 0.689227 -0.722222
vn 0.364690 0.644993 -0.671555
vn -0.413401 0.700149 -0.582144
vn -0.006331 0.769457 -0.638668
vn 0.353881 0.722295 -0.594188
vn -0.393389 0.767411 -0.506287
vn 0.079879 0.825895 -0.558136
vn 0.341499 0.780498 -0.523643
vn -0.377200 0.808891 -0.451016
vn 0.333686 0.808891 -0.484097
vn 0.000000 1.000000 0.000000
usemtl leaf_0
f 3217//3217 3220//3220 3218//3218
f 3218//3218 3220//3220 3221//3221
f 3218//3218 3221//3221 3219//3219
f 3219//3219 3221//3221 3222//3222
f 3220//3220 3223//3223 3221//3221
f 3221//3221 3223//3223 3224//3224
f 3221//3221 3224//3224 3222//3222
f 3222//3222 3224//3224 3225//3225
f 3223//3223 3226//3226 3224//3224
f 3224//3224 3226//3226 3227//3227
f 3224//3224 3227//3227 3225//3225
f 3225//3225 3227//3227 3228//3228
f 3226//3226 3229//3229 3227//3227
f 3227//3227 3229//3229 3230//3230
f 3227//3227 3230//3230 3228//3228
f 3228//3228 3230//3230 3231//3231
f 3229//3229 3232//3232 3230//3230
f 3230//3230 3232//3232 3233//3233
f 3230//3230 3233//3233 3231//3231
f 3231//3231 3233//3233 3234//3234
usemtl leaf_1
f 3235//3235 3238//3238 3236//3236
f 3236//3236 3238//3238 3239//3239
f 3236//3236 3239//3239 3237//3237
f 3237//3237 3239//3239 3240//3240
f 3238//3238 3241//3241 3239//3239
f 3239//3239 3241//3241 3242//3242
f 3239//3239 3242//3242 3240//3240
f 3240//3240 3242//3242 3243//3243
f 3241//3241 3244//3244 3242//3242
f 3242//3242 3244//3244 3245//3245
f 3242//3242 3245//3245 3243//3243
f 3243//3243 3245//3245 3246//3246
f 3244//3244 3247//3247 3245//3245
f 3245//3245 3247//3247 3248//3248
f 3245//3245 3248//3248 3246//3246
f 3246//3246 3248//3248 3249//3249
f 3247//3247 3250//3250 3248//3248
f 3248//3248 3250//3250 3251//3251
f 3248//3248 3251//3251 3249//3249
f 3249//3249 3251//3251 3252//3252
usemtl leaf_2
f 3253//3253 3256//3256 3254//3254
f 3254//3254 3256//3256 3257//3257
f 3254//3254 3257//3257 3255//3255
f 3255//3255 3257//3257 3258//3258
f 3256//3256 3259//3259 3257//3257
f 3257//3257 3259//3259 3260//3260
f 3257//3257 3260//3260 3258//3258
f 3258//3258 3260//3260 3261//3261
f 3259//3259 3262//3262 3260//3260
f 3260//3260 3262//3262 3263//3263
f 3260//3260 3263//3263 3261//3261
f 3261//3261 3263//3263 3264//3264
f 3262//3262 3265//3265 3263//3263
f 3263//3263 3265//3265 3266//3266
f 3263//3263 3266//3266 3264//3264
f 3264//3264 3266//3266 3267//3267
f 3265//3265 3268//3268 3266//3266
f 3266//3266 3268//3268 3269//3269
f 3266//3266 3269//3269 3267//3267
f 3267//3267 3269//3269 3270//3270
usemtl leaf_3
f 3271//3271 3274//3274 3272//3272
f 3272//3272 3274//3274 3275//3275
f 3272//3272 3275//3275 3273//3273
f 3273//3273 3275//3275 3276//3276
f 3274//3274 3277//3277 3275//3275
f 3275//3275 3277//3277 3278//3278
f 3275//3275 3278//3278 3276//3276
f 3276//3276 3278//3278 3279//3279
f 3277//3277 3280//3280 3278//3278
f 3278//3278 3280//3280 3281//3281
f 3278//3278 3281//3281 3279//3279
f 3279//3279 3281//3281 3282//3282
f 3280//3280 3283//3283 3281//3281
f 3281//3281 3283//3283 3284//3284
f 3281//3281 3284//3284 3282//3282
f 3282//3282 3284//3284 3285//3285
f 3283//3283 3286//3286 3284//3284
f 3284//3284 3286//3286 3287//3287
f 3284//3284 3287//3287 3285//3285
f 3285//3285 3287//3287 3288//3288
usemtl leaf_0
f 3289//3289 3292//3292 3290//3290
f 3290//3290 3292//3292 3293//3293
f 3290//3290 3293//3293 3291//3291
f 3291//3291 3293//3293 3294//3294
f 3292//3292 3295//3295 3293//3293
f 3293//3293 3295//3295 3296//3296
f 3293//3293 3296//3296 3294//3294
f 3294//3294 3296//3296 3297//3297
f 3295//3295 3298//3298 3296//3296
f 3296//3296 3298//3298 3299//3299
f 3296//3296 3299//3299 3297//3297
f 3297//3297 3299//3299 3300//3300
f 3298//3298 3301//3301 3299//3299
f 3299//3299 3301//3301 3302//3302
f 3299//3299 3302//3302 3300//3300
f 3300//3300 3302//3302 3303//3303
f 3301//3301 3304//3304 3302//3302
f 3302//3302 3304//3304 3305//3305
f 3302//3302 3305//3305 3303//3303
f 3303//3303 3305//3305 3306//3306
usemtl leaf_1
f 3307//3307 3310//3310 3308//3308
f 3308//3308 3310//3310 3311//3311
f 3308//3308 3311//3311 3309//3309
f 3309//3309 3311//3311 3312//3312
f 3310//3310 3313//3313 3311//3311
f 3311//3311 3313//3313 3314//3314
f 3311//3311 3314//3314 3312//3312
f 3312//3312 3314//3314 3315//3315
f 3313//3313 3316//3316 3314//3314
f 3314//3314 3316//3316 3317//3317
f 3314//3314 3317//3317 3315//3315
f 3315//3315 3317//3317 3318//3318
f 3316//3316 3319//3319 3317//3317
f 3317//3317 3319//3319 3320//3320
f 3317//3317 3320//3320 3318//3318
f 3318//3318 3320//3320 3321//3321
f 3319//3319 3322//3322 3320//3320
f 3320//3320 3322//3322 3323//3323
f 3320//3320 3323//3323 3321//3321
f 3321//3321 3323//3323 3324//3324
usemtl leaf_2
f 3325//3325 3328//3328 3326//3326
f 3326//3326 3328//3328 3329//3329
f 3326//3326 3329//3329 3327//3327
f 3327//3327 3329//3329 3330//3330
f 3328//3328 3331//3331 3329//3329
f 3329//3329 3331//3331 3332//3332
f 3329//3329 3332//3332 3330//3330
f 3330//3330 3332//3332 3333//3333
f 3331//3331 3334//3334 3332//3332
f 3332//3332 3334//3334 3335//3335
f 3332//3332 3335//3335 3333//3333
f 3333//3333 3335//3335 3336//3336
f 3334//3334 3337//3337 3335//3335
f 3335//3335 3337//3337 3338//3338
f 3335//3335 3338//3338 3336//3336
f 3336//3336 3338//3338 3339//3339
f 3337//3337 3340//3340 3338//3338
f 3338//3338 3340//3340 3341//3341
f 3338//3338 3341//3341 3339//3339
f 3339//3339 3341//3341 3342//3342
usemtl leaf_3
f 3343//3343 3346//3346 3344//3344
f 3344//3344 3346//3346 3347//3347
f 3344//3344 3347//3347 3345//3345
f 3345//3345 3347//3347 3348//3348
f 3346//3346 3349//3349 3347//3347
f 3347//3347 3349//3349 3350//3350
f 3347//3347 3350//3350 3348//3348
f 3348//3348 3350//3350 3351//3351
f 3349//3349 3352//3352 3350//3350
f 3350//3350 3352//3352 3353//3353
f 3350//3350 3353//3353 3351//3351
f 3351//3351 3353//3353 3354//3354
f 3352//3352 3355//3355 3353//3353
f 3353//3353 3355//3355 3356//3356
f 3353//3353 3356//3356 3354//3354
f 3354//3354 3356//3356 3357//3357
f 3355//3355 3358//3358 3356//3356
f 3356//3356 3358//3358 3359//3359
f 3356//3356 3359//3359 3357//3357
f 3357//3357 3359//3359 3360//3360
usemtl leaf_0
f 3361//3361 3364//3364 3362//3362
f 3362//3362 3364//3364 3365//3365
f 3362//3362 3365//3365 3363//3363
f 3363//3363 3365//3365 3366//3366
f 3364//3364 3367//3367 3365//3365
f 3365//3365 3367//3367 3368//3368
f 3365//3365 3368//3368 3366//3366
f 3366//3366 3368//3368 3369//3369
f 3367//3367 3370//3370 3368//3368
f 3368//3368 3370//3370 3371//3371
f 3368//3368 3371//3371 3369//3369
f 3369//3369 3371//3371 3372//3372
f 3370//3370 3373//3373 3371//3371
f 3371//3371 3373//3373 3374//3374
f 3371//3371 3374//3374 3372//3372
f 3372//3372 3374//3374 3375//3375
f 3373//3373 3376//3376 3374//3374
f 3374//3374 3376//3376 3377//3377
f 3374//3374 3377//3377 3375//3375
f 3375//3375 3377//3377 3378//3378
usemtl leaf_1
f 3379//3379 3382//3382 3380//3380
f 3380//3380 3382//3382 3383//3383
f 3380//3380 3383//3383 3381//3381
f 3381//3381 3383//3383 3384//3384
f 3382//3382 3385//3385 3383//3383
f 3383//3383 3385//3385 3386//3386
f 3383//3383 3386//3386 3384//3384
f 3384//3384 3386//3386 3387//3387
f 3385//3385 3388//3388 3386//3386
f 3386//3386 3388//3388 3389//3389
f 3386//3386 3389//3389 3387//3387
f 3387//3387 3389//3389 3390//3390
f 3388//3388 3391//3391 3389//3389
f 3389//3389 3391//3391 3392//3392
f 3389//3389 3392//3392 3390//3390
f 3390//3390 3392//3392 3393//3393
f 3391//3391 3394//3394 3392//3392
f 3392//3392 3394//3394 3395//3395
f 3392//3392 3395//3395 3393//3393
f 3393//3393 3395//3395 3396//3396
usemtl leaf_2
f 3397//3397 3400//3400 3398//3398
f 3398//3398 3400//3400 3401//3401
f 3398//3398 3401//3401 3399//3399
f 3399//3399 3401//3401 3402//3402
f 3400//3400 3403//3403 3401//3401
f 3401//3401 3403//3403 3404//3404
f 3401//3401 3404//3404 3402//3402
f 3402//3402 3404//3404 3405//3405
f 3403//3403 3406//3406 3404//3404
f 3404//3404 3406//3406 3407//3407
f 3404//3404 3407//3407 3405//3405
f 3405//3405 3407//3407 3408//3408
f 3406//3406 3409//3409 3407//3407
f 3407//3407 3409//3409 3410//3410
f 3407//3407 3410//3410 3408//3408
f 3408//3408 3410//3410 3411//3411
f 3409//3409 3412//3412 3410//3410
f 3410//3410 3412//3412 3413//3413
f 3410//3410 3413//3413 3411//3411
f 3411//3411 3413//3413 3414//3414
usemtl leaf_3
f 3415//3415 3418//3418 3416//3416
f 3416//3416 3418//3418 3419//3419
f 3416//3416 3419//3419 3417//3417
f 3417//3417 3419//3419 3420//3420
f 3418//3418 3421//3421 3419//3419
f 3419//3419 3421//3421 3422//3422
f 3419//3419 3422//3422 3420//3420
f 3420//3420 3422//3422 3423//3423
f 3421//3421 3424//3424 3422//3422
f 3422//3422 3424//3424 3425//3425
f 3422//3422 3425//3425 3423//3423
f 3423//3423 3425//3425 3426//3426
f 3424//3424 3427//3427 3425//3425
f 3425//3425 3427//3427 3428//3428
f 3425//3425 3428//3428 3426//3426
f 3426//3426 3428//3428 3429//3429
f 3427//3427 3430//3430 3428//3428
f 3428//3428 3430//3430 3431//3431
f 3428//3428 3431//3431 3429//3429
f 3429//3429 3431//3431 3432//3432
usemtl leaf_0
f 3433//3433 3436//3436 3434//3434
f 3434//3434 3436//3436 3437//3437
f 3434//3434 3437//3437 3435//3435
f 3435//3435 3437//3437 3438//3438
f 3436//3436 3439//3439 3437//3437
f 3437//3437 3439//3439 3440//3440
f 3437//3437 3440//3440 3438//3438
f 3438//3438 3440//3440 3441//3441
f 3439//3439 3442//3442 3440//3440
f 3440//3440 3442//3442 3443//3443
f 3440//3440 3443//3443 3441//3441
f 3441//3441 3443//3443 3444//3444
f 3442//3442 3445//3445 3443//3443
f 3443//3443 3445//3445 3446//3446
f 3443//3443 3446//3446 3444//3444
f 3444//3444 3446//3446 3447//3447
f 3445//3445 3448//3448 3446//3446
f 3446//3446 3448//3448 3449//3449
f 3446//3446 3449//3449 3447//3447
f 3447//3447 3449//3449 3450//3450
usemtl leaf_1
f 3451//3451 3454//3454 3452//3452
f 3452//3452 3454//3454 3455//3455
f 3452//3452 3455//3455 3453//3453
f 3453//3453 3455//3455 3456//3456
f 3454//3454 3457//3457 3455//3455
f 3455//3455 3457//3457 3458//3458
f 3455//3455 3458//3458 3456//3456
f 3456//3456 3458//3458 3459//3459
f 3457//3457 3460//3460 3458//3458
f 3458//3458 3460//3460 3461//3461
f 3458//3458 3461//3461 3459//3459
f 3459//3459 3461//3461 3462//3462
f 3460//3460 3463//3463 3461//3461
f 3461//3461 3463//3463 3464//3464
f 3461//3461 3464//3464 3462//3462
f 3462//3462 3464//3464 3465//3465
f 3463//3463 3466//3466 3464//3464
f 3464//3464 3466//3466 3467//3467
f 3464//3464 3467//3467 3465//3465
f 3465//3465 3467//3467 3468//3468
usemtl leaf_2
f 3469//3469 3472//3472 3470//3470
f 3470//3470 3472//3472 3473//3473
f 3470//3470 3473//3473 3471//3471
f 3471//3471 3473//3473 3474//3474
f 3472//3472 3475//3475 3473//3473
f 3473//3473 3475//3475 3476//3476
f 3473//3473 3476//3476 3474//3474
f 3474//3474 3476//3476 3477//3477
f 3475//3475 3478//3478 3476//3476
f 3476//3476 3478//3478 3479//3479
f 3476//3476 3479//3479 3477//3477
f 3477//3477 3479//3479 3480//3480
f 3478//3478 3481//3481 3479//3479
f 3479//3479 3481//3481 3482//3482
f 3479//3479 3482//3482 3480//3480
f 3480//3480 3482//3482 3483//3483
f 3481//3481 3484//3484 3482//3482
f 3482//3482 3484//3484 3485//3485
f 3482//3482 3485//3485 3483//3483
f 3483//3483 3485//3485 3486//3486
usemtl leaf_3
f 3487//3487 3490//3490 3488//3488
f 3488//3488 3490//3490 3491//3491
f 3488//3488 3491//3491 3489//3489
f 3489//3489 3491//3491 3492//3492
f 3490//3490 3493//3493 3491//3491
f 3491//3491 3493//3493 3494//3494
f 3491//3491 3494//3494 3492//3492
f 3492//3492 3494//3494 3495//3495
f 3493//3493 3496//3496 3494//3494
f 3494//3494 3496//3496 3497//3497
f 3494//3494 3497//3497 3495//3495
f 3495//3495 3497//3497 3498//3498
f 3496//3496 3499//3499 3497//3497
f 3497//3497 3499//3499 3500//3500
f 3497//3497 3500//3500 3498//3498
f 3498//3498 3500//3500 3501//3501
f 3499//3499 3502//3502 3500//3500
f 3500//3500 3502//3502 3503//3503
f 3500//3500 3503//3503 3501//3501
f 3501//3501 3503//3503 3504//3504
usemtl leaf_0
f 3505//3505 3508//3508 3506//3506
f 3506//3506 3508//3508 3509//3509
f 3506//3506 3509//3509 3507//3507
f 3507//3507 3509//3509 3510//3510
f 3508//3508 3511//3511 3509//3509
f 3509//3509 3511//3511 3512//3512
f 3509//3509 3512//3512 3510//3510
f 3510//3510 3512//3512 3513//3513
f 3511//3511 3514//3514 3512//3512
f 3512//3512 3514//3514 3515//3515
f 3512//3512 3515//3515 3513//3513
f 3513//3513 3515//3515 3516//3516
f 3514//3514 3517//3517 3515//3515
f 3515//3515 3517//3517 3518//3518
f 3515//3515 3518//3518 3516//3516
f 3516//3516 3518//3518 3519//3519
f 3517//3517 3520//3520 3518//3518
f 3518//3518 3520//3520 3521//3521
f 3518//3518 3521//3521 3519//3519
f 3519//3519 3521//3521 3522//3522
usemtl leaf_1
f 3523//3523 3526//3526 3524//3524
f 3524//3524 3526//3526 3527//3527
f 3524//3524 3527//3527 3525//3525
f 3525//3525 3527//3527 3528//3528
f 3526//3526 3529//3529 3527//3527
f 3527//3527 3529//3529 3530//3530
f 3527//3527 3530//3530 3528//3528
f 3528//3528 3530//3530 3531//3531
f 3529//3529 3532//3532 3530//3530
f 3530//3530 3532//3532 3533//3533
f 3530//3530 3533//3533 3531//3531
f 3531//3531 3533//3533 3534//3534
f 3532//3532 3535//3535 3533//3533
f 3533//3533 3535//3535 3536//3536
f 3533//3533 3536//3536 3534//3534
f 3534//3534 3536//3536 3537//3537
f 3535//3535 3538//3538 3536//3536
f 3536//3536 3538//3538 3539//3539
f 3536//3536 3539//3539 3537//3537
f 3537//3537 3539//3539 3540//3540
usemtl leaf_2
f 3541//3541 3544//3544 3542//3542
f 3542//3542 3544//3544 3545//3545
f 3542//3542 3545//3545 3543//3543
f 3543//3543 3545//3545 3546//3546
f 3544//3544 3547//3547 3545//3545
f 3545//3545 3547//3547 3548//3548
f 3545//3545 3548//3548 3546//3546
f 3546//3546 3548//3548 3549//3549
f 3547//3547 3550//3550 3548//3548
f 3548//3548 3550//3550 3551//3551
f 3548//3548 3551//3551 3549//3549
f 3549//3549 3551//3551 3552//3552
f 3550//3550 3553//3553 3551//3551
f 3551//3551 3553//3553 3554//3554
f 3551//3551 3554//3554 3552//3552
f 3552//3552 3554//3554 3555//3555
f 3553//3553 3556//3556 3554//3554
f 3554//3554 3556//3556 3557//3557
f 3554//3554 3557//3557 3555//3555
f 3555//3555 3557//3557 3558//3558
usemtl leaf_3
f 3559//3559 3562//3562 3560//3560
f 3560//3560 3562//3562 3563//3563
f 3560//3560 3563//3563 3561//3561
f 3561//3561 3563//3563 3564//3564
f 3562//3562 3565//3565 3563//3563
f 3563//3563 3565//3565 3566//3566
f 3563//3563 3566//3566 3564//3564
f 3564//3564 3566//3566 3567//3567
f 3565//3565 3568//3568 3566//3566
f 3566//3566 3568//3568 3569//3569
f 3566//3566 3569//3569 3567//3567
f 3567//3567 3569//3569 3570//3570
f 3568//3568 3571//3571 3569//3569
f 3569//3569 3571//3571 3572//3572
f 3569//3569 3572//3572 3570//3570
f 3570//3570 3572//3572 3573//3573
f 3571//3571 3574//3574 3572//3572
f 3572//3572 3574//3574 3575//3575
f 3572//3572 3575//3575 3573//3573
f 3573//3573 3575//3575 3576//3576
usemtl leaf_0
f 3577//3577 3580//3580 3578//3578
f 3578//3578 3580//3580 3581//3581
f 3578//3578 3581//3581 3579//3579
f 3579//3579 3581//3581 3582//3582
f 3580//3580 3583//3583 3581//3581
f 3581//3581 3583//3583 3584//3584
f 3581//3581 3584//3584 3582//3582
f 3582//3582 3584//3584 3585//3585
f 3583//3583 3586//3586 3584//3584
f 3584//3584 3586//3586 3587//3587
f 3584//3584 3587//3587 3585//3585
f 3585//3585 3587//3587 3588//3588
f 3586//3586 3589//3589 3587//3587
f 3587//3587 3589//3589 3590//3590
f 3587//3587 3590//3590 3588//3588
f 3588//3588 3590//3590 3591//3591
f 3589//3589 3592//3592 3590//3590
f 3590//3590 3592//3592 3593//3593
f 3590//3590 3593//3593 3591//3591
f 3591//3591 3593//3593 3594//3594
usemtl leaf_1
f 3595//3595 3598//3598 3596//3596
f 3596//3596 3598//3598 3599//3599
f 3596//3596 3599//3599 3597//3597
f 3597//3597 3599//3599 3600//3600
f 3598//3598 3601//3601 3599//3599
f 3599//3599 3601//3601 3602//3602
f 3599//3599 3602//3602 3600//3600
f 3600//3600 3602//3602 3603//3603
f 3601//3601 3604//3604 3602//3602
f 3602//3602 3604//3604 3605//3605
f 3602//3602 3605//3605 3603//3603
f 3603//3603 3605//3605 3606//3606
f 3604//3604 3607//3607 3605//3605
f 3605//3605 3607//3607 3608//3608
f 3605//3605 3608//3608 3606//3606
f 3606//3606 3608//3608 3609//3609
f 3607//3607 3610//3610 3608//3608
f 3608//3608 3610//3610 3611//3611
f 3608//3608 3611//3611 3609//3609
f 3609//3609 3611//3611 3612//3612
usemtl leaf_2
f 3613//3613 3616//3616 3614//3614
f 3614//3614 3616//3616 3617//3617
f 3614//3614 3617//3617 3615//3615
f 3615//3615 3617//3617 3618//3618
f 3616//3616 3619//3619 3617//3617
f 3617//3617 3619//3619 3620//3620
f 3617//3617 3620//3620 3618//3618
f 3618//3618 3620//3620 3621//3621
f 3619//3619 3622//3622 3620//3620
f 3620//3620 3622//3622 3623//3623
f 3620//3620 3623//3623 3621//3621
f 3621//3621 3623//3623 3624//3624
f 3622//3622 3625//3625 3623//3623
f 3623//3623 3625//3625 3626//3626
f 3623//3623 3626//3626 3624//3624
f 3624//3624 3626//3626 3627//3627
f 3625//3625 3628//3628 3626//3626
f 3626//3626 3628//3628 3629//3629
f 3626//3626 3629//3629 3627//3627
f 3627//3627 3629//3629 3630//3630
usemtl leaf_3
f 3631//3631 3634//3634 3632//3632
f 3632//3632 3634//3634 3635//3635
f 3632//3632 3635//3635 3633//3633
f 3633//3633 3635//3635 3636//3636
f 3634//3634 3637//3637 3635//3635
f 3635//3635 3637//3637 3638//3638
f 3635//3635 3638//3638 3636//3636
f 3636//3636 3638//3638 3639//3639
f 3637//3637 3640//3640 3638//3638
f 3638//3638 3640//3640 3641//3641
f 3638//3638 3641//3641 3639//3639
f 3639//3639 3641//3641 3642//3642
f 3640//3640 3643//3643 3641//3641
f 3641//3641 3643//3643 3644//3644
f 3641//3641 3644//3644 3642//3642
f 3642//3642 3644//3644 3645//3645
f 3643//3643 3646//3646 3644//3644
f 3644//3644 3646//3646 3647//3647
f 3644//3644 3647//3647 3645//3645
f 3645//3645 3647//3647 3648//3648
usemtl leaf_0
f 3649//3649 3652//3652 3650//3650
f 3650//3650 3652//3652 3653//3653
f 3650//3650 3653//3653 3651//3651
f 3651//3651 3653//3653 3654//3654
f 3652//3652 3655//3655 3653//3653
f 3653//3653 3655//3655 3656//3656
f 3653//3653 3656//3656 3654//3654
f 3654//3654 3656//3656 3657//3657
f 3655//3655 3658//3658 3656//3656
f 3656//3656 3658//3658 3659//3659
f 3656//3656 3659//3659 3657//3657
f 3657//3657 3659//3659 3660//3660
f 3658//3658 3661//3661 3659//3659
f 3659//3659 3661//3661 3662//3662
f 3659//3659 3662//3662 3660//3660
f 3660//3660 3662//3662 3663//3663
f 3661//3661 3664//3664 3662//3662
f 3662//3662 3664//3664 3665//3665
f 3662//3662 3665//3665 3663//3663
f 3663//3663 3665//3665 3666//3666
usemtl leaf_1
f 3667//3667 3670//3670 3668//3668
f 3668//3668 3670//3670 3671//3671
f 3668//3668 3671//3671 3669//3669
f 3669//3669 3671//3671 3672//3672
f 3670//3670 3673//3673 3671//3671
f 3671//3671 3673//3673 3674//3674
f 3671//3671 3674//3674 3672//3672
f 3672//3672 3674//3674 3675//3675
f 3673//3673 3676//3676 3674//3674
f 3674//3674 3676//3676 3677//3677
f 3674//3674 3677//3677 3675//3675
f 3675//3675 3677//3677 3678//3678
f 3676//3676 3679//3679 3677//3677
f 3677//3677 3679//3679 3680//3680
f 3677//3677 3680//3680 3678//3678
f 3678//3678 3680//3680 3681//3681
f 3679//3679 3682//3682 3680//3680
f 3680//3680 3682//3682 3683//3683
f 3680//3680 3683//3683 3681//3681
f 3681//3681 3683//3683 3684//3684
usemtl leaf_2
f 3685//3685 3688//3688 3686//3686
f 3686//3686 3688//3688 3689//3689
f 3686//3686 3689//3689 3687//3687
f 3687//3687 3689//3689 3690//3690
f 3688//3688 3691//3691 3689//3689
f 3689//3689 3691//3691 3692//3692
f 3689//3689 3692//3692 3690//3690
f 3690//3690 3692//3692 3693//3693
f 3691//3691 3694//3694 3692//3692
f 3692//3692 3694//3694 3695//3695
f 3692//3692 3695//3695 3693//3693
f 3693//3693 3695//3695 3696//3696
f 3694//3694 3697//3697 3695//3695
f 3695//3695 3697//3697 3698//3698
f 3695//3695 3698//3698 3696//3696
f 3696//3696 3698//3698 3699//3699
f 3697//3697 3700//3700 3698//3698
f 3698//3698 3700//3700 3701//3701
f 3698//3698 3701//3701 3699//3699
f 3699//3699 3701//3701 3702//3702
usemtl leaf_3
f 3703//3703 3706//3706 3704//3704
f 3704//3704 3706//3706 3707//3707
f 3704//3704 3707//3707 3705//3705
f 3705//3705 3707//3707 3708//3708
f 3706//3706 3709//3709 3707//3707
f 3707//3707 3709//3709 3710//3710
f 3707//3707 3710//3710 3708//3708
f 3708//3708 3710//3710 3711//3711
f 3709//3709 3712//3712 3710//3710
f 3710//3710 3712//3712 3713//3713
f 3710//3710 3713//3713 3711//3711
f 3711//3711 3713//3713 3714//3714
f 3712//3712 3715//3715 3713//3713
f 3713//3713 3715//3715 3716//3716
f 3713//3713 3716//3716 3714//3714
f 3714//3714 3716//3716 3717//3717
f 3715//3715 3718//3718 3716//3716
f 3716//3716 3718//3718 3719//3719
f 3716//3716 3719//3719 3717//3717
f 3717//3717 3719//3719 3720//3720
usemtl leaf_0
f 3721//3721 3724//3724 3722//3722
f 3722//3722 3724//3724 3725//3725
f 3722//3722 3725//3725 3723//3723
f 3723//3723 3725//3725 3726//3726
f 3724//3724 3727//3727 3725//3725
f 3725//3725 3727//3727 3728//3728
f 3725//3725 3728//3728 3726//3726
f 3726//3726 3728//3728 3729//3729
f 3727//3727 3730//3730 3728//3728
f 3728//3728 3730//3730 3731//3731
f 3728//3728 3731//3731 3729//3729
f 3729//3729 3731//3731 3732//3732
f 3730//3730 3733//3733 3731//3731
f 3731//3731 3733//3733 3734//3734
f 3731//3731 3734//3734 3732//3732
f 3732//3732 3734//3734 3735//3735
f 3733//3733 3736//3736 3734//3734
f 3734//3734 3736//3736 3737//3737
f 3734//3734 3737//3737 3735//3735
f 3735//3735 3737//3737 3738//3738
usemtl leaf_1
f 3739//3739 3742//3742 3740//3740
f 3740//3740 3742//3742 3743//3743
f 3740//3740 3743//3743 3741//3741
f 3741//3741 3743//3743 3744//3744
f 3742//3742 3745//3745 3743//3743
f 3743//3743 3745//3745 3746//3746
f 3743//3743 3746//3746 3744//3744
f 3744//3744 3746//3746 3747//3747
f 3745//3745 3748//3748 3746//3746
f 3746//3746 3748//3748 3749//3749
f 3746//3746 3749//3749 3747//3747
f 3747//3747 3749//3749 3750//3750
f 3748//3748 3751//3751 3749//3749
f 3749//3749 3751//3751 3752//3752
f 3749//3749 3752//3752 3750//3750
f 3750//3750 3752//3752 3753//3753
f 3751//3751 3754//3754 3752//3752
f 3752//3752 3754//3754 3755//3755
f 3752//3752 3755//3755 3753//3753
f 3753//3753 3755//3755 3756//3756
usemtl leaf_2
f 3757//3757 3760//3760 3758//3758
f 3758//3758 3760//3760 3761//3761
f 3758//3758 3761//3761 3759//3759
f 3759//3759 3761//3761 3762//3762
f 3760//3760 3763//3763 3761//3761
f 3761//3761 3763//3763 3764//3764
f 3761//3761 3764//3764 3762//3762
f 3762//3762 3764//3764 3765//3765
f 3763//3763 3766//3766 3764//3764
f 3764//3764 3766//3766 3767//3767
f 3764//3764 3767//3767 3765//3765
f 3765//3765 3767//3767 3768//3768
f 3766//3766 3769//3769 3767//3767
f 3767//3767 3769//3769 3770//3770
f 3767//3767 3770//3770 3768//3768
f 3768//3768 3770//3770 3771//3771
f 3769//3769 3772//3772 3770//3770
f 3770//3770 3772//3772 3773//3773
f 3770//3770 3773//3773 3771//3771
f 3771//3771 3773//3773 3774//3774
usemtl leaf_3
f 3775//3775 3778//3778 3776//3776
f 3776//3776 3778//3778 3779//3779
f 3776//3776 3779//3779 3777//3777
f 3777//3777 3779//3779 3780//3780
f 3778//3778 3781//3781 3779//3779
f 3779//3779 3781//3781 3782//3782
f 3779//3779 3782//3782 3780//3780
f 3780//3780 3782//3782 3783//3783
f 3781//3781 3784//3784 3782//3782
f 3782//3782 3784//3784 3785//3785
f 3782//3782 3785//3785 3783//3783
f 3783//3783 3785//3785 3786//3786
f 3784//3784 3787//3787 3785//3785
f 3785//3785 3787//3787 3788//3788
f 3785//3785 3788//3788 3786//3786
f 3786//3786 3788//3788 3789//3789
f 3787//3787 3790//3790 3788//3788
f 3788//3788 3790//3790 3791//3791
f 3788//3788 3791//3791 3789//3789
f 3789//3789 3791//3791 3792//3792
usemtl leaf_0
f 3793//3793 3796//3796 3794//3794
f 3794//3794 3796//3796 3797//3797
f 3794//3794 3797//3797 3795//3795
f 3795//3795 3797//3797 3798//3798
f 3796//3796 3799//3799 3797//3797
f 3797//3797 3799//3799 3800//3800
f 3797//3797 3800//3800 3798//3798
f 3798//3798 3800//3800 3801//3801
f 3799//3799 3802//3802 3800//3800
f 3800//3800 3802//3802 3803//3803
f 3800//3800 3803//3803 3801//3801
f 3801//3801 3803//3803 3804//3804
f 3802//3802 3805//3805 3803//3803
f 3803//3803 3805//3805 3806//3806
f 3803//3803 3806//3806 3804//3804
f 3804//3804 3806//3806 3807//3807
f 3805//3805 3808//3808 3806//3806
f 3806//3806 3808//3808 3809//3809
f 3806//3806 3809//3809 3807//3807
f 3807//3807 3809//3809 3810//3810
usemtl leaf_1
f 3811//3811 3814//3814 3812//3812
f 3812//3812 3814//3814 3815//3815
f 3812//3812 3815//3815 3813//3813
f 3813//3813 3815//3815 3816//3816
f 3814//3814 3817//3817 3815//3815
f 3815//3815 3817//3817 3818//3818
f 3815//3815 3818//3818 3816//3816
f 3816//3816 3818//3818 3819//3819
f 3817//3817 3820//3820 3818//3818
f 3818//3818 3820//3820 3821//3821
f 3818//3818 3821//3821 3819//3819
f 3819//3819 3821//3821 3822//3822
f 3820//3820 3823//3823 3821//3821
f 3821//3821 3823//3823 3824//3824
f 3821//3821 3824//3824 3822//3822
f 3822//3822 3824//3824 3825//3825
f 3823//3823 3826//3826 3824//3824
f 3824//3824 3826//3826 3827//3827
f 3824//3824 3827//3827 3825//3825
f 3825//3825 3827//3827 3828//3828
usemtl leaf_2
f 3829//3829 3832//3832 3830//3830
f 3830//3830 3832//3832 3833//3833
f 3830//3830 3833//3833 3831//3831
f 3831//3831 3833//3833 3834//3834
f 3832//3832 3835//3835 3833//3833
f 3833//3833 3835//3835 3836//3836
f 3833//3833 3836//3836 3834//3834
f 3834//3834 3836//3836 3837//3837
f 3835//3835 3838//3838 3836//3836
f 3836//3836 3838//3838 3839//3839
f 3836//3836 3839//3839 3837//3837
f 3837//3837 3839//3839 3840//3840
f 3838//3838 3841//3841 3839//3839
f 3839//3839 3841//3841 3842//3842
f 3839//3839 3842//3842 3840//3840
f 3840//3840 3842//3842 3843//3843
f 3841//3841 3844//3844 3842//3842
f 3842//3842 3844//3844 3845//3845
f 3842//3842 3845//3845 3843//3843
f 3843//3843 3845//3845 3846//3846
usemtl leaf_3
f 3847//3847 3850//3850 3848//3848
f 3848//3848 3850//3850 3851//3851
f 3848//3848 3851//3851 3849//3849
f 3849//3849 3851//3851 3852//3852
f 3850//3850 3853//3853 3851//3851
f 3851//3851 3853//3853 3854//3854
f 3851//3851 3854//3854 3852//3852
f 3852//3852 3854//3854 3855//3855
f 3853//3853 3856//3856 3854//3854
f 3854//3854 3856//3856 3857//3857
f 3854//3854 3857//3857 3855//3855
f 3855//3855 3857//3857 3858//3858
f 3856//3856 3859//3859 3857//3857
f 3857//3857 3859//3859 3860//3860
f 3857//3857 3860//3860 3858//3858
f 3858//3858 3860//3860 3861//3861
f 3859//3859 3862//3862 3860//3860
f 3860//3860 3862//3862 3863//3863
f 3860//3860 3863//3863 3861//3861
f 3861//3861 3863//3863 3864//3864
usemtl leaf_0
f 3865//3865 3868//3868 3866//3866
f 3866//3866 3868//3868 3869//3869
f 3866//3866 3869//3869 3867//3867
f 3867//3867 3869//3869 3870//3870
f 3868//3868 3871//3871 3869//3869
f 3869//3869 3871//3871 3872//3872
f 3869//3869 3872//3872 3870//3870
f 3870//3870 3872//3872 3873//3873
f 3871//3871 3874//3874 3872//3872
f 3872//3872 3874//3874 3875//3875
f 3872//3872 3875//3875 3873//3873
f 3873//3873 3875//3875 3876//3876
f 3874//3874 3877//3877 3875//3875
f 3875//3875 3877//3877 3878//3878
f 3875//3875 3878//3878 3876//3876
f 3876//3876 3878//3878 3879//3879
f 3877//3877 3880//3880 3878//3878
f 3878//3878 3880//3880 3881//3881
f 3878//3878 3881//3881 3879//3879
f 3879//3879 3881//3881 3882//3882
usemtl leaf_1
f 3883//3883 3886//3886 3884//3884
f 3884//3884 3886//3886 3887//3887
f 3884//3884 3887//3887 3885//3885
f 3885//3885 3887//3887 3888//3888
f 3886//3886 3889//3889 3887//3887
f 3887//3887 3889//3889 3890//3890
f 3887//3887 3890//3890 3888//3888
f 3888//3888 3890//3890 3891//3891
f 3889//3889 3892//3892 3890//3890
f 3890//3890 3892//3892 3893//3893
f 3890//3890 3893//3893 3891//3891
f 3891//3891 3893//3893 3894//3894
f 3892//3892 3895//3895 3893//3893
f 3893//3893 3895//3895 3896//3896
f 3893//3893 3896//3896 3894//3894
f 3894//3894 3896//3896 3897//3897
f 3895//3895 3898//3898 3896//3896
f 3896//3896 3898//3898 3899//3899
f 3896//3896 3899//3899 3897//3897
f 3897//3897 3899//3899 3900//3900
usemtl leaf_2
f 3901//3901 3904//3904 3902//3902
f 3902//3902 3904//3904 3905//3905
f 3902//3902 3905//3905 3903//3903
f 3903//3903 3905//3905 3906//3906
f 3904//3904 3907//3907 3905//3905
f 3905//3905 3907//3907 3908//3908
f 3905//3905 3908//3908 3906//3906
f 3906//3906 3908//3908 3909//3909
f 3907//3907 3910//3910 3908//3908
f 3908//3908 3910//3910 3911//3911
f 3908//3908 3911//3911 3909//3909
f 3909//3909 3911//3911 3912//3912
f 3910//3910 3913//3913 3911//3911
f 3911//3911 3913//3913 3914//3914
f 3911//3911 3914//3914 3912//3912
f 3912//3912 3914//3914 3915//3915
f 3913//3913 3916//3916 3914//3914
f 3914//3914 3916//3916 3917//3917
f 3914//3914 3917//3917 3915//3915
f 3915//3915 3917//3917 3918//3918
usemtl leaf_3
f 3919//3919 3922//3922 3920//3920
f 3920//3920 3922//3922 3923//3923
f 3920//3920 3923//3923 3921//3921
f 3921//3921 3923//3923 3924//3924
f 3922//3922 3925//3925 3923//3923
f 3923//3923 3925//3925 3926//3926
f 3923//3923 3926//3926 3924//3924
f 3924//3924 3926//3926 3927//3927
f 3925//3925 3928//3928 3926//3926
f 3926//3926 3928//3928 3929//3929
f 3926//3926 3929//3929 3927//3927
f 3927//3927 3929//3929 3930//3930
f 3928//3928 3931//3931 3929//3929
f 3929//3929 3931//3931 3932//3932
f 3929//3929 3932//3932 3930//3930
f 3930//3930 3932//3932 3933//3933
f 3931//3931 3934//3934 3932//3932
f 3932//3932 3934//3934 3935//3935
f 3932//3932 3935//3935 3933//3933
f 3933//3933 3935//3935 3936//3936
usemtl leaf_0
f 3937//3937 3940//3940 3938//3938
f 3938//3938 3940//3940 3941//3941
f 3938//3938 3941//3941 3939//3939
f 3939//3939 3941//3941 3942//3942
f 3940//3940 3943//3943 3941//3941
f 3941//3941 3943//3943 3944//3944
f 3941//3941 3944//3944 3942//3942
f 3942//3942 3944//3944 3945//3945
f 3943//3943 3946//3946 3944//3944
f 3944//3944 3946//3946 3947//3947
f 3944//3944 3947//3947 3945//3945
f 3945//3945 3947//3947 3948//3948
f 3946//3946 3949//3949 3947//3947
f 3947//3947 3949//3949 3950//3950
f 3947//3947 3950//3950 3948//3948
f 3948//3948 3950//3950 3951//3951
f 3949//3949 3952//3952 3950//3950
f 3950//3950 3952//3952 3953//3953
f 3950//3950 3953//3953 3951//3951
f 3951//3951 3953//3953 3954//3954
usemtl leaf_1
f 3955//3955 3958//3958 3956//3956
f 3956//3956 3958//3958 3959//3959
f 3956//3956 3959//3959 3957//3957
f 3957//3957 3959//3959 3960//3960
f 3958//3958 3961//3961 3959//3959
f 3959//3959 3961//3961 3962//3962
f 3959//3959 3962//3962 3960//3960
f 3960//3960 3962//3962 3963//3963
f 3961//3961 3964//3964 3962//3962
f 3962//3962 3964//3964 3965//3965
f 3962//3962 3965//3965 3963//3963
f 3963//3963 3965//3965 3966//3966
f 3964//3964 3967//3967 3965//3965
f 3965//3965 3967//3967 3968//3968
f 3965//3965 3968//3968 3966//3966
f 3966//3966 3968//3968 3969//3969
f 3967//3967 3970//3970 3968//3968
f 3968//3968 3970//3970 3971//3971
f 3968//3968 3971//3971 3969//3969
f 3969//3969 3971//3971 3972//3972
usemtl leaf_2
f 3973//3973 3976//3976 3974//3974
f 3974//3974 3976//3976 3977//3977
f 3974//3974 3977//3977 3975//3975
f 3975//3975 3977//3977 3978//3978
f 3976//3976 3979//3979 3977//3977
f 3977//3977 3979//3979 3980//3980
f 3977//3977 3980//3980 3978//3978
f 3978//3978 3980//3980 3981//3981
f 3979//3979 3982//3982 3980//3980
f 3980//3980 3982//3982 3983//3983
f 3980//3980 3983//3983 3981//3981
f 3981//3981 3983//3983 3984//3984
f 3982//3982 3985//3985 3983//3983
f 3983//3983 3985//3985 3986//3986
f 3983//3983 3986//3986 3984//3984
f 3984//3984 3986//3986 3987//3987
f 3985//3985 3988//3988 3986//3986
f 3986//3986 3988//3988 3989//3989
f 3986//3986 3989//3989 3987//3987
f 3987//3987 3989//3989 3990//3990
usemtl leaf_3
f 3991//3991 3994//3994 3992//3992
f 3992//3992 3994//3994 3995//3995
f 3992//3992 3995//3995 3993//3993
f 3993//3993 3995//3995 3996//3996
f 3994//3994 3997//3997 3995//3995
f 3995//3995 3997//3997 3998//3998
f 3995//3995 3998//3998 3996//3996
f 3996//3996 3998//3998 3999//3999
f 3997//3997 4000//4000 3998//3998
f 3998//3998 4000//4000 4001//4001
f 3998//3998 4001//4001 3999//3999
f 3999//3999 4001//4001 4002//4002
f 4000//4000 4003//4003 4001//4001
f 4001//4001 4003//4003 4004//4004
f 4001//4001 4004//4004 4002//4002
f 4002//4002 4004//4004 4005//4005
f 4003//4003 4006//4006 4004//4004
f 4004//4004 4006//4006 4007//4007
f 4004//4004 4007//4007 4005//4005
f 4005//4005 4007//4007 4008//4008
usemtl leaf_0
f 4009//4009 4012//4012 4010//4010
f 4010//4010 4012//4012 4013//4013
f 4010//4010 4013//4013 4011//4011
f 4011//4011 4013//4013 4014//4014
f 4012//4012 4015//4015 4013//4013
f 4013//4013 4015//4015 4016//4016
f 4013//4013 4016//4016 4014//4014
f 4014//4014 4016//4016 4017//4017
f 4015//4015 4018//4018 4016//4016
f 4016//4016 4018//4018 4019//4019
f 4016//4016 4019//4019 4017//4017
f 4017//4017 4019//4019 4020//4020
f 4018//4018 4021//4021 4019//4019
f 4019//4019 4021//4021 4022//4022
f 4019//4019 4022//4022 4020//4020
f 4020//4020 4022//4022 4023//4023
f 4021//4021 4024//4024 4022//4022
f 4022//4022 4024//4024 4025//4025
f 4022//4022 4025//4025 4023//4023
f 4023//4023 4025//4025 4026//4026
usemtl leaf_1
f 4027//4027 4030//4030 4028//4028
f 4028//4028 4030//4030 4031//4031
f 4028//4028 4031//4031 4029//4029
f 4029//4029 4031//4031 4032//4032
f 4030//4030 4033//4033 4031//4031
f 4031//4031 4033//4033 4034//4034
f 4031//4031 4034//4034 4032//4032
f 4032//4032 4034//4034 4035//4035
f 4033//4033 4036//4036 4034//4034
f 4034//4034 4036//4036 4037//4037
f 4034//4034 4037//4037 4035//4035
f 4035//4035 4037//4037 4038//4038
f 4036//4036 4039//4039 4037//4037
f 4037//4037 4039//4039 4040//4040
f 4037//4037 4040//4040 4038//4038
f 4038//4038 4040//4040 4041//4041
f 4039//4039 4042//4042 4040//4040
f 4040//4040 4042//4042 4043//4043
f 4040//4040 4043//4043 4041//4041
f 4041//4041 4043//4043 4044//4044
usemtl leaf_2
f 4045//4045 4048//4048 4046//4046
f 4046//4046 4048//4048 4049//4049
f 4046//4046 4049//4049 4047//4047
f 4047//4047 4049//4049 4050//4050
f 4048//4048 4051//4051 4049//4049
f 4049//4049 4051//4051 4052//4052
f 4049//4049 4052//4052 4050//4050
f 4050//4050 4052//4052 4053//4053
f 4051//4051 4054//4054 4052//4052
f 4052//4052 4054//4054 4055//4055
f 4052//4052 4055//4055 4053//4053
f 4053//4053 4055//4055 4056//4056
f 4054//4054 4057//4057 4055//4055
f 4055//4055 4057//4057 4058//4058
f 4055//4055 4058//4058 4056//4056
f 4056//4056 4058//4058 4059//4059
f 4057//4057 4060//4060 4058//4058
f 4058//4058 4060//4060 4061//4061
f 4058//4058 4061//4061 4059//4059
f 4059//4059 4061//4061 4062//4062
usemtl leaf_3
f 4063//4063 4066//4066 4064//4064
f 4064//4064 4066//4066 4067//4067
f 4064//4064 4067//4067 4065//4065
f 4065//4065 4067//4067 4068//4068
f 4066//4066 4069//4069 4067//4067
f 4067//4067 4069//4069 4070//4070
f 4067//4067 4070//4070 4068//4068
f 4068//4068 4070//4070 4071//4071
f 4069//4069 4072//4072 4070//4070
f 4070//4070 4072//4072 4073//4073
f 4070//4070 4073//4073 4071//4071
f 4071//4071 4073//4073 4074//4074
f 4072//4072 4075//4075 4073//4073
f 4073//4073 4075//4075 4076//4076
f 4073//4073 4076//4076 4074//4074
f 4074//4074 4076//4076 4077//4077
f 4075//4075 4078//4078 4076//4076
f 4076//4076 4078//4078 4079//4079
f 4076//4076 4079//4079 4077//4077
f 4077//4077 4079//4079 4080//4080
usemtl leaf_0
f 4081//4081 4084//4084 4082//4082
f 4082//4082 4084//4084 4085//4085
f 4082//4082 4085//4085 4083//4083
f 4083//4083 4085//4085 4086//4086
f 4084//4084 4087//4087 4085//4085
f 4085//4085 4087//4087 4088//4088
f 4085//4085 4088//4088 4086//4086
f 4086//4086 4088//4088 4089//4089
f 4087//4087 4090//4090 4088//4088
f 4088//4088 4090//4090 4091//4091
f 4088//4088 4091//4091 4089//4089
f 4089//4089 4091//4091 4092//4092
f 4090//4090 4093//4093 4091//4091
f 4091//4091 4093//4093 4094//4094
f 4091//4091 4094//4094 4092//4092
f 4092//4092 4094//4094 4095//4095
f 4093//4093 4096//4096 4094//4094
f 4094//4094 4096//4096 4097//4097
f 4094//4094 4097//4097 4095//4095
f 4095//4095 4097//4097 4098//4098
usemtl leaf_1
f 4099//4099 4102//4102 4100//4100
f 4100//4100 4102//4102 4103//4103
f 4100//4100 4103//4103 4101//4101
f 4101//4101 4103//4103 4104//4104
f 4102//4102 4105//4105 4103//4103
f 4103//4103 4105//4105 4106//4106
f 4103//4103 4106//4106 4104//4104
f 4104//4104 4106//4106 4107//4107
f 4105//4105 4108//4108 4106//4106
f 4106//4106 4108//4108 4109//4109
f 4106//4106 4109//4109 4107//4107
f 4107//4107 4109//4109 4110//4110
f 4108//4108 4111//4111 4109//4109
f 4109//4109 4111//4111 4112//4112
f 4109//4109 4112//4112 4110//4110
f 4110//4110 4112//4112 4113//4113
f 4111//4111 4114//4114 4112//4112
f 4112//4112 4114//4114 4115//4115
f 4112//4112 4115//4115 4113//4113
f 4113//4113 4115//4115 4116//4116
usemtl leaf_2
f 4117//4117 4120//4120 4118//4118
f 4118//4118 4120//4120 4121//4121
f 4118//4118 4121//4121 4119//4119
f 4119//4119 4121//4121 4122//4122
f 4120//4120 4123//4123 4121//4121
f 4121//4121 4123//4123 4124//4124
f 4121//4121 4124//4124 4122//4122
f 4122//4122 4124//4124 4125//4125
f 4123//4123 4126//4126 4124//4124
f 4124//4124 4126//4126 4127//4127
f 4124//4124 4127//4127 4125//4125
f 4125//4125 4127//4127 4128//4128
f 4126//4126 4129//4129 4127//4127
f 4127//4127 4129//4129 4130//4130
f 4127//4127 4130//4130 4128//4128
f 4128//4128 4130//4130 4131//4131
f 4129//4129 4132//4132 4130//4130
f 4130//4130 4132//4132 4133//4133
f 4130//4130 4133//4133 4131//4131
f 4131//4131 4133//4133 4134//4134
usemtl leaf_3
f 4135//4135 4138//4138 4136//4136
f 4136//4136 4138//4138 4139//4139
f 4136//4136 4139//4139 4137//4137
f 4137//4137 4139//4139 4140//4140
f 4138//4138 4141//4141 4139//4139
f 4139//4139 4141//4141 4142//4142
f 4139//4139 4142//4142 4140//4140
f 4140//4140 4142//4142 4143//4143
f 4141//4141 4144//4144 4142//4142
f 4142//4142 4144//4144 4145//4145
f 4142//4142 4145//4145 4143//4143
f 4143//4143 4145//4145 4146//4146
f 4144//4144 4147//4147 4145//4145
f 4145//4145 4147//4147 4148//4148
f 4145//4145 4148//4148 4146//4146
f 4146//4146 4148//4148 4149//4149
f 4147//4147 4150//4150 4148//4148
f 4148//4148 4150//4150 4151//4151
f 4148//4148 4151//4151 4149//4149
f 4149//4149 4151//4151 4152//4152
usemtl leaf_0
f 4153//4153 4156//4156 4154//4154
f 4154//4154 4156//4156 4157//4157
f 4154//4154 4157//4157 4155//4155
f 4155//4155 4157//4157 4158//4158
f 4156//4156 4159//4159 4157//4157
f 4157//4157 4159//4159 4160//4160
f 4157//4157 4160//4160 4158//4158
f 4158//4158 4160//4160 4161//4161
f 4159//4159 4162//4162 4160//4160
f 4160//4160 4162//4162 4163//4163
f 4160//4160 4163//4163 4161//4161
f 4161//4161 4163//4163 4164//4164
f 4162//4162 4165//4165 4163//4163
f 4163//4163 4165//4165 4166//4166
f 4163//4163 4166//4166 4164//4164
f 4164//4164 4166//4166 4167//4167
f 4165//4165 4168//4168 4166//4166
f 4166//4166 4168//4168 4169//4169
f 4166//4166 4169//4169 4167//4167
f 4167//4167 4169//4169 4170//4170
usemtl leaf_1
f 4171//4171 4174//4174 4172//4172
f 4172//4172 4174//4174 4175//4175
f 4172//4172 4175//4175 4173//4173
f 4173//4173 4175//4175 4176//4176
f 4174//4174 4177//4177 4175//4175
f 4175//4175 4177//4177 4178//4178
f 4175//4175 4178//4178 4176//4176
f 4176//4176 4178//4178 4179//4179
f 4177//4177 4180//4180 4178//4178
f 4178//4178 4180//4180 4181//4181
f 4178//4178 4181//4181 4179//4179
f 4179//4179 4181//4181 4182//4182
f 4180//4180 4183//4183 4181//4181
f 4181//4181 4183//4183 4184//4184
f 4181//4181 4184//4184 4182//4182
f 4182//4182 4184//4184 4185//4185
f 4183//4183 4186//4186 4184//4184
f 4184//4184 4186//4186 4187//4187
f 4184//4184 4187//4187 4185//4185
f 4185//4185 4187//4187 4188//4188
usemtl leaf_2
f 4189//4189 4192//4192 4190//4190
f 4190//4190 4192//4192 4193//4193
f 4190//4190 4193//4193 4191//4191
f 4191//4191 4193//4193 4194//4194
f 4192//4192 4195//4195 4193//4193
f 4193//4193 4195//4195 4196//4196
f 4193//4193 4196//4196 4194//4194
f 4194//4194 4196//4196 4197//4197
f 4195//4195 4198//4198 4196//4196
f 4196//4196 4198//4198 4199//4199
f 4196//4196 4199//4199 4197//4197
f 4197//4197 4199//4199 4200//4200
f 4198//4198 4201//4201 4199//4199
f 4199//4199 4201//4201 4202//4202
f 4199//4199 4202//4202 4200//4200
f 4200//4200 4202//4202 4203//4203
f 4201//4201 4204//4204 4202//4202
f 4202//4202 4204//4204 4205//4205
f 4202//4202 4205//4205 4203//4203
f 4203//4203 4205//4205 4206//4206
usemtl leaf_3
f 4207//4207 4210//4210 4208//4208
f 4208//4208 4210//4210 4211//4211
f 4208//4208 4211//4211 4209//4209
f 4209//4209 4211//4211 4212//4212
f 4210//4210 4213//4213 4211//4211
f 4211//4211 4213//4213 4214//4214
f 4211//4211 4214//4214 4212//4212
f 4212//4212 4214//4214 4215//4215
f 4213//4213 4216//4216 4214//4214
f 4214//4214 4216//4216 4217//4217
f 4214//4214 4217//4217 4215//4215
f 4215//4215 4217//4217 4218//4218
f 4216//4216 4219//4219 4217//4217
f 4217//4217 4219//4219 4220//4220
f 4217//4217 4220//4220 4218//4218
f 4218//4218 4220//4220 4221//4221
f 4219//4219 4222//4222 4220//4220
f 4220//4220 4222//4222 4223//4223
f 4220//4220 4223//4223 4221//4221
f 4221//4221 4223//4223 4224//4224
usemtl leaf_0
f 4225//4225 4228//4228 4226//4226
f 4226//4226 4228//4228 4229//4229
f 4226//4226 4229//4229 4227//4227
f 4227//4227 4229//4229 4230//4230
f 4228//4228 4231//4231 4229//4229
f 4229//4229 4231//4231 4232//4232
f 4229//4229 4232//4232 4230//4230
f 4230//4230 4232//4232 4233//4233
f 4231//4231 4234//4234 4232//4232
f 4232//4232 4234//4234 4235//4235
f 4232//4232 4235//4235 4233//4233
f 4233//4233 4235//4235 4236//4236
f 4234//4234 4237//4237 4235//4235
f 4235//4235 4237//4237 4238//4238
f 4235//4235 4238//4238 4236//4236
f 4236//4236 4238//4238 4239//4239
f 4237//4237 4240//4240 4238//4238
f 4238//4238 4240//4240 4241//4241
f 4238//4238 4241//4241 4239//4239
f 4239//4239 4241//4241 4242//4242
usemtl leaf_1
f 4243//4243 4246//4246 4244//4244
f 4244//4244 4246//4246 4247//4247
f 4244//4244 4247//4247 4245//4245
f 4245//4245 4247//4247 4248//4248
f 4246//4246 4249//4249 4247//4247
f 4247//4247 4249//4249 4250//4250
f 4247//4247 4250//4250 4248//4248
f 4248//4248 4250//4250 4251//4251
f 4249//4249 4252//4252 4250//4250
f 4250//4250 4252//4252 4253//4253
f 4250//4250 4253//4253 4251//4251
f 4251//4251 4253//4253 4254//4254
f 4252//4252 4255//4255 4253//4253
f 4253//4253 4255//4255 4256//4256
f 4253//4253 4256//4256 4254//4254
f 4254//4254 4256//4256 4257//4257
f 4255//4255 4258//4258 4256//4256
f 4256//4256 4258//4258 4259//4259
f 4256//4256 4259//4259 4257//4257
f 4257//4257 4259//4259 4260//4260
usemtl leaf_2
f 4261//4261 4264//4264 4262//4262
f 4262//4262 4264//4264 4265//4265
f 4262//4262 4265//4265 4263//4263
f 4263//4263 4265//4265 4266//4266
f 4264//4264 4267//4267 4265//4265
f 4265//4265 4267//4267 4268//4268
f 4265//4265 4268//4268 4266//4266
f 4266//4266 4268//4268 4269//4269
f 4267//4267 4270//4270 4268//4268
f 4268//4268 4270//4270 4271//4271
f 4268//4268 4271//4271 4269//4269
f 4269//4269 4271//4271 4272//4272
f 4270//4270 4273//4273 4271//4271
f 4271//4271 4273//4273 4274//4274
f 4271//4271 4274//4274 4272//4272
f 4272//4272 4274//4274 4275//4275
f 4273//4273 4276//4276 4274//4274
f 4274//4274 4276//4276 4277//4277
f 4274//4274 4277//4277 4275//4275
f 4275//4275 4277//4277 4278//4278
usemtl leaf_3
f 4279//4279 4282//4282 4280//4280
f 4280//4280 4282//4282 4283//4283
f 4280//4280 4283//4283 4281//4281
f 4281//4281 4283//4283 4284//4284
f 4282//4282 4285//4285 4283//4283
f 4283//4283 4285//4285 4286//4286
f 4283//4283 4286//4286 4284//4284
f 4284//4284 4286//4286 4287//4287
f 4285//4285 4288//4288 4286//4286
f 4286//4286 4288//4288 4289//4289
f 4286//4286 4289//4289 4287//4287
f 4287//4287 4289//4289 4290//4290
f 4288//4288 4291//4291 4289//4289
f 4289//4289 4291//4291 4292//4292
f 4289//4289 4292//4292 4290//4290
f 4290//4290 4292//4292 4293//4293
f 4291//4291 4294//4294 4292//4292
f 4292//4292 4294//4294 4295//4295
f 4292//4292 4295//4295 4293//4293
f 4293//4293 4295//4295 4296//4296
usemtl leaf_0
f 4297//4297 4300//4300 4298//4298
f 4298//4298 4300//4300 4301//4301
f 4298//4298 4301//4301 4299//4299
f 4299//4299 4301//4301 4302//4302
f 4300//4300 4303//4303 4301//4301
f 4301//4301 4303//4303 4304//4304
f 4301//4301 4304//4304 4302//4302
f 4302//4302 4304//4304 4305//4305
f 4303//4303 4306//4306 4304//4304
f 4304//4304 4306//4306 4307//4307
f 4304//4304 4307//4307 4305//4305
f 4305//4305 4307//4307 4308//4308
f 4306//4306 4309//4309 4307//4307
f 4307//4307 4309//4309 4310//4310
f 4307//4307 4310//4310 4308//4308
f 4308//4308 4310//4310 4311//4311
f 4309//4309 4312//4312 4310//4310
f 4310//4310 4312//4312 4313//4313
f 4310//4310 4313//4313 4311//4311
f 4311//4311 4313//4313 4314//4314
usemtl leaf_1
f 4315//4315 4318//4318 4316//4316
f 4316//4316 4318//4318 4319//4319
f 4316//4316 4319//4319 4317//4317
f 4317//4317 4319//4319 4320//4320
f 4318//4318 4321//4321 4319//4319
f 4319//4319 4321//4321 4322//4322
f 4319//4319 4322//4322 4320//4320
f 4320//4320 4322//4322 4323//4323
f 4321//4321 4324//4324 4322//4322
f 4322//4322 4324//4324 4325//4325
f 4322//4322 4325//4325 4323//4323
f 4323//4323 4325//4325 4326//4326
f 4324//4324 4327//4327 4325//4325
f 4325//4325 4327//4327 4328//4328
f 4325//4325 4328//4328 4326//4326
f 4326//4326 4328//4328 4329//4329
f 4327//4327 4330//4330 4328//4328
f 4328//4328 4330//4330 4331//4331
f 4328//4328 4331//4331 4329//4329
f 4329//4329 4331//4331 4332//4332
usemtl leaf_2
f 4333//4333 4336//4336 4334//4334
f 4334//4334 4336//4336 4337//4337
f 4334//4334 4337//4337 4335//4335
f 4335//4335 4337//4337 4338//4338
f 4336//4336 4339//4339 4337//4337
f 4337//4337 4339//4339 4340//4340
f 4337//4337 4340//4340 4338//4338
f 4338//4338 4340//4340 4341//4341
f 4339//4339 4342//4342 4340//4340
f 4340//4340 4342//4342 4343//4343
f 4340//4340 4343//4343 4341//4341
f 4341//4341 4343//4343 4344//4344
f 4342//4342 4345//4345 4343//4343
f 4343//4343 4345//4345 4346//4346
f 4343//4343 4346//4346 4344//4344
f 4344//4344 4346//4346 4347//4347
f 4345//4345 4348//4348 4346//4346
f 4346//4346 4348//4348 4349//4349
f 4346//4346 4349//4349 4347//4347
f 4347//4347 4349//4349 4350//4350
usemtl leaf_3
f 4351//4351 4354//4354 4352//4352
f 4352//4352 4354//4354 4355//4355
f 4352//4352 4355//4355 4353//4353
f 4353//4353 4355//4355 4356//4356
f 4354//4354 4357//4357 4355//4355
f 4355//4355 4357//4357 4358//4358
f 4355//4355 4358//4358 4356//4356
f 4356//4356 4358//4358 4359//4359
f 4357//4357 4360//4360 4358//4358
f 4358//4358 4360//4360 4361//4361
f 4358//4358 4361//4361 4359//4359
f 4359//4359 4361//4361 4362//4362
f 4360//4360 4363//4363 4361//4361
f 4361//4361 4363//4363 4364//4364
f 4361//4361 4364//4364 4362//4362
f 4362//4362 4364//4364 4365//4365
f 4363//4363 4366//4366 4364//4364
f 4364//4364 4366//4366 4367//4367
f 4364//4364 4367//4367 4365//4365
f 4365//4365 4367//4367 4368//4368
usemtl leaf_0
f 4369//4369 4372//4372 4370//4370
f 4370//4370 4372//4372 4373//4373
f 4370//4370 4373//4373 4371//4371
f 4371//4371 4373//4373 4374//4374
f 4372//4372 4375//4375 4373//4373
f 4373//4373 4375//4375 4376//4376
f 4373//4373 4376//4376 4374//4374
f 4374//4374 4376//4376 4377//4377
f 4375//4375 4378//4378 4376//4376
f 4376//4376 4378//4378 4379//4379
f 4376//4376 4379//4379 4377//4377
f 4377//4377 4379//4379 4380//4380
f 4378//4378 4381//4381 4379//4379
f 4379//4379 4381//4381 4382//4382
f 4379//4379 4382//4382 4380//4380
f 4380//4380 4382//4382 4383//4383
f 4381//4381 4384//4384 4382//4382
f 4382//4382 4384//4384 4385//4385
f 4382//4382 4385//4385 4383//4383
f 4383//4383 4385//4385 4386//4386
usemtl leaf_1
f 4387//4387 4390//4390 4388//4388
f 4388//4388 4390//4390 4391//4391
f 4388//4388 4391//4391 4389//4389
f 4389//4389 4391//4391 4392//4392
f 4390//4390 4393//4393 4391//4391
f 4391//4391 4393//4393 4394//4394
f 4391//4391 4394//4394 4392//4392
f 4392//4392 4394//4394 4395//4395
f 4393//4393 4396//4396 4394//4394
f 4394//4394 4396//4396 4397//4397
f 4394//4394 4397//4397 4395//4395
f 4395//4395 4397//4397 4398//4398
f 4396//4396 4399//4399 4397//4397
f 4397//4397 4399//4399 4400//4400
f 4397//4397 4400//4400 4398//4398
f 4398//4398 4400//4400 4401//4401
f 4399//4399 4402//4402 4400//4400
f 4400//4400 4402//4402 4403//4403
f 4400//4400 4403//4403 4401//4401
f 4401//4401 4403//4403 4404//4404
usemtl leaf_2
f 4405//4405 4408//4408 4406//4406
f 4406//4406 4408//4408 4409//4409
f 4406//4406 4409//4409 4407//4407
f 4407//4407 4409//4409 4410//4410
f 4408//4408 4411//4411 4409//4409
f 4409//4409 4411//4411 4412//4412
f 4409//4409 4412//4412 4410//4410
f 4410//4410 4412//4412 4413//4413
f 4411//4411 4414//4414 4412//4412
f 4412//4412 4414//4414 4415//4415
f 4412//4412 4415//4415 4413//4413
f 4413//4413 4415//4415 4416//4416
f 4414//4414 4417//4417 4415//4415
f 4415//4415 4417//4417 4418//4418
f 4415//4415 4418//4418 4416//4416
f 4416//4416 4418//4418 4419//4419
f 4417//4417 4420//4420 4418//4418
f 4418//4418 4420//4420 4421//4421
f 4418//4418 4421//4421 4419//4419
f 4419//4419 4421//4421 4422//4422
usemtl leaf_3
f 4423//4423 4426//4426 4424//4424
f 4424//4424 4426//4426 4427//4427
f 4424//4424 4427//4427 4425//4425
f 4425//4425 4427//4427 4428//4428
f 4426//4426 4429//4429 4427//4427
f 4427//4427 4429//4429 4430//4430
f 4427//4427 4430//4430 4428//4428
f 4428//4428 4430//4430 4431//4431
f 4429//4429 4432//4432 4430//4430
f 4430//4430 4432//4432 4433//4433
f 4430//4430 4433//4433 4431//4431
f 4431//4431 4433//4433 4434//4434
f 4432//4432 4435//4435 4433//4433
f 4433//4433 4435//4435 4436//4436
f 4433//4433 4436//4436 4434//4434
f 4434//4434 4436//4436 4437//4437
f 4435//4435 4438//4438 4436//4436
f 4436//4436 4438//4438 4439//4439
f 4436//4436 4439//4439 4437//4437
f 4437//4437 4439//4439 4440//4440
usemtl leaf_0
f 4441//4441 4444//4444 4442//4442
f 4442//4442 4444//4444 4445//4445
f 4442//4442 4445//4445 4443//4443
f 4443//4443 4445//4445 4446//4446
f 4444//4444 4447//4447 4445//4445
f 4445//4445 4447//4447 4448//4448
f 4445//4445 4448//4448 4446//4446
f 4446//4446 4448//4448 4449//4449
f 4447//4447 4450//4450 4448//4448
f 4448//4448 4450//4450 4451//4451
f 4448//4448 4451//4451 4449//4449
f 4449//4449 4451//4451 4452//4452
f 4450//4450 4453//4453 4451//4451
f 4451//4451 4453//4453 4454//4454
f 4451//4451 4454//4454 4452//4452
f 4452//4452 4454//4454 4455//4455
f 4453//4453 4456//4456 4454//4454
f 4454//4454 4456//4456 4457//4457
f 4454//4454 4457//4457 4455//4455
f 4455//4455 4457//4457 4458//4458
usemtl leaf_1
f 4459//4459 4462//4462 4460//4460
f 4460//4460 4462//4462 4463//4463
f 4460//4460 4463//4463 4461//4461
f 4461//4461 4463//4463 4464//4464
f 4462//4462 4465//4465 4463//4463
f 4463//4463 4465//4465 4466//4466
f 4463//4463 4466//4466 4464//4464
f 4464//4464 4466//4466 4467//4467
f 4465//4465 4468//4468 4466//4466
f 4466//4466 4468//4468 4469//4469
f 4466//4466 4469//4469 4467//4467
f 4467//4467 4469//4469 4470//4470
f 4468//4468 4471//4471 4469//4469
f 4469//4469 4471//4471 4472//4472
f 4469//4469 4472//4472 4470//4470
f 4470//4470 4472//4472 4473//4473
f 4471//4471 4474//4474 4472//4472
f 4472//4472 4474//4474 4475//4475
f 4472//4472 4475//4475 4473//4473
f 4473//4473 4475//4475 4476//4476
usemtl leaf_2
f 4477//4477 4480//4480 4478//4478
f 4478//4478 4480//4480 4481//4481
f 4478//4478 4481//4481 4479//4479
f 4479//4479 4481//4481 4482//4482
f 4480//4480 4483//4483 4481//4481
f 4481//4481 4483//4483 4484//4484
f 4481//4481 4484//4484 4482//4482
f 4482//4482 4484//4484 4485//4485
f 4483//4483 4486//4486 4484//4484
f 4484//4484 4486//4486 4487//4487
f 4484//4484 4487//4487 4485//4485
f 4485//4485 4487//4487 4488//4488
f 4486//4486 4489//4489 4487//4487
f 4487//4487 4489//4489 4490//4490
f 4487//4487 4490//4490 4488//4488
f 4488//4488 4490//4490 4491//4491
f 4489//4489 4492//4492 4490//4490
f 4490//4490 4492//4492 4493//4493
f 4490//4490 4493//4493 4491//4491
f 4491//4491 4493//4493 4494//4494
usemtl leaf_3
f 4495//4495 4498//4498 4496//4496
f 4496//4496 4498//4498 4499//4499
f 4496//4496 4499//4499 4497//4497
f 4497//4497 4499//4499 4500//4500
f 4498//4498 4501//4501 4499//4499
f 4499//4499 4501//4501 4502//4502
f 4499//4499 4502//4502 4500//4500
f 4500//4500 4502//4502 4503//4503
f 4501//4501 4504//4504 4502//4502
f 4502//4502 4504//4504 4505//4505
f 4502//4502 4505//4505 4503//4503
f 4503//4503 4505//4505 4506//4506
f 4504//4504 4507//4507 4505//4505
f 4505//4505 4507//4507 4508//4508
f 4505//4505 4508//4508 4506//4506
f 4506//4506 4508//4508 4509//4509
f 4507//4507 4510//4510 4508//4508
f 4508//4508 4510//4510 4511//4511
f 4508//4508 4511//4511 4509//4509
f 4509//4509 4511//4511 4512//4512
usemtl leaf_0
f 4513//4513 4516//4516 4514//4514
f 4514//4514 4516//4516 4517//4517
f 4514//4514 4517//4517 4515//4515
f 4515//4515 4517//4517 4518//4518
f 4516//4516 4519//4519 4517//4517
f 4517//4517 4519//4519 4520//4520
f 4517//4517 4520//4520 4518//4518
f 4518//4518 4520//4520 4521//4521
f 4519//4519 4522//4522 4520//4520
f 4520//4520 4522//4522 4523//4523
f 4520//4520 4523//4523 4521//4521
f 4521//4521 4523//4523 4524//4524
f 4522//4522 4525//4525 4523//4523
f 4523//4523 4525//4525 4526//4526
f 4523//4523 4526//4526 4524//4524
f 4524//4524 4526//4526 4527//4527
f 4525//4525 4528//4528 4526//4526
f 4526//4526 4528//4528 4529//4529
f 4526//4526 4529//4529 4527//4527
f 4527//4527 4529//4529 4530//4530
usemtl leaf_1
f 4531//4531 4534//4534 4532//4532
f 4532//4532 4534//4534 4535//4535
f 4532//4532 4535//4535 4533//4533
f 4533//4533 4535//4535 4536//4536
f 4534//4534 4537//4537 4535//4535
f 4535//4535 4537//4537 4538//4538
f 4535//4535 4538//4538 4536//4536
f 4536//4536 4538//4538 4539//4539
f 4537//4537 4540//4540 4538//4538
f 4538//4538 4540//4540 4541//4541
f 4538//4538 4541//4541 4539//4539
f 4539//4539 4541//4541 4542//4542
f 4540//4540 4543//4543 4541//4541
f 4541//4541 4543//4543 4544//4544
f 4541//4541 4544//4544 4542//4542
f 4542//4542 4544//4544 4545//4545
f 4543//4543 4546//4546 4544//4544
f 4544//4544 4546//4546 4547//4547
f 4544//4544 4547//4547 4545//4545
f 4545//4545 4547//4547 4548//4548
usemtl leaf_2
f 4549//4549 4552//4552 4550//4550
f 4550//4550 4552//4552 4553//4553
f 4550//4550 4553//4553 4551//4551
f 4551//4551 4553//4553 4554//4554
f 4552//4552 4555//4555 4553//4553
f 4553//4553 4555//4555 4556//4556
f 4553//4553 4556//4556 4554//4554
f 4554//4554 4556//4556 4557//4557
f 4555//4555 4558//4558 4556//4556
f 4556//4556 4558//4558 4559//4559
f 4556//4556 4559//4559 4557//4557
f 4557//4557 4559//4559 4560//4560
f 4558//4558 4561//4561 4559//4559
f 4559//4559 4561//4561 4562//4562
f 4559//4559 4562//4562 4560//4560
f 4560//4560 4562//4562 4563//4563
f 4561//4561 4564//4564 4562//4562
f 4562//4562 4564//4564 4565//4565
f 4562//4562 4565//4565 4563//4563
f 4563//4563 4565//4565 4566//4566
usemtl leaf_3
f 4567//4567 4570//4570 4568//4568
f 4568//4568 4570//4570 4571//4571
f 4568//4568 4571//4571 4569//4569
f 4569//4569 4571//4571 4572//4572
f 4570//4570 4573//4573 4571//4571
f 4571//4571 4573//4573 4574//4574
f 4571//4571 4574//4574 4572//4572
f 4572//4572 4574//4574 4575//4575
f 4573//4573 4576//4576 4574//4574
f 4574//4574 4576//4576 4577//4577
f 4574//4574 4577//4577 4575//4575
f 4575//4575 4577//4577 4578//4578
f 4576//4576 4579//4579 4577//4577
f 4577//4577 4579//4579 4580//4580
f 4577//4577 4580//4580 4578//4578
f 4578//4578 4580//4580 4581//4581
f 4579//4579 4582//4582 4580//4580
f 4580//4580 4582//4582 4583//4583
f 4580//4580 4583//4583 4581//4581
f 4581//4581 4583//4583 4584//4584
usemtl leaf_0
f 4585//4585 4588//4588 4586//4586
f 4586//4586 4588//4588 4589//4589
f 4586//4586 4589//4589 4587//4587
f 4587//4587 4589//4589 4590//4590
f 4588//4588 4591//4591 4589//4589
f 4589//4589 4591//4591 4592//4592
f 4589//4589 4592//4592 4590//4590
f 4590//4590 4592//4592 4593//4593
f 4591//4591 4594//4594 4592//4592
f 4592//4592 4594//4594 4595//4595
f 4592//4592 4595//4595 4593//4593
f 4593//4593 4595//4595 4596//4596
f 4594//4594 4597//4597 4595//4595
f 4595//4595 4597//4597 4598//4598
f 4595//4595 4598//4598 4596//4596
f 4596//4596 4598//4598 4599//4599
f 4597//4597 4600//4600 4598//4598
f 4598//4598 4600//4600 4601//4601
f 4598//4598 4601//4601 4599//4599
f 4599//4599 4601//4601 4602//4602
usemtl leaf_1
f 4603//4603 4606//4606 4604//4604
f 4604//4604 4606//4606 4607//4607
f 4604//4604 4607//4607 4605//4605
f 4605//4605 4607//4607 4608//4608
f 4606//4606 4609//4609 4607//4607
f 4607//4607 4609//4609 4610//4610
f 4607//4607 4610//4610 4608//4608
f 4608//4608 4610//4610 4611//4611
f 4609//4609 4612//4612 4610//4610
f 4610//4610 4612//4612 4613//4613
f 4610//4610 4613//4613 4611//4611
f 4611//4611 4613//4613 4614//4614
f 4612//4612 4615//4615 4613//4613
f 4613//4613 4615//4615 4616//4616
f 4613//4613 4616//4616 4614//4614
f 4614//4614 4616//4616 4617//4617
f 4615//4615 4618//4618 4616//4616
f 4616//4616 4618//4618 4619//4619
f 4616//4616 4619//4619 4617//4617
f 4617//4617 4619//4619 4620//4620
usemtl leaf_2
f 4621//4621 4624//4624 4622//4622
f 4622//4622 4624//4624 4625//4625
f 4622//4622 4625//4625 4623//4623
f 4623//4623 4625//4625 4626//4626
f 4624//4624 4627//4627 4625//4625
f 4625//4625 4627//4627 4628//4628
f 4625//4625 4628//4628 4626//4626
f 4626//4626 4628//4628 4629//4629
f 4627//4627 4630//4630 4628//4628
f 4628//4628 4630//4630 4631//4631
f 4628//4628 4631//4631 4629//4629
f 4629//4629 4631//4631 4632//4632
f 4630//4630 4633//4633 4631//4631
f 4631//4631 4633//4633 4634//4634
f 4631//4631 4634//4634 4632//4632
f 4632//4632 4634//4634 4635//4635
f 4633//4633 4636//4636 4634//4634
f 4634//4634 4636//4636 4637//4637
f 4634//4634 4637//4637 4635//4635
f 4635//4635 4637//4637 4638//4638
usemtl leaf_3
f 4639//4639 4642//4642 4640//4640
f 4640//4640 4642//4642 4643//4643
f 4640//4640 4643//4643 4641//4641
f 4641//4641 4643//4643 4644//4644
f 4642//4642 4645//4645 4643//4643
f 4643//4643 4645//4645 4646//4646
f 4643//4643 4646//4646 4644//4644
f 4644//4644 4646//4646 4647//4647
f 4645//4645 4648//4648 4646//4646
f 4646//4646 4648//4648 4649//4649
f 4646//4646 4649//4649 4647//4647
f 4647//4647 4649//4649 4650//4650
f 4648//4648 4651//4651 4649//4649
f 4649//4649 4651//4651 4652//4652
f 4649//4649 4652//4652 4650//4650
f 4650//4650 4652//4652 4653//4653
f 4651//4651 4654//4654 4652//4652
f 4652//4652 4654//4654 4655//4655
f 4652//4652 4655//4655 4653//4653
f 4653//4653 4655//4655 4656//4656
usemtl leaf_0
f 4657//4657 4660//4660 4658//4658
f 4658//4658 4660//4660 4661//4661
f 4658//4658 4661//4661 4659//4659
f 4659//4659 4661//4661 4662//4662
f 4660//4660 4663//4663 4661//4661
f 4661//4661 4663//4663 4664//4664
f 4661//4661 4664//4664 4662//4662
f 4662//4662 4664//4664 4665//4665
f 4663//4663 4666//4666 4664//4664
f 4664//4664 4666//4666 4667//4667
f 4664//4664 4667//4667 4665//4665
f 4665//4665 4667//4667 4668//4668
f 4666//4666 4669//4669 4667//4667
f 4667//4667 4669//4669 4670//4670
f 4667//4667 4670//4670 4668//4668
f 4668//4668 4670//4670 4671//4671
f 4669//4669 4672//4672 4670//4670
f 4670//4670 4672//4672 4673//4673
f 4670//4670 4673//4673 4671//4671
f 4671//4671 4673//4673 4674//4674
usemtl leaf_1
f 4675//4675 4678//4678 4676//4676
f 4676//4676 4678//4678 4679//4679
f 4676//4676 4679//4679 4677//4677
f 4677//4677 4679//4679 4680//4680
f 4678//4678 4681//4681 4679//4679
f 4679//4679 4681//4681 4682//4682
f 4679//4679 4682//4682 4680//4680
f 4680//4680 4682//4682 4683//4683
f 4681//4681 4684//4684 4682//4682
f 4682//4682 4684//4684 4685//4685
f 4682//4682 4685//4685 4683//4683
f 4683//4683 4685//4685 4686//4686
f 4684//4684 4687//4687 4685//4685
f 4685//4685 4687//4687 4688//4688
f 4685//4685 4688//4688 4686//4686
f 4686//4686 4688//4688 4689//4689
f 4687//4687 4690//4690 4688//4688
f 4688//4688 4690//4690 4691//4691
f 4688//4688 4691//4691 4689//4689
f 4689//4689 4691//4691 4692//4692
usemtl leaf_2
f 4693//4693 4696//4696 4694//4694
f 4694//4694 4696//4696 4697//4697
f 4694//4694 4697//4697 4695//4695
f 4695//4695 4697//4697 4698//4698
f 4696//4696 4699//4699 4697//4697
f 4697//4697 4699//4699 4700//4700
f 4697//4697 4700//4700 4698//4698
f 4698//4698 4700//4700 4701//4701
f 4699//4699 4702//4702 4700//4700
f 4700//4700 4702//4702 4703//4703
f 4700//4700 4703//4703 4701//4701
f 4701//4701 4703//4703 4704//4704
f 4702//4702 4705//4705 4703//4703
f 4703//4703 4705//4705 4706//4706
f 4703//4703 4706//4706 4704//4704
f 4704//4704 4706//4706 4707//4707
f 4705//4705 4708//4708 4706//4706
f 4706//4706 4708//4708 4709//4709
f 4706//4706 4709//4709 4707//4707
f 4707//4707 4709//4709 4710//4710
usemtl leaf_3
f 4711//4711 4714//4714 4712//4712
f 4712//4712 4714//4714 4715//4715
f 4712//4712 4715//4715 4713//4713
f 4713//4713 4715//4715 4716//4716
f 4714//4714 4717//4717 4715//4715
f 4715//4715 4717//4717 4718//4718
f 4715//4715 4718//4718 4716//4716
f 4716//4716 4718//4718 4719//4719
f 4717//4717 4720//4720 4718//4718
f 4718//4718 4720//4720 4721//4721
f 4718//4718 4721//4721 4719//4719
f 4719//4719 4721//4721 4722//4722
f 4720//4720 4723//4723 4721//4721
f 4721//4721 4723//4723 4724//4724
f 4721//4721 4724//4724 4722//4722
f 4722//4722 4724//4724 4725//4725
f 4723//4723 4726//4726 4724//4724
f 4724//4724 4726//4726 4727//4727
f 4724//4724 4727//4727 4725//4725
f 4725//4725 4727//4727 4728//4728
usemtl leaf_0
f 4729//4729 4732//4732 4730//4730
f 4730//4730 4732//4732 4733//4733
f 4730//4730 4733//4733 4731//4731
f 4731//4731 4733//4733 4734//4734
f 4732//4732 4735//4735 4733//4733
f 4733//4733 4735//4735 4736//4736
f 4733//4733 4736//4736 4734//4734
f 4734//4734 4736//4736 4737//4737
f 4735//4735 4738//4738 4736//4736
f 4736//4736 4738//4738 4739//4739
f 4736//4736 4739//4739 4737//4737
f 4737//4737 4739//4739 4740//4740
f 4738//4738 4741//4741 4739//4739
f 4739//4739 4741//4741 4742//4742
f 4739//4739 4742//4742 4740//4740
f 4740//4740 4742//4742 4743//4743
f 4741//4741 4744//4744 4742//4742
f 4742//4742 4744//4744 4745//4745
f 4742//4742 4745//4745 4743//4743
f 4743//4743 4745//4745 4746//4746
usemtl leaf_1
f 4747//4747 4750//4750 4748//4748
f 4748//4748 4750//4750 4751//4751
f 4748//4748 4751//4751 4749//4749
f 4749//4749 4751//4751 4752//4752
f 4750//4750 4753//4753 4751//4751
f 4751//4751 4753//4753 4754//4754
f 4751//4751 4754//4754 4752//4752
f 4752//4752 4754//4754 4755//4755
f 4753//4753 4756//4756 4754//4754
f 4754//4754 4756//4756 4757//4757
f 4754//4754 4757//4757 4755//4755
f 4755//4755 4757//4757 4758//4758
f 4756//4756 4759//4759 4757//4757
f 4757//4757 4759//4759 4760//4760
f 4757//4757 4760//4760 4758//4758
f 4758//4758 4760//4760 4761//4761
f 4759//4759 4762//4762 4760//4760
f 4760//4760 4762//4762 4763//4763
f 4760//4760 4763//4763 4761//4761
f 4761//4761 4763//4763 4764//4764
usemtl leaf_2
f 4765//4765 4768//4768 4766//4766
f 4766//4766 4768//4768 4769//4769
f 4766//4766 4769//4769 4767//4767
f 4767//4767 4769//4769 4770//4770
f 4768//4768 4771//4771 4769//4769
f 4769//4769 4771//4771 4772//4772
f 4769//4769 4772//4772 4770//4770
f 4770//4770 4772//4772 4773//4773
f 4771//4771 4774//4774 4772//4772
f 4772//4772 4774//4774 4775//4775
f 4772//4772 4775//4775 4773//4773
f 4773//4773 4775//4775 4776//4776
f 4774//4774 4777//4777 4775//4775
f 4775//4775 4777//4777 4778//4778
f 4775//4775 4778//4778 4776//4776
f 4776//4776 4778//4778 4779//4779
f 4777//4777 4780//4780 4778//4778
f 4778//4778 4780//4780 4781//4781
f 4778//4778 4781//4781 4779//4779
f 4779//4779 4781//4781 4782//4782
usemtl leaf_3
f 4783//4783 4786//4786 4784//4784
f 4784//4784 4786//4786 4787//4787
f 4784//4784 4787//4787 4785//4785
f 4785//4785 4787//4787 4788//4788
f 4786//4786 4789//4789 4787//4787
f 4787//4787 4789//4789 4790//4790
f 4787//4787 4790//4790 4788//4788
f 4788//4788 4790//4790 4791//4791
f 4789//4789 4792//4792 4790//4790
f 4790//4790 4792//4792 4793//4793
f 4790//4790 4793//4793 4791//4791
f 4791//4791 4793//4793 4794//4794
f 4792//4792 4795//4795 4793//4793
f 4793//4793 4795//4795 4796//4796
f 4793//4793 4796//4796 4794//4794
f 4794//4794 4796//4796 4797//4797
f 4795//4795 4798//4798 4796//4796
f 4796//4796 4798//4798 4799//4799
f 4796//4796 4799//4799 4797//4797
f 4797//4797 4799//4799 4800//4800
usemtl leaf_0
f 4801//4801 4804//4804 4802//4802
f 4802//4802 4804//4804 4805//4805
f 4802//4802 4805//4805 4803//4803
f 4803//4803 4805//4805 4806//4806
f 4804//4804 4807//4807 4805//4805
f 4805//4805 4807//4807 4808//4808
f 4805//4805 4808//4808 4806//4806
f 4806//4806 4808//4808 4809//4809
f 4807//4807 4810//4810 4808//4808
f 4808//4808 4810//4810 4811//4811
f 4808//4808 4811//4811 4809//4809
f 4809//4809 4811//4811 4812//4812
f 4810//4810 4813//4813 4811//4811
f 4811//4811 4813//4813 4814//4814
f 4811//4811 4814//4814 4812//4812
f 4812//4812 4814//4814 4815//4815
f 4813//4813 4816//4816 4814//4814
f 4814//4814 4816//4816 4817//4817
f 4814//4814 4817//4817 4815//4815
f 4815//4815 4817//4817 4818//4818
usemtl leaf_1
f 4819//4819 4822//4822 4820//4820
f 4820//4820 4822//4822 4823//4823
f 4820//4820 4823//4823 4821//4821
f 4821//4821 4823//4823 4824//4824
f 4822//4822 4825//4825 4823//4823
f 4823//4823 4825//4825 4826//4826
f 4823//4823 4826//4826 4824//4824
f 4824//4824 4826//4826 4827//4827
f 4825//4825 4828//4828 4826//4826
f 4826//4826 4828//4828 4829//4829
f 4826//4826 4829//4829 4827//4827
f 4827//4827 4829//4829 4830//4830
f 4828//4828 4831//4831 4829//4829
f 4829//4829 4831//4831 4832//4832
f 4829//4829 4832//4832 4830//4830
f 4830//4830 4832//4832 4833//4833
f 4831//4831 4834//4834 4832//4832
f 4832//4832 4834//4834 4835//4835
f 4832//4832 4835//4835 4833//4833
f 4833//4833 4835//4835 4836//4836
usemtl leaf_2
f 4837//4837 4840//4840 4838//4838
f 4838//4838 4840//4840 4841//4841
f 4838//4838 4841//4841 4839//4839
f 4839//4839 4841//4841 4842//4842
f 4840//4840 4843//4843 4841//4841
f 4841//4841 4843//4843 4844//4844
f 4841//4841 4844//4844 4842//4842
f 4842//4842 4844//4844 4845//4845
f 4843//4843 4846//4846 4844//4844
f 4844//4844 4846//4846 4847//4847
f 4844//4844 4847//4847 4845//4845
f 4845//4845 4847//4847 4848//4848
f 4846//4846 4849//4849 4847//4847
f 4847//4847 4849//4849 4850//4850
f 4847//4847 4850//4850 4848//4848
f 4848//4848 4850//4850 4851//4851
f 4849//4849 4852//4852 4850//4850
f 4850//4850 4852//4852 4853//4853
f 4850//4850 4853//4853 4851//4851
f 4851//4851 4853//4853 4854//4854
usemtl leaf_3
f 4855//4855 4858//4858 4856//4856
f 4856//4856 4858//4858 4859//4859
f 4856//4856 4859//4859 4857//4857
f 4857//4857 4859//4859 4860//4860
f 4858//4858 4861//4861 4859//4859
f 4859//4859 4861//4861 4862//4862
f 4859//4859 4862//4862 4860//4860
f 4860//4860 4862//4862 4863//4863
f 4861//4861 4864//4864 4862//4862
f 4862//4862 4864//4864 4865//4865
f 4862//4862 4865//4865 4863//4863
f 4863//4863 4865//4865 4866//4866
f 4864//4864 4867//4867 4865//4865
f 4865//4865 4867//4867 4868//4868
f 4865//4865 4868//4868 4866//4866
f 4866//4866 4868//4868 4869//4869
f 4867//4867 4870//4870 4868//4868
f 4868//4868 4870//4870 4871//4871
f 4868//4868 4871//4871 4869//4869
f 4869//4869 4871//4871 4872//4872
usemtl leaf_0
f 4873//4873 4876//4876 4874//4874
f 4874//4874 4876//4876 4877//4877
f 4874//4874 4877//4877 4875//4875
f 4875//4875 4877//4877 4878//4878
f 4876//4876 4879//4879 4877//4877
f 4877//4877 4879//4879 4880//4880
f 4877//4877 4880//4880 4878//4878
f 4878//4878 4880//4880 4881//4881
f 4879//4879 4882//4882 4880//4880
f 4880//4880 4882//4882 4883//4883
f 4880//4880 4883//4883 4881//4881
f 4881//4881 4883//4883 4884//4884
f 4882//4882 4885//4885 4883//4883
f 4883//4883 4885//4885 4886//4886
f 4883//4883 4886//4886 4884//4884
f 4884//4884 4886//4886 4887//4887
f 4885//4885 4888//4888 4886//4886
f 4886//4886 4888//4888 4889//4889
f 4886//4886 4889//4889 4887//4887
f 4887//4887 4889//4889 4890//4890
usemtl leaf_1
f 4891//4891 4894//4894 4892//4892
f 4892//4892 4894//4894 4895//4895
f 4892//4892 4895//4895 4893//4893
f 4893//4893 4895//4895 4896//4896
f 4894//4894 4897//4897 4895//4895
f 4895//4895 4897//4897 4898//4898
f 4895//4895 4898//4898 4896//4896
f 4896//4896 4898//4898 4899//4899
f 4897//4897 4900//4900 4898//4898
f 4898//4898 4900//4900 4901//4901
f 4898//4898 4901//4901 4899//4899
f 4899//4899 4901//4901 4902//4902
f 4900//4900 4903//4903 4901//4901
f 4901//4901 4903//4903 4904//4904
f 4901//4901 4904//4904 4902//4902
f 4902//4902 4904//4904 4905//4905
f 4903//4903 4906//4906 4904//4904
f 4904//4904 4906//4906 4907//4907
f 4904//4904 4907//4907 4905//4905
f 4905//4905 4907//4907 4908//4908
usemtl leaf_2
f 4909//4909 4912//4912 4910//4910
f 4910//4910 4912//4912 4913//4913
f 4910//4910 4913//4913 4911//4911
f 4911//4911 4913//4913 4914//4914
f 4912//4912 4915//4915 4913//4913
f 4913//4913 4915//4915 4916//4916
f 4913//4913 4916//4916 4914//4914
f 4914//4914 4916//4916 4917//4917
f 4915//4915 4918//4918 4916//4916
f 4916//4916 4918//4918 4919//4919
f 4916//4916 4919//4919 4917//4917
f 4917//4917 4919//4919 4920//4920
f 4918//4918 4921//4921 4919//4919
f 4919//4919 4921//4921 4922//4922
f 4919//4919 4922//4922 4920//4920
f 4920//4920 4922//4922 4923//4923
f 4921//4921 4924//4924 4922//4922
f 4922//4922 4924//4924 4925//4925
f 4922//4922 4925//4925 4923//4923
f 4923//4923 4925//4925 4926//4926
usemtl leaf_3
f 4927//4927 4930//4930 4928//4928
f 4928//4928 4930//4930 4931//4931
f 4928//4928 4931//4931 4929//4929
f 4929//4929 4931//4931 4932//4932
f 4930//4930 4933//4933 4931//4931
f 4931//4931 4933//4933 4934//4934
f 4931//4931 4934//4934 4932//4932
f 4932//4932 4934//4934 4935//4935
f 4933//4933 4936//4936 4934//4934
f 4934//4934 4936//4936 4937//4937
f 4934//4934 4937//4937 4935//4935
f 4935//4935 4937//4937 4938//4938
f 4936//4936 4939//4939 4937//4937
f 4937//4937 4939//4939 4940//4940
f 4937//4937 4940//4940 4938//4938
f 4938//4938 4940//4940 4941//4941
f 4939//4939 4942//4942 4940//4940
f 4940//4940 4942//4942 4943//4943
f 4940//4940 4943//4943 4941//4941
f 4941//4941 4943//4943 4944//4944
usemtl leaf_0
f 4945//4945 4948//4948 4946//4946
f 4946//4946 4948//4948 4949//4949
f 4946//4946 4949//4949 4947//4947
f 4947//4947 4949//4949 4950//4950
f 4948//4948 4951//4951 4949//4949
f 4949//4949 4951//4951 4952//4952
f 4949//4949 4952//4952 4950//4950
f 4950//4950 4952//4952 4953//4953
f 4951//4951 4954//4954 4952//4952
f 4952//4952 4954//4954 4955//4955
f 4952//4952 4955//4955 4953//4953
f 4953//4953 4955//4955 4956//4956
f 4954//4954 4957//4957 4955//4955
f 4955//4955 4957//4957 4958//4958
f 4955//4955 4958//4958 4956//4956
f 4956//4956 4958//4958 4959//4959
f 4957//4957 4960//4960 4958//4958
f 4958//4958 4960//4960 4961//4961
f 4958//4958 4961//4961 4959//4959
f 4959//4959 4961//4961 4962//4962
usemtl leaf_1
f 4963//4963 4966//4966 4964//4964
f 4964//4964 4966//4966 4967//4967
f 4964//4964 4967//4967 4965//4965
f 4965//4965 4967//4967 4968//4968
f 4966//4966 4969//4969 4967//4967
f 4967//4967 4969//4969 4970//4970
f 4967//4967 4970//4970 4968//4968
f 4968//4968 4970//4970 4971//4971
f 4969//4969 4972//4972 4970//4970
f 4970//4970 4972//4972 4973//4973
f 4970//4970 4973//4973 4971//4971
f 4971//4971 4973//4973 4974//4974
f 4972//4972 4975//4975 4973//4973
f 4973//4973 4975//4975 4976//4976
f 4973//4973 4976//4976 4974//4974
f 4974//4974 4976//4976 4977//4977
f 4975//4975 4978//4978 4976//4976
f 4976//4976 4978//4978 4979//4979
f 4976//4976 4979//4979 4977//4977
f 4977//4977 4979//4979 4980//4980
usemtl leaf_2
f 4981//4981 4984//4984 4982//4982
f 4982//4982 4984//4984 4985//4985
f 4982//4982 4985//4985 4983//4983
f 4983//4983 4985//4985 4986//4986
f 4984//4984 4987//4987 4985//4985
f 4985//4985 4987//4987 4988//4988
f 4985//4985 4988//4988 4986//4986
f 4986//4986 4988//4988 4989//4989
f 4987//4987 4990//4990 4988//4988
f 4988//4988 4990//4990 4991//4991
f 4988//4988 4991//4991 4989//4989
f 4989//4989 4991//4991 4992//4992
f 4990//4990 4993//4993 4991//4991
f 4991//4991 4993//4993 4994//4994
f 4991//4991 4994//4994 4992//4992
f 4992//4992 4994//4994 4995//4995
f 4993//4993 4996//4996 4994//4994
f 4994//4994 4996//4996 4997//4997
f 4994//4994 4997//4997 4995//4995
f 4995//4995 4997//4997 4998//4998
